r_wgmf|M,prop_SA|M,r_wgmf|E,prop_SA|E,r_wgmf|F,prop_SA|F,r_female_across|M-F,r_female_across|M-E,r_female_across|F-E,r_male_across|M-F,r_male_across|M-E,r_male_across|F-E,linevar_rel_female|M,linevar_rel_male|M,linecov_rel_mf|M,cross_over_within_female|M,cross_over_within_male|M,linevar_rel_female|E,linevar_rel_male|E,linecov_rel_mf|E,cross_over_within_female|E,cross_over_within_male|E,linevar_rel_female|F,linevar_rel_male|F,linecov_rel_mf|F,cross_over_within_female|F,cross_over_within_male|F,within_cv2_female|E,within_cv2_female|F,within_cv2_female|M,within_cv2_male|E,within_cv2_male|F,within_cv2_male|M,regime,pop,assay,r_hemigenome_true,r_pop
-0.015023282579116162,0.507511641289558,-0.13679807128629667,0.5683990356431484,-0.1930784353128699,0.5965392176564349,0.8319079184657237,0.8428763047102635,0.8911196659468266,0.5976639504560787,0.8274934712272534,0.5277797804464872,0.035171206503913394,0.30912798999866675,-0.003117059914495835,-0.08862533374136623,-0.01008339592448189,0.021844845872126987,0.22096617616738834,-0.009710498685701759,-0.4445212725484095,-0.04394563391614186,0.01363468678170312,0.08943189112939871,-0.006905987324795872,-0.5065013546232149,-0.07722063391015205,0.050817433357732096,0.043383592461138445,0.10188602649106254,0.6136201191316946,0.6516946040482154,1.1211102686512486,shared,0,0,-0.12339069645267232,0.02233795274552314
-0.3077522756259503,0.6538761378129752,-0.1665268549221823,0.583263427461091,-0.21728588529335358,0.6086429426466768,0.8513797056712461,0.8492872697674363,0.8373485321124723,0.39287804286467326,0.6517942098946573,0.4083000213517866,0.046507244812500265,0.2730867655383714,-0.034718828622528904,-0.7465251653264384,-0.12713479012460807,0.026546956732945833,0.12542504391605594,-0.009000159458451895,-0.339027917549673,-0.07175727571979558,0.021431195215626954,0.09799562622876337,-0.009202737268910069,-0.4294084943148538,-0.09390967355448064,0.05047507638653562,0.04052128330808747,0.10164169926290831,0.6322481526448837,0.6324879096355891,0.9636196277057604,shared,0,1,-0.12339069645267232,0.02233795274552314
-0.22394121085136098,0.6119706054256804,-0.22811038886987256,0.6140551944349364,-0.3491161666432523,0.674558083321626,0.9005870642167386,0.8846200476294529,0.8648846411866461,0.5558000414335184,0.8143569218775161,0.5720683793675819,0.07013829757534022,0.4325255836052979,-0.037901073507185225,-0.5403762967938187,-0.08762735649360322,0.03843459344924973,0.17158103864578247,-0.017802262503311978,-0.46318331757089237,-0.10375425305626895,0.028785115346530697,0.1578897415762146,-0.022871891475932212,-0.7945735565269788,-0.14485989556764062,0.05231635872163588,0.044645593863805975,0.09623247935530174,0.6455716224744945,0.7139432640879125,1.0298503671169634,shared,0,2,-0.12339069645267232,0.02233795274552314
-0.246115473378179,0.6230577366890895,-0.2174617060058791,0.6087308530029396,0.04671888927759326,0.4766405553612033,0.8600768114843502,0.8840582910878341,0.8312447819181054,0.44998162426276855,0.7401643200682233,0.30532591126904424,0.039240946882534516,0.3805523295888951,-0.030535173705079736,-0.7781456904310947,-0.080239092841887,0.019935336265362084,0.15089225911008275,-0.011639817656743741,-0.5838786716112776,-0.07713992570190076,0.01631443676141774,0.06516551910406841,0.0011031162347820381,0.06761595578897425,0.016927912950718264,0.0430683643893653,0.039248002808872154,0.08044651002711434,0.6056884395881362,0.5804898700141583,1.0774032837193759,shared,0,3,-0.12339069645267232,0.02233795274552314
-0.018853224444107478,0.5094266122220538,-0.33469136760358953,0.6673456838017948,-0.32113882627879786,0.6605694131393989,0.7883180204898699,0.9065780428686825,0.8775148677212977,0.5060173156406863,0.6780576641754458,0.44813810441115304,0.035855246829196656,0.29071738177106415,-0.0014922978421397805,-0.041620068863244125,-0.005133156583375342,0.026392913721833524,0.1513868707830782,-0.02115118297150243,-0.8013962836549239,-0.1397160986424635,0.016159959855264347,0.06418547202834113,-0.010423279212591887,-0.6450065040969981,-0.16239312235624725,0.04463628003916935,0.05241911094524843,0.10185257025110411,0.728270047807793,0.556193746422752,1.0336990593395463,shared,0,4,-0.12339069645267232,0.02233795274552314
0.019833085536794335,0.4900834572316028,0.1072498177808001,0.4463750911096,0.0008508273298790944,0.4995745863350604,0.792369608386651,0.8168431224947958,0.8314665265187026,0.5205405529841729,0.6003203344724342,0.5636834572602782,0.039895068265298435,0.2575140898780229,0.002516806559850132,0.06308565617969634,0.00977347127313411,0.021239446423190738,0.17234350022017603,0.006415965598406108,0.30207781646327186,0.037227778188382174,0.02147560629778988,0.09761865585795775,7.266960800632246e-05,0.0033838210199355866,0.000744423362190748,0.04646332599345673,0.05541181355572243,0.10238702067350482,0.5779248084876629,0.6588394099350295,1.0313547374939382,shared,0,5,-0.12339069645267232,0.02233795274552314
-0.022123774409587488,0.5110618872047937,-0.10402320915986547,0.5520116045799327,-0.002723114903883765,0.5013615574519419,0.8981071858976014,0.8880231225096896,0.8946830539836578,0.5500180865896644,0.5954344259476368,0.44158633427848565,0.06961640650976392,0.2422877231274727,-0.0010985056660564967,-0.015779407773689493,-0.00453388909630617,0.03402125067559061,0.1735501335283105,-0.007424218517344321,-0.21822297446198857,-0.04277852379833081,0.026218535960376738,0.07476569435871987,-0.0006007140842357287,-0.022911808849417424,-0.008034621886256418,0.04691203496649423,0.046345931573947376,0.09626659597923126,0.5813007188795078,0.7117666846142815,1.1945084155518269,shared,0,6,-0.12339069645267232,0.02233795274552314
0.061038210252077035,0.46948089487396144,0.07818726706643482,0.46090636646678257,-0.12205739248097258,0.5610286962404862,0.8839091323076139,0.9175475224353717,0.8900837075371321,0.5603835886214413,0.7121171999659822,0.642130536884313,0.04956519397480324,0.3018995882805804,0.0079954574925144,0.1613119379009984,0.026483830395567006,0.0321324691044115,0.2436974668458846,0.006351656947109365,0.19767098900710806,0.026063697047479698,0.022273557453462704,0.11244503618427108,-0.006356858289113144,-0.2853993261918244,-0.056533027200024566,0.04844434253666734,0.04439168039857155,0.09421796929248649,0.6262507636574386,0.6041035023504708,1.1249896529060222,shared,0,7,-0.12339069645267232,0.02233795274552314
-0.31963327063932895,0.6598166353196644,-0.4007140140071166,0.7003570070035583,-0.17567737630587152,0.5878386881529357,0.8687823115621809,0.8959922840666902,0.8650028832001224,0.4826230902612241,0.7288290934557305,0.49366805864844654,0.0545761600695955,0.401025183018688,-0.04725995786983754,-0.8659450904858762,-0.11784785562365843,0.030067632050266548,0.21491305949501432,-0.03204292985539278,-1.0656951568990856,-0.14909717413490237,0.022247158008287356,0.11175520504021699,-0.008909593129742672,-0.4004823054892554,-0.07972418937029738,0.04637632118809593,0.04461053748346137,0.09142508686083037,0.6039607924155754,0.6563579186474291,1.035702647378352,shared,0,8,-0.12339069645267232,0.02233795274552314
-0.328260415347423,0.6641302076737114,0.03312393122025502,0.4834380343898725,-0.3679566768822885,0.6839783384411443,0.8928221516512271,0.9205358352322915,0.8144077325628407,0.8010999973665263,0.7022572249410051,0.7834631113846003,0.051350007986980264,0.401698665839177,-0.046483310725155255,-0.9052249950368274,-0.11571686609426078,0.030890695053490985,0.2074347362918232,0.0025583543556025345,0.08281957887876701,0.012333297698045094,0.027122730610379595,0.13005377387475792,-0.021819467352327877,-0.8044716317750761,-0.16777265820321427,0.04397155498293676,0.042728740319854644,0.08415302600691198,0.5435198088217338,0.7008140316172922,1.1074096423513213,shared,0,9,-0.12339069645267232,0.02233795274552314
-0.31254722494475634,0.6562736124723781,-0.0323737474428168,0.5161868737214084,-0.13073247956752596,0.565366239783763,0.8804341408851055,0.8565294540395622,0.8158158349710849,0.23929568752477312,0.5386607256719712,0.49659419472705446,0.05016126397528343,0.2879479125216067,-0.03760567117523509,-0.7496954461467517,-0.13059886715592453,0.022283817371956394,0.14990150226924018,-0.0016180852416125327,-0.07261256967797856,-0.010794323052922227,0.01882804249013089,0.10572630721506293,-0.005896309650037249,-0.31316636623950267,-0.055769560153494095,0.051120479367814796,0.04439001467511236,0.0950253217088898,0.6139069666587939,0.6586861416371026,1.0669507594558887,shared,0,10,-0.12339069645267232,0.02233795274552314
0.08927203652984748,0.4553639817350763,-0.015221024932264387,0.5076105124661322,-0.2159150683260325,0.6079575341630162,0.8606753771895633,0.8801887837086393,0.8426757704746151,0.5282726886859261,0.763692056634935,0.4433185395049705,0.0542374081243611,0.2981653039524204,0.01129417876714001,0.20823596034020572,0.0378789168874668,0.031643558193074024,0.1674173032190898,-0.0019974874789117354,-0.06312461660360734,-0.011931188954213016,0.025995857352694437,0.07578351779146902,-0.009469219520907915,-0.3642587890999657,-0.12495091013014269,0.047433900996854794,0.04146421042283251,0.09775602856929469,0.632811852292479,0.6173637328679357,0.9199180770239054,shared,0,11,-0.12339069645267232,0.02233795274552314
0.1998343985039079,0.400082800748046,0.26572097749669743,0.3671395112516513,0.007578876754997866,0.496210561622501,0.7401470181251993,0.7708274207504134,0.7842180333249258,0.42136777903833045,0.6879433929814485,0.4920075612807422,0.03751774781608935,0.4511242057237653,0.0257111787431868,0.6853070943709647,0.056993569436020027,0.0202438336402925,0.2131632635798179,0.01708465711708325,0.8439437618712023,0.08014822455880624,0.01421732399608977,0.08991445278387462,0.00027586062071438777,0.019403132459403647,0.0030680342500383983,0.042739580951253416,0.047049945331431094,0.09495722512349913,0.7075427701078766,0.7218788646720764,1.0312018296864751,shared,0,12,-0.12339069645267232,0.02233795274552314
-0.09544560884158115,0.5477228044207906,-0.2189534880716293,0.6094767440358146,-0.05472901667327242,0.5273645083366362,0.8472446024006675,0.8658115534770031,0.902489785637001,0.4081077869137583,0.685456583024261,0.517130592318108,0.05973473336826069,0.3974601532143886,-0.015270563120918654,-0.25563959625929256,-0.03842036238707372,0.03362712011296107,0.17221087612504882,-0.016370692322805344,-0.4868300427694225,-0.09506189557341295,0.028295728942514444,0.07994936801381046,-0.0023856746099901373,-0.08431218064170992,-0.02983981824068998,0.0479469569900894,0.04732869247681461,0.07808287013599743,0.5850171318231941,0.56275758522101,1.1753564709799518,shared,0,13,-0.12339069645267232,0.02233795274552314
0.14220080388440848,0.4288995980577958,0.10740447014693769,0.4462977649265313,0.05449029746918072,0.47275485126540967,0.843809372496783,0.86323738783124,0.8311768118366569,0.5554333036884394,0.6929879266417529,0.5817518632965594,0.05942796027911827,0.3737021530976405,0.021690242090447818,0.36498378858325564,0.05804152293653126,0.029931078859390052,0.204347673345324,0.0085109861604599,0.284352802665174,0.041649537874000234,0.02486494196799798,0.09682760046587968,0.002352276332875471,0.09460212438472329,0.024293448578273622,0.04484810604322103,0.04857382297704106,0.09183990735902615,0.6386448162560961,0.6908999548952168,1.3251152327270928,shared,0,14,-0.12339069645267232,0.02233795274552314
-0.31048665058584307,0.6552433252929215,-0.22960535229164897,0.6148026761458244,0.0017334456902623034,0.49913327715486894,0.7961332590732948,0.8728570730484708,0.8658768375027361,0.27701756713185177,0.6808595346473868,0.25383052446607873,0.037662631134286,0.304067251378042,-0.03411538347146523,-0.9058151925134207,-0.11219683578831088,0.033971693283908734,0.15113089387708062,-0.017038783589399975,-0.5015582663779283,-0.11274189646001921,0.02319777498712881,0.06530427331930255,-0.0003849017340637352,-0.016592183270908365,-0.005893974689554756,0.04567311270752956,0.04004983953630545,0.08101368026447747,0.5842521547114865,0.5957839246300152,1.131719856907291,shared,0,15,-0.12339069645267232,0.02233795274552314
-0.0018000555748524346,0.5009000277874263,-0.4692193950877828,0.7346096975438914,-0.0490233469023841,0.524511673451192,0.8596502933889113,0.9223369727814917,0.8597980377795398,0.263966952579263,0.618147911223763,0.18699502701366616,0.050202410389037465,0.18501909839048786,0.0001751023088250779,0.0034879263260099245,0.0009464012653197547,0.03390461410517656,0.12418588416299688,-0.030412758132375754,-0.8970094170082983,-0.2448970616697329,0.02342144119663095,0.08525710420689514,-0.0016646141402514908,-0.07107223361177863,-0.019524638512374733,0.046725379521762464,0.04804108793440781,0.09539350099565969,0.5433125088051939,0.6680856229293071,0.8982500573019272,shared,0,16,-0.12339069645267232,0.02233795274552314
0.008716467990109585,0.4956417660049452,-0.01030380475462921,0.5051519023773147,-0.21041165469197004,0.6052058273459849,0.8338327035963478,0.836350538664466,0.8633015645234423,0.37745789996629514,0.6000777101954486,0.3818720469441702,0.05191220038950517,0.34164851180554795,0.001365978149027277,0.026313239253549923,0.003998197275346935,0.019877874465399258,0.16608004885163172,-0.0005331330864649049,-0.02682042727419934,-0.0032100971197400207,0.014415956305260219,0.149013491114623,-0.009601103444498582,-0.6660053097549448,-0.06443110199406908,0.05416261583758519,0.04490961311176074,0.09779804658855316,0.6307657429088824,0.6690020115374546,1.3202025310260583,shared,0,17,-0.12339069645267232,0.02233795274552314
-0.14453827890894594,0.572269139454473,-0.22378123632530222,0.611890618162651,-0.11724233298624102,0.5586211664931204,0.8376702850867678,0.7970737105628897,0.8736030012774325,0.40650803088897447,0.7130548930659912,0.43454413952662857,0.05578902951709826,0.2990674098431959,-0.017781072527323395,-0.31871987523772644,-0.05945506578816526,0.023813455691876942,0.15099892161689188,-0.013036736983414057,-0.5474525475049404,-0.08633662309516567,0.020033015317439663,0.0895256747618206,-0.004750003091870326,-0.23710874357167935,-0.0530574397177962,0.048123873228900056,0.04478681033745063,0.10304653396977685,0.6213009632345445,0.5466194645471925,0.9981248183916341,shared,0,18,-0.12339069645267232,0.02233795274552314
-0.31804176668911466,0.6590208833445572,-0.2645892393805124,0.6322946196902562,-0.027353753008764747,0.5136768765043823,0.8857320279562307,0.8438293388417083,0.823846190859904,0.21236859615358614,0.5267345319981308,0.20962769790122918,0.05095644175401314,0.3196078369176222,-0.03911516198721742,-0.7676195715556778,-0.12238486504102596,0.029380891239140356,0.13918815987890856,-0.017594962178296834,-0.5988573333288592,-0.12641134270044352,0.01866387499924643,0.10504482577484132,-0.0010415596499944138,-0.055806184408996935,-0.009915382716964549,0.050829570694475315,0.0399144351908369,0.08948194843739161,0.6373632128054643,0.610055211529299,1.2479073057284187,shared,0,19,-0.12339069645267232,0.02233795274552314
-0.11605731684569859,0.5580286584228493,-0.18115508029252067,0.5905775401462603,-0.09422566339159597,0.5471128316957979,0.860106715583061,0.8851759524981637,0.86299900545091,0.5617226668414104,0.7517002520565068,0.5530959065016713,0.056011332969233496,0.3425734923448803,-0.017074194146910474,-0.30483463331053323,-0.04984096705801541,0.02985927412918528,0.20831877993071393,-0.014172493823650495,-0.47464294551614394,-0.06803272287003703,0.026394184851637904,0.10013629804045195,-0.005187123480921222,-0.19652523880082368,-0.05180063156344951,0.04190523439103013,0.04740118164489722,0.09523331591065454,0.7130424508604829,0.6972328779130798,1.2078691324239703,shared,0,20,-0.12339069645267232,0.02233795274552314
0.1463661978675685,0.42681690106621567,0.05608607193539032,0.47195696403230486,-0.06682711971510498,0.5334135598575525,0.857436648595735,0.8851767262792828,0.9126477024694696,0.41090178079784695,0.7708024062507566,0.49882590308518066,0.0457336791512036,0.26821655850514664,0.015492711766524666,0.3387593575251847,0.057761951211626576,0.029339603109352737,0.11367645338345668,0.003272949137974666,0.11155396771305781,0.028791794963326834,0.020417834461798144,0.09795429298145512,-0.0029664121831884205,-0.14528534790203096,-0.030283636305251334,0.04685715757903358,0.04303799178819911,0.10080501185878692,0.7288206664405167,0.7377583421289271,1.1877278251073768,shared,0,21,-0.12339069645267232,0.02233795274552314
-0.21673217448540438,0.6083660872427024,-0.2336641980745437,0.6168320990372719,-0.015904477281934795,0.5079522386409674,0.9019747433956672,0.8782862450403754,0.883511849803144,0.48436996879564925,0.6371222195219798,0.4691605264571433,0.05539220711246317,0.3964650067690073,-0.03326462427508676,-0.6005289554097271,-0.08390305249428419,0.04022303618285553,0.18153938220381774,-0.019842108620183964,-0.49330211001429486,-0.10929919656720462,0.03360997104328857,0.09422329013105606,-0.0012284823343777175,-0.0365511274257116,-0.013037990211008444,0.04636271099100059,0.05035228471758731,0.09787724086713437,0.6003269716031501,0.6722491888483737,1.165780430649313,shared,0,22,-0.12339069645267232,0.02233795274552314
-0.1696638544551476,0.5848319272275737,-0.35731119305710457,0.6786555965285523,0.08081756999748756,0.45959121500125627,0.8747361764640444,0.8983047710288997,0.9170924520978027,0.40598935689037774,0.7047395938332679,0.3271204116363259,0.05829306101409776,0.2836886995451511,-0.022946768938330076,-0.3936449474283151,-0.08088714487084436,0.027492544232356492,0.17534103744225885,-0.0243029659199241,-0.8839838799394013,-0.13860398155752474,0.029451222139008422,0.08733000314966927,0.004209593261895101,0.1429344168478311,0.04820328764537602,0.043140846903164776,0.04379836007881301,0.08793979272202082,0.5903523857047355,0.6266514594335757,1.125038582770301,shared,0,23,-0.12339069645267232,0.02233795274552314
-0.39323701113510284,0.6966185055675513,0.08449682811303175,0.45775158594348425,-0.022095508091424805,0.5110477540457125,0.8746302177420107,0.8585184255082376,0.8975927003699709,0.13486643366487444,0.5765934074725465,0.03837536239381675,0.06441036022007685,0.26916049710112405,-0.05121811909609024,-0.7951844846246559,-0.19028839539127285,0.038169186448724614,0.13222449491983654,0.006552945193916383,0.17168155267651358,0.049559237854447644,0.03231488750902731,0.09132622086600532,-0.0010755553524226232,-0.03328358646218905,-0.011777070618094314,0.05055142837838955,0.04396443321064224,0.08382334849602911,0.6199435418052011,0.6675784225928331,1.2239040191082058,shared,0,24,-0.12339069645267232,0.02233795274552314
-0.13778617806441842,0.5688930890322091,0.035827355173033565,0.48208632241348326,0.03965568739314767,0.48017215630342613,0.8552747599896028,0.9001796255040724,0.8697935447685929,0.5369624272572959,0.5611270431807451,0.22497471506939704,0.03437988700746035,0.32163933107906506,-0.01513055475541334,-0.44009902511110777,-0.047041991738547555,0.028244921817529783,0.14320203071382995,0.002038847657918049,0.07218457431355568,0.014237561071968403,0.018339422103316617,0.09071808026894396,0.00185520816405638,0.10115957599999142,0.020450258190609926,0.047403431960643595,0.04573459452124544,0.10063067410393457,0.6095604038007694,0.5818962861871498,1.0839346262447804,shared,0,25,-0.12339069645267232,0.02233795274552314
-0.046677097068775104,0.5233385485343875,-0.18867313090172255,0.5943365654508612,-0.04375861134047333,0.5218793056702367,0.8836957875938365,0.9416325608440066,0.9039979039990143,0.6134114492014171,0.5872530216632504,0.4215080113480595,0.08026999243420818,0.462905580061072,-0.010423024899839272,-0.1298495811916553,-0.022516524640865513,0.04394936229335837,0.1444544519568875,-0.015137650595269855,-0.34443390769193155,-0.10479185923454747,0.03313246773952156,0.12352825934962522,-0.0016781906802089937,-0.050650941348603186,-0.013585479865454652,0.053095071924702454,0.046327355764272826,0.09979408345693788,0.5866541200348419,0.494705104583708,1.2657792723722432,shared,0,26,-0.12339069645267232,0.02233795274552314
-0.2611176399477608,0.6305588199738805,-0.3874121769086412,0.6937060884543206,-0.32193036728175606,0.6609651836408781,0.9232740651623917,0.9138093021643319,0.9146822241382662,0.4298874707533794,0.5654924283340849,0.5283776179700095,0.06649345441072,0.3230150850424138,-0.03881522495307494,-0.5837450512545066,-0.12016536301386133,0.03916821732249588,0.19113499724905464,-0.03453168363711158,-0.8816251031490944,-0.1806664615801143,0.02931832780905777,0.08509442868767896,-0.015499711306930748,-0.528669691118679,-0.1821471927829629,0.04220397560486899,0.04391960834532831,0.09979917134751846,0.6618189513659682,0.6667574738277674,1.0794822551778318,shared,0,27,-0.12339069645267232,0.02233795274552314
-0.14268619932848925,0.5713430996642447,-0.30713690478736655,0.6535684523936832,-0.22906571061597042,0.6145328553079851,0.8846317270835748,0.8907016833807478,0.9075159107905495,0.41179958310570103,0.7426043029437746,0.4143608858544396,0.07140996763907237,0.35965764080968843,-0.02235643003690966,-0.31307156096059074,-0.062160308860891085,0.035320167617621995,0.19047323099838534,-0.025737474074629695,-0.7286905983364788,-0.13512383834580868,0.029199641660160914,0.09982001840406715,-0.012727020520369003,-0.4358622159988133,-0.12749968116465948,0.04295731249773589,0.04732554217534549,0.08921860045104554,0.6512974919117791,0.761624300372565,0.8936375252969432,shared,0,28,-0.12339069645267232,0.02233795274552314
-0.39733290580914526,0.6986664529045726,-0.314134880328427,0.6570674401642135,-0.24912403634213817,0.624562018171069,0.7749598513320209,0.8603235203259185,0.8299904718013037,0.48625031736339297,0.6346112305335935,0.32377416925819213,0.04267001945794711,0.4593699017307671,-0.055365635410242454,-1.2975301186540904,-0.12052516980681899,0.028032884647979192,0.18789396772177672,-0.022458135232960082,-0.8011353635195378,-0.11952557873606076,0.021154919792439584,0.1139054761854541,-0.012163115176017583,-0.5749544453656816,-0.1067825321779466,0.052313502327748826,0.03872358604443769,0.1012850237222396,0.6517214214851297,0.7031367523891058,1.2424391587075907,shared,0,29,-0.12339069645267232,0.02233795274552314
0.08216451140211468,0.45891774429894255,-0.08218456075068532,0.5410922803753427,0.041308195213999914,0.47934590239300007,0.8503999047858943,0.8611261738223002,0.92199360934837,0.38005869175748347,0.6684624163330996,0.4349724810000994,0.03791595590043686,0.3616028255701039,0.009596672345539367,0.2531037954242582,0.026539262602301928,0.020744934946338677,0.18179419821648424,-0.005313055100823634,-0.25611336524154044,-0.029225658205531618,0.017017015109003213,0.09413167447985922,0.001894574154388606,0.11133410543816474,0.020126850657415814,0.045876434637881255,0.0469690075312463,0.11166794547893809,0.5556342706466717,0.6830420455866777,1.012501635047579,shared,0,30,-0.12339069645267232,0.02233795274552314
-0.13984277365255535,0.5699213868262776,-0.03954458444934837,0.519772292224674,0.005964532038283516,0.4970177339808583,0.9104325777424799,0.9370235189794495,0.9253586146787858,0.5278099027111471,0.6914840173202274,0.38308062567435586,0.09455116881681676,0.27571490975419577,-0.024510545546717645,-0.25923048708371155,-0.08889815051557852,0.0507176812886049,0.19925524483166987,-0.003991468350210657,-0.07869974038240286,-0.020031936191103203,0.03968224865036568,0.09461004799666484,0.00015890981726475434,0.004004556764534309,0.0016796293906367766,0.05182013572851395,0.048789233864946255,0.09361690931507878,0.6205903083005069,0.6024486106634281,1.026831855876552,shared,0,31,-0.12339069645267232,0.02233795274552314
-0.1958350949647066,0.5979175474823533,-0.3239648124695579,0.661982406234779,-0.22359415681551983,0.6117970784077599,0.8918995323728842,0.923473481135824,0.9161691220714945,0.5692781208353437,0.8466824260978075,0.6310495676165653,0.07478795429247044,0.3369726172932738,-0.03205503960399292,-0.4286123334599644,-0.095126541323964,0.0466132151613996,0.20194415118470574,-0.03052035619551654,-0.6547575851577482,-0.15113265730385758,0.031649724574605825,0.1334309901714183,-0.014977968630401356,-0.47324167371803727,-0.112252548011217,0.047646193750666935,0.0444947718647518,0.09673620402914454,0.6160353718859736,0.6732708309239303,1.175509139630381,shared,0,32,-0.12339069645267232,0.02233795274552314
0.05018693864861839,0.47490653067569083,-0.14671276656091506,0.5733563832804573,-0.06982149667679219,0.5349107483383961,0.8212754178793806,0.8624725097858117,0.8446388140569215,0.35250505234376406,0.6012704545119335,0.3291662692865587,0.04563058873531101,0.2563645289938459,0.00458354862451231,0.10044903542884497,0.01787902812647821,0.024548797014347895,0.1100622576457662,-0.007662694677048076,-0.3121413514710926,-0.06962145644613568,0.020398185726391297,0.06486466908326936,-0.0021583226879879976,-0.10580954193369985,-0.03327424187144581,0.04154004727904053,0.043809471716941106,0.0939653147702573,0.536121089614494,0.6707978839489122,1.3054981427660863,shared,0,33,-0.12339069645267232,0.02233795274552314
-0.05402779015970045,0.5270138950798502,-0.07113197072484495,0.5355659853624224,-0.11751026652107602,0.5587551332605382,0.8913726184370943,0.8554838296987988,0.9088939209938455,0.6980076963260293,0.7697583132572664,0.6864363403711581,0.05735525603817635,0.26386053979045987,-0.005929919957747784,-0.10338930321923344,-0.022473689936573782,0.03167493141027095,0.15291975768042165,-0.005118458294993538,-0.16159335054893978,-0.033471530249807965,0.026301578078583576,0.11105069047049322,-0.006687291896558923,-0.25425439783798154,-0.06021837296307287,0.052457383167191556,0.04665739848967708,0.09759424784145618,0.5820328703472964,0.57845100584962,1.0033492653879705,shared,0,34,-0.12339069645267232,0.02233795274552314
-0.14177906798369647,0.5708895339918482,-0.015302347212840725,0.5076511736064203,-0.17386975126685777,0.5869348756334288,0.8721712334995478,0.8709747748986628,0.9242335223309568,0.5080372831557932,0.5317328712034342,0.3483476519638433,0.05107883090099301,0.4257481245762214,-0.020803924920413067,-0.40729054587677777,-0.04886439591747058,0.03672764809403824,0.18356400860890756,-0.0009982234991038187,-0.027179074917837005,-0.005438013184984342,0.026765687571482448,0.10147099507547319,-0.009738012559004573,-0.363824487340275,-0.09596843464244663,0.05241851052312041,0.039489738420684414,0.09567302722092877,0.6231017148685577,0.633968404280788,1.1781059168186985,shared,0,35,-0.12339069645267232,0.02233795274552314
-0.01631001469097135,0.5081550073454857,0.14690664741981274,0.4265466762900937,0.011464395264628446,0.4942678023676858,0.8169955674619239,0.8185219272076797,0.8486704648167902,0.5126440908604493,0.5028884114459209,0.38164570806655984,0.05661599727077014,0.22300491622003674,-0.0010539534603019084,-0.01861582434486315,-0.004726144509128144,0.029295482251563223,0.11502612750985752,0.00824581835254687,0.28147064730797766,0.0716864814199732,0.021341461253351516,0.10044610009233143,0.00041106042363777393,0.0192611189439158,0.004092348266980217,0.05630401808243628,0.05246494857600855,0.09407052905561676,0.5615487230471845,0.6015710751640246,1.126387735473074,shared,0,36,-0.12339069645267232,0.02233795274552314
-0.16057289981792983,0.5802864499089649,0.14452081925810004,0.42773959037095005,-0.23655600582945627,0.6182780029147281,0.8857700919473617,0.8339182032998592,0.876150172375709,0.22547342443979165,0.6492475427320746,0.18770042450041596,0.04790749235683809,0.20646725643280806,-0.014358727046773602,-0.2997177756627895,-0.06954481448949003,0.03991494024177509,0.120507130638789,0.010328145784545778,0.25875388318222536,0.08570568172852454,0.02243430493731266,0.09204150071202895,-0.010545392661796089,-0.4700565803693355,-0.11457215039104536,0.0396405717182338,0.04403081811022029,0.09561011118957477,0.6638062199625093,0.5999048085809452,1.066635623918903,shared,0,37,-0.12339069645267232,0.02233795274552314
-0.06250354328209361,0.5312517716410468,0.029388965863738858,0.4853055170681306,-0.2016625831581782,0.6008312915790891,0.928115902404668,0.9465309705216659,0.9268028817750867,0.42438051649596537,0.7262798171603272,0.38942631325903626,0.07571980157629017,0.25981341686325665,-0.009384821660924718,-0.12394144550774085,-0.03612138962732659,0.04761361461505003,0.15324759775505142,0.0025248711662062555,0.05302834465771009,0.016475763425942706,0.03345022640894245,0.09114056902133102,-0.010780934928760082,-0.3222978163722668,-0.11828908952978837,0.04429897476151334,0.04602123294551378,0.09001186243488016,0.564099990257665,0.5916072116027953,1.0806893934531172,shared,0,38,-0.12339069645267232,0.02233795274552314
-0.30347053254163137,0.6517352662708157,-0.30909578046395253,0.6545478902319761,-0.041442678515840534,0.5207213392579203,0.8610740376854547,0.820157123693977,0.8666885092448972,0.5729880395391191,0.7117077657226255,0.48791614898123914,0.059443045301619854,0.2764153692777573,-0.03781709162259948,-0.6361903470912676,-0.13681255033470588,0.031419539278892274,0.11234657631829396,-0.018342027384756095,-0.5837777321285649,-0.16326289581616177,0.02052619895696593,0.07747825480126588,-0.0014487359482235332,-0.07057984536059848,-0.01869861359086605,0.0464380112966968,0.04054588163088123,0.10509861012570067,0.6281220202119016,0.5840933541672554,1.0385640087992265,shared,0,39,-0.12339069645267232,0.02233795274552314
0.1154794290371182,0.4422602854814409,-0.053473654626842636,0.5267368273134213,0.3083998068962005,0.34580009655189975,0.8834641518371518,0.8716805884704991,0.8999048240587335,0.6974339269871476,0.6920087748893855,0.5090612732356559,0.048196684443684384,0.30758948444454487,0.013566430974737233,0.28148058588115094,0.044105639694529665,0.028592924290141195,0.1671807965988252,-0.003694950092354795,-0.12922603000871824,-0.022101522229382414,0.02463583263777666,0.1358662854898186,0.017688103005698813,0.7179827556782401,0.1301875806932567,0.04407861210745461,0.04743231405475438,0.09309097735691478,0.5665178335365703,0.6222187662296158,1.0120608926226264,shared,1,0,0.09545021356145555,0.23250084744335378
0.383772510751058,0.308113744624471,0.2291032787536492,0.38544836062317545,0.19074521586520862,0.40462739206739573,0.752963767853359,0.9240986885430775,0.7907423971775017,0.5540464003471313,0.708338061194071,0.6955828231957855,0.043777887821704144,0.39177964329805315,0.04979565696538953,1.1374613861727223,0.12710118511059704,0.03135000690348712,0.2575964653264908,0.020835210351107157,0.6645998648500974,0.08088313760322588,0.020330775013790336,0.14100943666677698,0.010546688669206111,0.5187548758988434,0.07479420468950075,0.050340702582139775,0.04430187674859618,0.07905279981173755,0.7073646865354706,0.66485217753252,1.4162074420503663,shared,1,1,0.09545021356145555,0.23250084744335378
0.07217789782270732,0.46391105108864633,-0.06390868662047555,0.5319543433102378,-0.08769479249078849,0.5438473962453942,0.7735678630223579,0.8415143002448137,0.8542062828157445,0.21570140166142626,0.3139526124864647,0.3858526117144668,0.04455474671825427,0.2183893511577035,0.007317210387010317,0.16422964837576834,0.0335053442313971,0.029660416738632966,0.1588265989618328,-0.004888530365796692,-0.16481664465048923,-0.030779040776233217,0.015594044161476061,0.08859696946401839,-0.0033397021143962715,-0.2141652338427231,-0.03769544415119768,0.047654282385184994,0.0424266231087688,0.09045295755305038,0.5780286506819685,0.6581072129318343,1.0116389964458425,shared,1,2,0.09545021356145555,0.23250084744335378
-0.07165977193658463,0.5358298859682923,0.08914380762474822,0.45542809618762586,-0.02914058718693402,0.5145702935934671,0.8844111113708915,0.8872796397304201,0.8659655798010782,0.433779362599794,0.5869303346766447,0.5129625349560251,0.04502575097066015,0.45326496057715776,-0.009568359565533476,-0.2125086058368787,-0.021109859348822722,0.028468918155171923,0.19426140655480123,0.007319091777801879,0.25709061854435894,0.03767650974841037,0.021229001067429205,0.12877631028132694,-1.71738624423621e-05,-0.0008089811851162069,-0.00013336197010804072,0.04385070233789657,0.04008291135076692,0.09424996984654332,0.6276612478549086,0.711983362399068,1.1879982497893709,shared,1,3,0.09545021356145555,0.23250084744335378
0.07671181761295155,0.4616440911935244,0.24103313710636565,0.3794834314468171,0.023499128251535564,0.4882504358742323,0.8527522331803505,0.8773166047458951,0.9030423914965787,0.5403984095354846,0.6840706852684094,0.6583654672116048,0.0486208282631724,0.278525467069049,0.009593509553768885,0.19731275456357128,0.034443922326824666,0.030881836022911904,0.16068836161551617,0.016789497240956255,0.5436690107576428,0.10448483681182204,0.022408452761825137,0.13518639690020767,0.0012908790109021399,0.057606789037272184,0.009548882435671728,0.04775473786407467,0.04582824018727986,0.09168099559226482,0.5672665669225004,0.6648510841348754,0.97154890688676,shared,1,4,0.09545021356145555,0.23250084744335378
-0.029823008271665775,0.5149115041358329,-0.13241751738746207,0.566208758693731,-0.19841417125833966,0.5992070856291699,0.8809959064931588,0.8950364277332994,0.9098027516794502,0.5941936773928267,0.7896677061660492,0.6388543540214456,0.04984164850522701,0.18382177146676715,-0.002527491336497465,-0.050710428171981535,-0.01374968436181351,0.031491744476577016,0.168753686177277,-0.009684380515745647,-0.30752124649521123,-0.05738766799779492,0.023204941513399704,0.16629572027241282,-0.012502357987883626,-0.5387799827318734,-0.07518147771574174,0.04423637653850639,0.04690761172351666,0.09382483362851753,0.6339693549277923,0.6700453328720906,0.9451224107180501,shared,1,5,0.09545021356145555,0.23250084744335378
0.3006356586500083,0.3496821706749959,0.1806464581450834,0.4096767709274583,-4.2900924337144944e-05,0.5000214504621686,0.9102131047553369,0.9063751093919891,0.8962369319004193,0.38636618298779873,0.7144263748531349,0.5081295538700722,0.047365431658796864,0.45590984557231795,0.042519147406305614,0.8976830975087043,0.09326218290576724,0.038759010926099624,0.19031793989534768,0.015404293061745945,0.39743772334946165,0.08093978460578378,0.02307361844276955,0.10850998816128184,-0.00042145170150375514,-0.018265522702869477,-0.0038839899316672867,0.044239002327001384,0.045574828936662544,0.09464756629432255,0.6095009542294934,0.6041139517653471,1.3432856007421619,shared,1,6,0.09545021356145555,0.23250084744335378
0.37912596096211426,0.3104370195189428,0.4428693817575104,0.278565309121245,0.13807610052418498,0.4309619497379075,0.8338814713902252,0.8786569446775241,0.8696061439537336,0.6931524576666787,0.7165345572510767,0.6415505089756854,0.03198594055117285,0.3204660376385016,0.038489764022553406,1.2033338197754537,0.120105594671381,0.021632616899924628,0.1768106341080857,0.027353189954682982,1.2644420266499652,0.15470330782232117,0.016491897793016373,0.133068286587025,0.006747357567169763,0.40913166282336444,0.05070597766175546,0.04561845231964642,0.04337502961708155,0.09091035528833691,0.6916240572128082,0.5951328251740587,1.0449390633846383,shared,1,7,0.09545021356145555,0.23250084744335378
0.06806111874022844,0.4659694406298859,0.1278086705840317,0.4360956647079842,0.021352690798650483,0.48932365460067473,0.8676874694291926,0.8735150503131205,0.8969303554931316,0.700824889911317,0.8092937423982318,0.6624204949087088,0.047077629169373934,0.3788212084950369,0.008583699400202729,0.18233074926778178,0.022658972643859212,0.03759712399100838,0.2126712911847997,0.011070418045109083,0.2944485340888482,0.05205412532850754,0.02973564813943669,0.1339700410295627,0.0011633249024670844,0.03912223123612473,0.008683470524655417,0.04847761884544115,0.04424435481696256,0.10382773107882481,0.6216387088128252,0.6604961572484855,1.0281740029962492,shared,1,8,0.09545021356145555,0.23250084744335378
0.2685176260320459,0.365741186983977,0.2797891851925303,0.3601054074037349,0.017998037009490833,0.4910009814952546,0.8868034840230232,0.9177910833091233,0.9216228852408991,0.5653059131595263,0.7323760994234876,0.5439365191489093,0.04981912036142529,0.42091971231286035,0.0391598230751515,0.7860400342490343,0.09303394906353273,0.029747014254873676,0.25232396336629226,0.024178419821354123,0.8128015677201214,0.0958229234306015,0.027265695392442862,0.12280754687165975,0.0018770657748307007,0.06884349538178147,0.0152846125718343,0.045452675064847736,0.046559198970531755,0.10446122107716627,0.6087348773099982,0.7226740262645917,1.1208124979301468,shared,1,9,0.09545021356145555,0.23250084744335378
0.2565156536100272,0.37174217319498637,0.4533522690519034,0.2733238654740484,0.4351418133253378,0.282429093337331,0.904273729780123,0.9036726368737977,0.8973553242286666,0.4053404000084084,0.5420045722255944,0.38273896072876085,0.050413537503578486,0.33293745206619463,0.032546312905280456,0.6455867712709157,0.09775503687944845,0.03605703993332247,0.16625549034231057,0.03537392615419389,0.981054635089519,0.21276846906746352,0.022975439686682794,0.08974059360484986,0.01994841160596636,0.8682493949192631,0.2222897220159271,0.054393269352619844,0.03734354419979791,0.09002881101066788,0.6999938859071934,0.6470634023273023,1.1066003883603162,shared,1,10,0.09545021356145555,0.23250084744335378
0.026190428103609886,0.4869047859481949,0.19807089708443676,0.4009645514577816,0.17913686726627284,0.4104315663668636,0.8829077707511426,0.8813651312866869,0.8488396906208702,0.6239989956877436,0.7828607601872642,0.6205187922166896,0.033491194927151094,0.2833636875311291,0.0029585682854828778,0.08833868997264072,0.010440887155514103,0.017112987145987482,0.1961887119604039,0.012123953097220894,0.7084650384993495,0.06179740402020596,0.018098319366119373,0.13168418440762658,0.008640877047085539,0.477440853611056,0.06561818403596457,0.04641970072256486,0.049138263883509635,0.09813556883590903,0.634145022808261,0.6332501328608787,1.1596249627114317,shared,1,11,0.09545021356145555,0.23250084744335378
0.0026097057791787145,0.49869514711041074,0.21366284909342945,0.39316857545328526,0.2706715472510287,0.3646642263744857,0.8552495856790636,0.8862969545592977,0.8805977564077578,0.6831624261160436,0.6342498766712686,0.7646984947584721,0.0374674113014104,0.2774212427542591,0.0004010893411132957,0.010705018766487273,0.001445777320911875,0.025742053819073775,0.14201167640863233,0.012708719641359034,0.49369485941880864,0.08949066698424328,0.021831347150909765,0.09658790158875256,0.013011008082207454,0.5959782505526808,0.1347063956064095,0.049017720869511,0.04838352928480237,0.09035609112683336,0.618543126790762,0.5500314398765617,1.2761463427887814,shared,1,12,0.09545021356145555,0.23250084744335378
-0.3167835766647917,0.6583917883323959,-0.08076182466939927,0.5403809123346996,-0.35242745378543655,0.6762137268927182,0.8862632417858247,0.880225718957632,0.8786380711383986,0.5678893002602391,0.6088033911644183,0.5228128074101293,0.05344408462787969,0.30636478270804235,-0.03993072720323773,-0.7471496140549001,-0.13033719754039313,0.027906337640135087,0.13003673558605178,-0.00493080264739238,-0.17669114130909336,-0.037918536059600036,0.021739175396777284,0.06141421768382554,-0.01263007545341851,-0.5809822692396535,-0.20565393372656854,0.0432604970224443,0.04410271298575069,0.0801881201444781,0.6070519895172403,0.658906312639399,0.9014657441064259,shared,1,13,0.09545021356145555,0.23250084744335378
-0.10603737791374665,0.5530186889568733,-0.13014634228122776,0.5650731711406138,-0.0550117877813275,0.5275058938906637,0.8617666512463948,0.915829806575056,0.9209913940255572,0.5103386001997999,0.7506306062328075,0.4150960724699055,0.05444771040614524,0.26543750382901704,-0.013060794447132854,-0.23987775334734274,-0.049204781761156224,0.030172209076407965,0.16784327691181464,-0.009366669900575077,-0.3104403087243286,-0.055806047599370655,0.02744240845068611,0.10439023242090298,-0.0027842963565584593,-0.10145962084785043,-0.0266720007417182,0.046942600530123814,0.04790393254486337,0.10952710410070501,0.5586645760607971,0.6696745808701955,0.985642322850513,shared,1,14,0.09545021356145555,0.23250084744335378
-0.07906444719146084,0.5395322235957304,0.09316166833391158,0.45341916583304426,0.31114304096247064,0.3444284795187647,0.9037746456281458,0.937660825803506,0.9162222679457619,0.28950640296842306,0.6030181871920859,0.28715901792513393,0.06101284085148002,0.3987015401916431,-0.012132910976826849,-0.19885831912598995,-0.030431061216856462,0.05058581475782553,0.187120192654561,0.009347338136620168,0.1847818045705027,0.04995365814888888,0.03725464268474384,0.09370951098001397,0.018326627001962654,0.4919286746901909,0.19556848403436117,0.04465783628501913,0.0474467960703927,0.09517026822557388,0.6012608645433157,0.7603714252270303,1.1678444638456646,shared,1,15,0.09545021356145555,0.23250084744335378
0.03822314899615032,0.48088842550192484,0.11432991997263872,0.44283504001368074,0.14288216033340348,0.42855891983329825,0.8407442096965977,0.915158594752639,0.8523845911272765,0.5675777047022273,0.7007824223582558,0.5489208123456132,0.051233032946565525,0.3917437970203026,0.005355745278853394,0.10453695537485105,0.01367155094628295,0.032861325527649525,0.19683089230086612,0.008199282190689118,0.24951160852565854,0.04165648031588504,0.02186869299668656,0.1164901302268464,0.007154543688186402,0.32715918090168555,0.061417595415629134,0.04727018394321793,0.047043672034200734,0.09840795868743991,0.6939826693035085,0.6996884019472699,1.0356581178613185,shared,1,16,0.09545021356145555,0.23250084744335378
0.2543089810446912,0.37284550947765444,0.15865153375770757,0.4206742331211462,0.2305331886664987,0.3847334056667507,0.9057378887322396,0.9146366050473417,0.8712225745359503,0.48170442153522275,0.5761524012527229,0.4152627461946169,0.055324088642394825,0.2849214042002609,0.032069317130983224,0.5796628180949106,0.1125549595720891,0.03469745724188318,0.12915592337654913,0.009890872526754288,0.285060442838879,0.07658086650751456,0.02301871267687869,0.07270793079481552,0.009203183864411922,0.39981314305452564,0.12657744160514825,0.04227281751620319,0.045984283341467126,0.09689019888767773,0.592204973520409,0.6791879371412632,1.131018853650049,shared,1,17,0.09545021356145555,0.23250084744335378
0.32128706882168445,0.3393564655891579,0.38361887997485783,0.30819056001257106,0.12148723161399241,0.4392563841930038,0.8171390371611621,0.8998967997649364,0.8374786762729095,0.5772923966493329,0.7188626175073017,0.5355331529084083,0.06119996435462937,0.22614789266690288,0.037835582330367615,0.6182288295320814,0.1673045982617061,0.034012073785747526,0.17504747253656197,0.02943841301574653,0.8655283180081318,0.16817388214272994,0.019478813004919632,0.10748777505111078,0.005618821814552424,0.28845812181334235,0.05227405453206801,0.04611508535864931,0.03762719229327899,0.09206237148567313,0.6043727147125325,0.6992534692576018,0.9047750533302809,shared,1,18,0.09545021356145555,0.23250084744335378
0.37617433652946597,0.3119128317352671,0.2557076810390708,0.3721461594804646,0.021381369506879994,0.4893093152465601,0.8437557357727867,0.88798665091342,0.9039666074317344,0.5755146873399184,0.7392819012472058,0.658821141012073,0.06346047125810868,0.3870227766996275,0.058083413673432935,0.915269182877543,0.1500775075016117,0.052080956485686114,0.21021309376393732,0.02591997491140407,0.4976862304463992,0.12330333209648388,0.026303826026749667,0.14772899962915126,0.00045756190407167266,0.017395260431176635,0.003097305912991387,0.042180644602380205,0.04319830464953325,0.09115933871885733,0.6072733272616253,0.6201667812231262,1.128270652509296,shared,1,19,0.09545021356145555,0.23250084744335378
0.22907504844227236,0.3854624757788638,0.09340960353783713,0.4532951982310815,-0.015360657937370552,0.5076803289686853,0.9173212078314482,0.8686160398058178,0.9113577809488601,0.4402091974101533,0.6763046920322633,0.582660269510854,0.04097270365760595,0.4343298639148731,0.03075603268068812,0.7506468925679192,0.07081261326003634,0.02382266963206864,0.31496009002105396,0.008370359446124243,0.3513611016481784,0.02657593679746762,0.0244943936149844,0.12516327478116282,-0.0011038353275179122,-0.04506481543771073,-0.008819163044813847,0.047255328952943244,0.04062850162955595,0.092194169395963,0.7104944438181645,0.7041842925875356,1.117259940708079,shared,1,20,0.09545021356145555,0.23250084744335378
0.25946696140474207,0.370266519297629,0.32747743995922357,0.33626128002038824,0.3089566348019585,0.3455216825990208,0.8498203633066346,0.9110831618420847,0.8989656978781939,0.5884517408085477,0.681876416556395,0.560523794456505,0.04051680374257434,0.26763893758710633,0.027327916878807517,0.6744835316338595,0.10210740307513481,0.03676814117526389,0.20480356886418213,0.028518528577950755,0.7756315023381399,0.13924820126969148,0.022185600567686526,0.09257284964795087,0.014107614185419929,0.6358905697584658,0.15239472738573306,0.0495029807248294,0.047950334610697185,0.09896922062869025,0.5761600743057088,0.6134613926849293,1.1096954600792117,shared,1,21,0.09545021356145555,0.23250084744335378
-0.11944205076913207,0.5597210253845661,0.253274120044797,0.3733629399776015,-0.1803328850042978,0.5901664425021489,0.8555799232004448,0.8463322268876411,0.8784096493913013,0.5939894608299612,0.7054505086906406,0.5882565898431228,0.0514604094128869,0.4616241959462073,-0.018511469833799758,-0.3597225526379907,-0.04010073561212741,0.02926268833981369,0.1959843328036268,0.019684077964767226,0.6726681341162297,0.10043699760679524,0.02183805143752945,0.11783102975731108,-0.008172152833822017,-0.3742162095917536,-0.06935484524453082,0.04696092577685746,0.050179274269831535,0.0907290375664132,0.6494363673405428,0.6314323303770113,1.0749634168269127,shared,1,22,0.09545021356145555,0.23250084744335378
0.2255957626480603,0.38720211867596993,0.2003352936372829,0.3998323531813586,0.31913537938819664,0.34043231030590165,0.9198288287568591,0.8607094258865521,0.8772125526257402,0.5811229738181976,0.542861509777724,0.5517613690363923,0.05208804281527253,0.25337458979250566,0.02559096960183072,0.49130219180220935,0.10100053688409623,0.032755476515446615,0.1406231386475893,0.013894501904095696,0.4241886665133208,0.09880665470649336,0.0255652849559436,0.08701301934601985,0.014459378617174194,0.5655864443557698,0.16617488653823614,0.04497106360921321,0.04064329189025219,0.10185885226567791,0.6415144824547471,0.5843144844856086,0.9698247186407554,shared,1,23,0.09545021356145555,0.23250084744335378
0.17713734469350373,0.4114313276532482,0.1555310428959332,0.4222344785520334,0.22739878575366293,0.38630060712316855,0.8047542620403807,0.8554115376329857,0.796337447406755,0.682761031513893,0.6896778030767833,0.6225451724420483,0.040986195254849554,0.3170961774171929,0.019968599949446147,0.48720306496571986,0.06297332283250492,0.020234406822001387,0.24643737406965166,0.010477586782451797,0.517810424324337,0.04251622474880969,0.013677742215045313,0.11142242930354057,0.009226046199286684,0.6745299080968328,0.08280241471089085,0.05722397555085136,0.04477549643652896,0.0922002832631127,0.6068465544471231,0.6254079923876377,1.0195378751856339,shared,1,24,0.09545021356145555,0.23250084744335378
-0.07949347141630725,0.5397467357081537,-0.1706576799733813,0.5853288399866906,0.16147306135776823,0.4192634693211159,0.8387851813436905,0.8326329843953284,0.8303894356415991,0.4490114178474823,0.641625307238927,0.5657619751261203,0.044861984077149766,0.4063232590573479,-0.011056944023080759,-0.24646578278985568,-0.027212185806769672,0.018657167323331777,0.20399189664113196,-0.01081051204165246,-0.5794294414743948,-0.05299481116483075,0.019525222892207608,0.09076667845885195,0.006681418334670457,0.3421942157360451,0.07361091590125117,0.04703538126041581,0.04980520332015304,0.08865672062473463,0.6261126596231669,0.6069565789581913,1.1194366827033924,shared,1,25,0.09545021356145555,0.23250084744335378
0.060034472068162086,0.46998276396591904,0.10195386635525448,0.44902306682237275,-0.2556185375566438,0.6278092687783219,0.8632038384993824,0.8868786572683757,0.870681456948634,0.5506569424725886,0.7112723326376773,0.3932625737429338,0.04181064714006182,0.3547017158875955,0.010865350535814333,0.25987042246479486,0.030632359667686376,0.02405579087057493,0.2093913380984837,0.00712645927261005,0.2962471411125852,0.03403416462842527,0.019564474559452805,0.1028097440442709,-0.011174073588516614,-0.571141001234696,-0.10868691185248887,0.042119996051052336,0.04204030945994656,0.0983450294444189,0.6535943493203721,0.5498736199705343,1.0731211141088497,shared,1,26,0.09545021356145555,0.23250084744335378
0.4063509162672418,0.2968245418663792,0.13955468545475805,0.430222657272621,0.0681089635571123,0.46594551822144376,0.8662198382550687,0.8611596913572296,0.8851313070729522,0.45432868259496756,0.6871163843849265,0.5371542186875505,0.04048786461803717,0.31183778401636225,0.045167216197373,1.1155741757062487,0.1448420252851818,0.023900430339590113,0.15560931380317997,0.008514229630956357,0.35623750325754067,0.0547154243076057,0.024225836279046144,0.1026462345087588,0.0025464389796247757,0.1051125315259927,0.024807914209531847,0.03855586107386773,0.04237541688405314,0.08135843851675705,0.5554963098437083,0.622077619084939,1.1915451848982734,shared,1,27,0.09545021356145555,0.23250084744335378
0.38420937384751497,0.3078953130762425,0.06625229175869429,0.4668738541206529,0.1663109398681295,0.41684453006593525,0.8456402472342021,0.8653933796343464,0.8854805973799793,0.6892195896055079,0.5328344151169014,0.5791733155647287,0.04706430879088455,0.3106371499747099,0.04646646802096551,0.9872973642813845,0.14958438816718642,0.02668778991381505,0.1980978875394007,0.005208580642195362,0.19516717791229005,0.02629296408402841,0.02241229130221969,0.15745704818645145,0.00970915560073299,0.43320673775873175,0.06166224829285491,0.04438267967818621,0.04236315936355543,0.09820158196181673,0.6747589912724075,0.6847312370745636,1.070370052229078,shared,1,28,0.09545021356145555,0.23250084744335378
0.29674913210538756,0.35162543394730633,0.3161917194856129,0.3419041402571935,0.14078779784627596,0.42960610107686203,0.8572317580956034,0.9329044869322637,0.8898771345457643,0.5600607442647365,0.6951335086603477,0.3423407377374452,0.04274280254454895,0.2479723666752033,0.03010750547100705,0.7043877256206426,0.12141476034078491,0.027807174562219424,0.17098593846203855,0.0219170882007776,0.7881810556386241,0.12818064688777622,0.018078651881291572,0.11111113804840103,0.006267804373831495,0.3466964470020932,0.056410225688636025,0.04624373074457659,0.04580254447384665,0.10241281103794872,0.6015110447518414,0.5928914215721911,1.0881499138864812,shared,1,29,0.09545021356145555,0.23250084744335378
-0.08826939048908955,0.5441346952445447,-0.015830140801297122,0.5079150704006485,0.013457064961677265,0.4932714675191614,0.8220517632725434,0.8649025456112367,0.8497697207021865,0.6759275181576007,0.551762302355727,0.7456280339524447,0.035013779362507366,0.18142745057068477,-0.00670383751371587,-0.19146283651099705,-0.03695051378735012,0.02136284387483143,0.15361115181452564,-0.0008199238649195517,-0.03838083869936168,-0.005337658465770444,0.01638843164901275,0.10420995209081209,-0.00030369832298218075,-0.018531262141882606,-0.0029142928951500498,0.040175722018830275,0.04213909095742617,0.09253835265155146,0.563911094926413,0.552116281709793,0.8962554087036628,shared,1,30,0.09545021356145555,0.23250084744335378
-0.012730396742761736,0.5063651983713809,-0.051230473467280026,0.5256152367336401,-0.0693604890530946,0.5346802445265473,0.8966644495134007,0.8274550253608886,0.8375893939456602,0.5858239245566585,0.7325989504649046,0.5817491023915149,0.044323901038689516,0.3597074765757419,-0.0014886176827114113,-0.03358498795970202,-0.00413841184754457,0.02904861835784325,0.15239352065737294,-0.002883555200832639,-0.0992665181287036,-0.018921770350825803,0.02085974080152287,0.09850519055277222,-0.0032526559449954384,-0.15592983517599496,-0.03302014773782801,0.04582536573865656,0.04270532847360831,0.08398354905325314,0.6200507280232375,0.5714690478485104,1.0806059198723277,shared,1,31,0.09545021356145555,0.23250084744335378
0.07608266019393418,0.46195866990303286,0.07671259498627675,0.46164370250686165,0.1946575167761719,0.40267124161191403,0.7377422349115471,0.8488474510327321,0.7140360400193225,0.5580821507416742,0.722814259623713,0.3509461281854091,0.03199612891945938,0.44781435211884757,0.010214295074994625,0.3192353393970263,0.02280921776326589,0.021062564482153982,0.2116621496012145,0.004375956014579478,0.2077598868973037,0.02067424914102058,0.010956761146714875,0.1139529014754375,0.00648510469101611,0.5918815427459159,0.056910395497160475,0.041687477711018675,0.04558470781555261,0.0831130353209002,0.589995559390959,0.6523076488690744,1.240648106504966,shared,1,32,0.09545021356145555,0.23250084744335378
0.1182844917630955,0.44085775411845224,0.08799448667986852,0.4560027566600657,0.11993698995666545,0.4400315050216673,0.8636306504153499,0.8517176163995556,0.8997770616143302,0.40223315381236885,0.6916614024411128,0.5266902002488162,0.036597479081651896,0.4119237487169743,0.01483277506003166,0.405294993869347,0.03600854552870901,0.0216883174520388,0.1526775827850841,0.005038764442075156,0.2323262029531705,0.033002647475549506,0.017969894398200046,0.09914673567727832,0.005049922967275876,0.2810212934685749,0.05093382987124586,0.04355767968231219,0.04947863236547163,0.08587481247203084,0.6760715466857795,0.6607003899776156,1.0385169944856816,shared,1,33,0.09545021356145555,0.23250084744335378
0.18679446105458955,0.4066027694727053,0.20910077899904198,0.39544961050047894,0.15831003966391533,0.42084498016804234,0.8105102894810344,0.8247791013873224,0.8511065575987821,0.6430337198147765,0.7315423828584703,0.7187455773578186,0.0481327834347815,0.45857652664557086,0.028934722244146293,0.6011437564867195,0.06309682367695554,0.025206287461293657,0.16084284543485242,0.013343264802554591,0.5293625577762802,0.08295839809647691,0.02081340237156522,0.10773864380695666,0.007684940098896019,0.3692303623262962,0.07132946756472726,0.04324059618137406,0.043214457435191436,0.09065466195768875,0.6136644348834697,0.6177199300425854,1.0665815807193901,shared,1,34,0.09545021356145555,0.23250084744335378
0.14190922515361265,0.4290453874231936,-0.006028521329761392,0.5030142606648808,0.3294499146849277,0.33527504265753616,0.919368263436876,0.8906657319534838,0.9043274289599915,0.6260245200418507,0.8066278330559563,0.5566776082307643,0.041660000766163,0.4964309361388148,0.020266974680299126,0.48648522101709435,0.04082536603768779,0.029778805821981773,0.21413928135611743,-0.00048084262231439694,-0.01614714254120473,-0.002245466685370757,0.023115304836349587,0.11100758009187439,0.01646486826282354,0.7122929322970463,0.14832201773245166,0.04488910208118516,0.03984220184690241,0.09505396868531696,0.7093194829667901,0.7913598874419545,1.1397354115061098,shared,1,35,0.09545021356145555,0.23250084744335378
0.018503290329399406,0.49074835483530027,-0.04752917944589002,0.5237645897229449,-0.04798806339736886,0.5239940316986844,0.8258885360559607,0.872877566755981,0.8741127776570794,0.5191590884908837,0.7506893711891196,0.5419245415732851,0.04464253580184952,0.2535581879626595,0.0017184301458819445,0.03849311234266291,0.006777261502338118,0.03259884091125576,0.16125584756839748,-0.0034076587935248704,-0.1045331275060234,-0.02113200138109407,0.017910994485352317,0.1263581594673779,-0.0025281613901502213,-0.14115136891018318,-0.020007899773207133,0.04282152391187735,0.04467982852398976,0.08861708975434543,0.6144712413220922,0.6232638417825022,1.0224282049957565,shared,1,36,0.09545021356145555,0.23250084744335378
0.10191250174840787,0.4490437491257961,0.19731541211081896,0.4013422939445905,0.20205063205234586,0.398974683973827,0.833014233822046,0.8621123966102822,0.869503434270594,0.6948029029019748,0.6923710797056876,0.6586288703705615,0.05197126358939589,0.4809560700325176,0.016922154204681312,0.32560597984256195,0.03518440718200562,0.03177271525253965,0.24141353243588048,0.016929612754266528,0.5328349377667152,0.07012702470920117,0.02487321454899476,0.15512728931332867,0.01256639852369246,0.5052181132012278,0.08100701417086352,0.04882117750603384,0.03997194925683722,0.10566182540718824,0.7164568767807277,0.5926294746277859,1.0960539530940507,shared,1,37,0.09545021356145555,0.23250084744335378
0.32420780771285046,0.33789609614357474,0.28750538233506384,0.35624730883246813,0.5317605723029878,0.2341197138485062,0.8701653279841594,0.8921567649934207,0.8580744146295292,0.6581604586237648,0.6319049352055147,0.5898372211307716,0.04508092118554625,0.28443290138410654,0.03742038534975261,0.8300714440979582,0.13156138114703905,0.03707210620431787,0.18861516154831443,0.022807583974189662,0.6152222333548778,0.12092126522049194,0.02106231804822901,0.13342028347557813,0.02777277303708899,1.318600021777955,0.20816005118271724,0.0523847013167233,0.04721941378510347,0.09624721039268436,0.5319371762918846,0.5845044664264858,1.1459590797597023,shared,1,38,0.09545021356145555,0.23250084744335378
0.15396275231392328,0.4230186238430385,0.1979668310637861,0.40101658446810684,0.004658288939637469,0.49767085553018114,0.8733867614501789,0.9064397078063022,0.8989329575746311,0.5547845832239583,0.7279943121628506,0.6412242993815794,0.049153943189844236,0.361551401993821,0.02094778247320215,0.42616687723906144,0.05793860114407785,0.028750486431610343,0.1622902803040041,0.013633188594936492,0.47418984118290214,0.08400496055215777,0.017660659987252088,0.09816742679601141,0.0002331079412565882,0.013199276891398815,0.0023745956155189706,0.04877199127417103,0.04864155414981275,0.09199583685507469,0.8017666507193402,0.7623469421971114,1.0429734890738485,shared,1,39,0.09545021356145555,0.23250084744335378
-0.03415137871928474,0.5170756893596424,0.04098953814103579,0.4795052309294821,0.0755565394252483,0.46222173028737584,0.8641621580434259,0.9242844920964646,0.8674537105898422,0.4369552676385713,0.6250504510291561,0.5297709671944842,0.05405268391013721,0.39475201848293034,-0.004066484963830153,-0.07523187878312758,-0.010301365853575727,0.035961708025240645,0.1306853174986657,0.0024711252950890598,0.06871545960371618,0.018908974186134492,0.02339072423033959,0.09965549602067321,0.0039454904020715,0.16867756479954954,0.03959129761647085,0.04627215613802845,0.04618558304019864,0.09209448887041813,0.6090843671501468,0.6274055523185478,1.0617081068213838,shared,2,0,0.2093298859372726,0.1659270394365516
0.12987520517699755,0.43506239741150127,0.20119597414200227,0.39940201292899885,0.23715592400756796,0.3814220379962161,0.9028526450815975,0.9450920744017227,0.9107716422053377,0.4699614131937022,0.6433760996910036,0.48318483031864046,0.07596670893539945,0.4570224430353889,0.025148405720145296,0.3310450863618561,0.05502663185010799,0.046168220663321255,0.1944062339062922,0.018493719859773217,0.40057250624054724,0.09512925325577559,0.03170367416858643,0.10441795966374698,0.013961844013519726,0.44038567704413933,0.1337111360773616,0.04415196255208978,0.04192853575285196,0.0919383379045656,0.7062036665245783,0.7014859221914469,1.276828785745869,shared,2,1,0.2093298859372726,0.1659270394365516
-0.15161184904286004,0.57580592452143,-0.15497468730924563,0.5774873436546227,-0.009666305226120232,0.5048331526130602,0.8972336986947982,0.9190294127374704,0.8927647739617964,0.5478818798803611,0.6202132003031446,0.5117483678154194,0.06745535212147794,0.36919000736189256,-0.024265578865444826,-0.3597279993698026,-0.06572653208801202,0.03514955099393999,0.15095925375484823,-0.011098546107653692,-0.31575214458833784,-0.07352014422168042,0.025250831526558104,0.11769831774222941,-0.0005127987899741187,-0.020308194185002248,-0.004356891413666567,0.041985677532041125,0.04971129894531371,0.09919282896066275,0.5291439581140167,0.6483316723445244,1.3007622081336359,shared,2,2,0.2093298859372726,0.1659270394365516
-0.14925940290840733,0.5746297014542034,-0.13288553781480733,0.5664427689074037,-0.0873462772926894,0.5436731386463447,0.8697324299636721,0.9166632785263833,0.924489029955407,0.30802567192297,0.4443370849537176,0.3416356852092036,0.05297122302360896,0.14391588816573708,-0.01352164699554497,-0.25526401362336776,-0.0939552065298941,0.033866549678074696,0.10134801203562162,-0.007907671798183203,-0.23349505259175113,-0.0780249325009338,0.02897198193140107,0.08036376510830115,-0.003693563604660601,-0.1274874329759732,-0.045960559459639796,0.051560833964479275,0.04771970311552569,0.08731378949421129,0.5902066452307978,0.6097750609056762,1.1984422646665438,shared,2,3,0.2093298859372726,0.1659270394365516
0.43211270241224026,0.28394364879388,0.47471296708226435,0.2626435164588678,0.3420561772334216,0.32897191138328924,0.9140609276014282,0.9039862192125262,0.8856655952455803,0.5391638832948474,0.679395728350067,0.38985460046423637,0.04659290182987299,0.35321917855767065,0.05442935111774392,1.1681897666834435,0.15409511833417378,0.036002851518092065,0.1456952590149699,0.03379305751035602,0.9386216948225453,0.23194342587965647,0.024665747206294195,0.09913864742930388,0.016946284619640935,0.6870371482326952,0.17093520094396478,0.05451656792322725,0.04387069457959355,0.09283730113662736,0.6938683164547925,0.6637106469158098,1.1733181349169464,shared,2,4,0.2093298859372726,0.1659270394365516
0.05587996802309611,0.472060015988452,0.23863693624689586,0.38068153187655207,0.15007789152605275,0.42496105423697356,0.9149770464187621,0.9184005056237898,0.8856234536191687,0.5430467038419285,0.6567931205803329,0.5626728069397016,0.054747731415905075,0.24658900975809148,0.004913307738918279,0.08974449921208766,0.019925088079709344,0.033814174720951044,0.12877259287279935,0.015764673615393025,0.46621494522607215,0.12242258436906102,0.024772891902022882,0.07204601096012835,0.006050212155340782,0.2442271245226214,0.08397705958611763,0.04510040421717618,0.04062083907726924,0.09816081472624398,0.6374629967599676,0.5738372512871324,1.2001498165723206,shared,2,5,0.2093298859372726,0.1659270394365516
0.16696771156148132,0.4165161442192594,0.1549930644600769,0.42250346776996167,0.06498178227096564,0.4675091088645172,0.8868716240832037,0.8954147124207297,0.9198074284218588,0.5231158327484264,0.6688273707033104,0.49693377309730297,0.05940709466762117,0.3508914386977913,0.02405971632024915,0.4049973568790344,0.06856740765616345,0.04366606552122941,0.13175678748095224,0.011676882976361871,0.2674132152044898,0.08862452705178449,0.03194932004632171,0.1256753437565625,0.003973251842916327,0.12436107676644477,0.03161520568913385,0.047365097475724025,0.04909179539804147,0.10607385642791531,0.6525054321853755,0.6366209333210905,1.1027615809416644,shared,2,6,0.2093298859372726,0.1659270394365516
0.07318817669318545,0.46340591165340733,-0.14449061636844837,0.5722453081842241,0.09775876830658882,0.45112061584670554,0.8207504006167902,0.696177365059565,0.8410301524125497,0.43864755322933163,0.6669926334044003,0.49533614245061175,0.03388205777439739,0.37851634166547365,0.007499644414124124,0.22134560020115276,0.019813264550549266,0.02012238625215263,0.17477601082326494,-0.00830340447638102,-0.4126451193378095,-0.04750883394848448,0.01596821199242292,0.05413062801694507,0.0029158294271678558,0.18260212405443055,0.0538665360811089,0.0482915924685351,0.03722008442254006,0.1037205688384518,0.5733292561027175,0.6181503722363175,1.0423597843457946,shared,2,7,0.2093298859372726,0.1659270394365516
-0.03032918727463792,0.5151645936373189,-0.044876078925987606,0.5224380394629938,-0.09554233984328697,0.5477711699216434,0.9175128100206306,0.8661218836277462,0.8911379456031697,0.46094387989396524,0.6643964007532187,0.5568729035685683,0.055408006253810226,0.3498579648451068,-0.0051601027667386975,-0.09312919044770455,-0.014749136178801128,0.028412274124820194,0.18305697416413383,-0.002314986675899915,-0.08147840140249826,-0.012646263200134813,0.021467697458109163,0.11351180421883349,-0.004483627438043975,-0.20885460337761277,-0.03949921745055011,0.04621729313327345,0.04422086678955329,0.09948623546796521,0.5889090732809378,0.7044577909863414,1.0640612353251446,shared,2,8,0.2093298859372726,0.1659270394365516
0.17492056669943948,0.41253971665028033,0.17329858053479788,0.413350709732601,0.28531880271350885,0.3573405986432455,0.8598791768511287,0.9194684364539583,0.8645204713627042,0.6190499859768333,0.7172017090686379,0.5907952834211789,0.07870048581047658,0.3003220923794537,0.02754719644847867,0.3500257484409531,0.09172550787130601,0.04910591727192345,0.22043226249481168,0.0182290409078463,0.3712188249514452,0.08269679175604051,0.037100813086211305,0.1000916683106924,0.01726057211760791,0.46523433536347175,0.1724476413364371,0.04656976211598416,0.04926701097036662,0.10064163824135096,0.6969353839260568,0.6533485258957402,1.2544305751211458,shared,2,9,0.2093298859372726,0.1659270394365516
-0.03761409168191555,0.5188070458409577,-0.18286610589230998,0.591433052946155,0.21486470628824833,0.39256764685587586,0.8608500168882871,0.8725200621819346,0.9195704216715206,0.5623501472425346,0.739668402462634,0.2736617935247214,0.06063442077344357,0.22251100811334443,-0.004118363862137298,-0.06792122048176708,-0.018508584797923583,0.035768333849262535,0.0974961080375796,-0.011680449743708528,-0.3265583963998187,-0.11980426684526044,0.02753893953818867,0.10526845985855722,0.011414317671110091,0.4144792015422991,0.10843055637412014,0.04865724555169021,0.043553625444875434,0.09072228364091504,0.5515927237769462,0.6916745878079175,1.1672189932598995,shared,2,10,0.2093298859372726,0.1659270394365516
-0.02258445163562585,0.511292225817813,-0.10963955700638417,0.5548197785031921,0.03666302760096215,0.481668486199519,0.8916514292327751,0.898077617590879,0.9215808332895262,0.37184171992692,0.7322943886634549,0.4344708337140245,0.05554395211040722,0.2987219664336526,-0.004670274267783704,-0.08408249845996535,-0.015634184266864058,0.03843434120416598,0.14475961815762395,-0.008424581063939736,-0.21919410610390735,-0.058197038450091026,0.027273707719655975,0.10233272756929113,0.0018740607173981585,0.06871308942155803,0.01831340531922402,0.047626368894446984,0.04235910805710398,0.08298659142752027,0.6935064447197511,0.7308570407663576,1.0915934880370797,shared,2,11,0.2093298859372726,0.1659270394365516
0.09951782278608769,0.45024108860695616,-0.029208999702520794,0.5146044998512603,0.1568034284592812,0.42159828577035946,0.9099039003147201,0.9338970683038895,0.9074185961366068,0.3825615293438888,0.5613766972518034,0.36866633725928305,0.0669363324392949,0.2402851204516961,0.01200051687237878,0.17928255754469588,0.04994282146901066,0.033366071907498324,0.18287085812179163,-0.0019797882425809598,-0.05933537061448471,-0.010826154932036381,0.025305553931823935,0.09504949459517002,0.008021334330113893,0.31697920352679443,0.08439113079220413,0.043011364778674524,0.045672381542235005,0.09599679297079274,0.5917790898164543,0.6385438693756608,1.1480467744463942,shared,2,12,0.2093298859372726,0.1659270394365516
0.05134806261403917,0.4743259686929804,0.015008980751631418,0.49249550962418426,-0.059064351448595724,0.5295321757242978,0.8621553210153527,0.9166818668565616,0.9366193517681938,0.2822380206623806,0.6408572423946974,0.4731463444403041,0.0660880884616744,0.397186976010753,0.008681040328344453,0.13135559720990775,0.02185630660787184,0.053042305267957696,0.16879889343584498,0.0014930823795868801,0.02814889684835843,0.008845332745942156,0.03448891240560394,0.10436708643092743,-0.003271061406721883,-0.09484385498309839,-0.03134188678235018,0.04894846332082285,0.050303890508759094,0.09839155670086401,0.5426779655828532,0.6194140525892724,1.0430875822388301,shared,2,13,0.2093298859372726,0.1659270394365516
0.2554326122997119,0.37228369385014404,0.36115673532741366,0.31942163233629317,0.46547517500907865,0.2672624124954607,0.9278885977035201,0.8978177087239688,0.9106449106516764,0.5476193965882411,0.7855119432271646,0.6654692428620917,0.06098437133770195,0.5690082880878388,0.04670068516651954,0.7657812016772909,0.08207382237516772,0.03633294907874805,0.22300908334593697,0.03186817213258664,0.8771149312299299,0.14290078078636814,0.028829774569016784,0.07233241331298379,0.02199014702996564,0.7627582025423931,0.304015116083765,0.0425130298075518,0.04839810719968554,0.10230944285370554,0.5978729591313474,0.6153395138132424,1.3289947094070955,shared,2,14,0.2093298859372726,0.1659270394365516
0.10497025653341993,0.4475148717332901,0.07884514706259918,0.4605774264687004,-0.1367973192743991,0.5683986596371996,0.8961890253939396,0.8938904929899996,0.9092019234876519,0.4235986185279178,0.6998334158450642,0.39438679646130315,0.055197792497314435,0.5178175028270612,0.01712986205909287,0.3103359986710754,0.0330808865393139,0.036264233626313085,0.2418489117606345,0.007284708124729083,0.2008785901777157,0.030120905120875584,0.028202512892598147,0.12385378519215204,-0.008075263106738333,-0.28633133286706924,-0.06519997022464857,0.04990358729466427,0.05172587764842373,0.10486757510365034,0.788859647777208,0.576936994329221,1.1588544479380263,shared,2,15,0.2093298859372726,0.1659270394365516
0.06481213239616612,0.4675939338019169,0.1952965906301493,0.4023517046849253,0.14956406589547266,0.4252179670522637,0.8960827526677902,0.8316290063831778,0.9060903615992782,0.4764534293039211,0.8399069965487439,0.5353721348172997,0.05139911215648168,0.3644388346681563,0.008413314201774335,0.16368598306057267,0.023085668708811367,0.04093986910049254,0.12019915013738434,0.013917743809990533,0.3399557476802751,0.11578903672848712,0.02504887406085545,0.07847838141153078,0.007311163324616356,0.291875926512869,0.09316149483610695,0.050678597581113975,0.05175704363148542,0.10231209595763664,0.6160040487055604,0.6141245602589103,1.2433760850713012,shared,2,16,0.2093298859372726,0.1659270394365516
-0.015047607170118367,0.5075238035850592,-0.10052796345065107,0.5502639817253255,-0.13833056077907877,0.5691652803895395,0.8480498816858775,0.839709381323002,0.8891061659556172,0.33708048838692645,0.6890538279933315,0.21786035596739295,0.0427114625372186,0.38390593129505907,-0.0024743787537694446,-0.05793242859837171,-0.006445273573717485,0.02523165830750985,0.1564640225975803,-0.00622417097658411,-0.24668101084468047,-0.03978020552745501,0.022732115178067346,0.08279686423372508,-0.005871940722714406,-0.2583103541715219,-0.0709198443329769,0.04926397137418574,0.04782644196511425,0.08561350406848958,0.6571374439289642,0.5853711568992853,1.313464868932242,shared,2,17,0.2093298859372726,0.1659270394365516
0.06750728927402033,0.4662463553629897,0.07114858006601514,0.46442570996699245,-0.05350202277687644,0.5267510113884383,0.8986569805091289,0.9342189969316542,0.9287211125814877,0.4705568608099569,0.592159031231126,0.5620437592961751,0.07860267758999887,0.32489848906082386,0.009841007468703002,0.12519939231631388,0.030289483638874907,0.053134586866329055,0.18006049266206778,0.007520791246451297,0.1415422926948014,0.041768136559340065,0.035603337935849744,0.1151104924890461,-0.0029210988526769234,-0.08204564577456677,-0.025376477760747092,0.048200874575345644,0.046038465575387134,0.10904567801268424,0.6369215989573248,0.6398494765089381,1.2795844434635018,shared,2,18,0.2093298859372726,0.1659270394365516
0.07672442212777413,0.4616377889361129,0.3904347757515074,0.30478261212424634,0.1677726407525749,0.4161136796237126,0.8811313380836279,0.8928326400053128,0.906916822796477,0.4665227281592769,0.7653335525673745,0.5383629017107602,0.07257395217956607,0.39645920616649793,0.01220926005279127,0.16823198525253955,0.030795753668698616,0.04524281478881539,0.18247195263630983,0.03530655997123863,0.7803793847938673,0.1934903389871054,0.02957060674194492,0.12265543432857634,0.009966062262035199,0.33702596463462725,0.08125251291628502,0.05878732665884447,0.044079830314748304,0.10203140924354254,0.6236107921679649,0.6431516213087154,1.47153688136652,shared,2,19,0.2093298859372726,0.1659270394365516
-0.19527359559560262,0.5976367977978013,-0.09125700745956584,0.5456285037297829,-0.21856376932254268,0.6092818846612713,0.909754964816042,0.9102700375738927,0.9154864602556672,0.5894244183902227,0.6546608139066377,0.4598054381746518,0.06408209455557871,0.3522746576142705,-0.029372074149238703,-0.4583507195409189,-0.08337833424679723,0.03824233386072375,0.12347834989303551,-0.006659099033154364,-0.17412899164068793,-0.05392928427471603,0.037072530281246505,0.07177576862706232,-0.01134442187261153,-0.30600613949326827,-0.15805364525673962,0.045810256904373334,0.049686093395117974,0.11087316693207296,0.4898299000817398,0.5296982752522397,0.9715547014115515,shared,2,20,0.2093298859372726,0.1659270394365516
0.19327307250922998,0.40336346374538506,0.2064090484483846,0.3967954757758077,0.10403733138583922,0.44798133430708037,0.9093436336908006,0.8780659810417056,0.9238148849314752,0.620549597424101,0.6453129260246356,0.6433706633013103,0.0589387209034514,0.32398105935765326,0.02677861079435305,0.45434665672876723,0.08265486521788074,0.03818885595414692,0.172535880570909,0.016465753968090996,0.4311664635322227,0.09543379564648805,0.03206971972000452,0.1392068117879268,0.007384324728822089,0.23025847413988715,0.05304571402778525,0.05923920894836316,0.04789597050731762,0.09777939919581535,0.6205088593122728,0.6369793729961923,1.0198887930855722,shared,2,21,0.2093298859372726,0.1659270394365516
0.21040512587002244,0.39479743706498877,0.2330710665086548,0.3834644667456726,0.13545960157545725,0.43227019921227144,0.8968943484114753,0.9304149158802232,0.9172762492941556,0.3146241277201173,0.7226308265768422,0.33836414804535647,0.05244886924515214,0.2886869052524598,0.026665315726018032,0.5084059219919734,0.0923675970085963,0.0371554378890969,0.20216218204521505,0.020344679858060415,0.5475559168158929,0.10063543859805678,0.027290550428223294,0.08331284631810734,0.006381913634513494,0.23385067484433944,0.07660179572002498,0.04927494211981088,0.043953430853347776,0.09332541505413378,0.7003410730743447,0.5642751837457004,1.1901771406585777,shared,2,22,0.2093298859372726,0.1659270394365516
0.03564386133945328,0.48217806933027335,0.1972642133983255,0.4013678933008373,0.22100534046917292,0.38949732976541346,0.8744709788967286,0.881026247020747,0.9216648319729501,0.7523048394791177,0.826921923967687,0.680999180103376,0.09651192450162742,0.4813125211424203,0.007907584224756885,0.08193375342570798,0.016429209458311667,0.04592889646880618,0.24268054159703964,0.02046800201853028,0.44564541263105817,0.08434133978700484,0.03167275538727913,0.14624881034198065,0.015057298345451406,0.47540222381469643,0.10295672361533881,0.04957293167519211,0.04465481514912317,0.10045623155051982,0.6485506482577359,0.6791262375309773,1.1061226966132807,shared,2,23,0.2093298859372726,0.1659270394365516
0.11520870899941747,0.44239564550029126,0.04805113452704953,0.4759744327364752,0.14740414554241432,0.42629792722879284,0.7498884825069084,0.8446037806789166,0.8738928536619907,0.5630965639082033,0.8203183159532274,0.4091710608720325,0.05391186600728828,0.34036586063896057,0.0152361782006278,0.28261270345508055,0.04476411991503876,0.028848780215835545,0.20760659069493093,0.003442854449885371,0.11934142186003187,0.01658355083218191,0.022603483974417495,0.09097091699540606,0.0054163028534985926,0.2396224785359963,0.059538839800549775,0.048988505662827815,0.047250145952987745,0.10192521807037257,0.5636387818543473,0.6587791602704736,1.1484409258749495,shared,2,24,0.2093298859372726,0.1659270394365516
-0.17361020770750285,0.5868051038537513,-0.29452345934897517,0.6472617296744875,-0.16637010713024658,0.5831850535651233,0.8200147082196632,0.827774119850987,0.8861139994596215,0.524742259816077,0.6882302876608377,0.6579681412834849,0.047905540582725496,0.43652478929683747,-0.027463818610022776,-0.5732910698000994,-0.06291468270166747,0.025897379980910882,0.16603124996240323,-0.01953272871995478,-0.7542357077956331,-0.1176448935027463,0.020501225210316866,0.12783397798528043,-0.00917542450586222,-0.44755493448483535,-0.07177610092771057,0.051721787399507294,0.04430757400000901,0.0897385367657555,0.5478149656440237,0.6812943637154592,1.0847418168435492,shared,2,25,0.2093298859372726,0.1659270394365516
-0.14503769345793144,0.5725188467289657,-0.26586400874294885,0.6329320043714743,-0.31895762588273424,0.6594788129413671,0.9401448281421398,0.9241216619780465,0.9266869847612104,0.4553525987720243,0.7447665244478054,0.4425734982939194,0.06276043478885399,0.36674686738170564,-0.021089049264346956,-0.33602458834610066,-0.05750301131378917,0.03622749860941881,0.1989863424675003,-0.023043956485892008,-0.6360901903368177,-0.11580672422106403,0.0318770100161752,0.149716173140554,-0.02129292478982448,-0.6679712049222909,-0.14222194131180885,0.041054712311735415,0.047930805904410616,0.09250855524902132,0.7232808792103654,0.6250718023101117,1.146451483891573,shared,2,26,0.2093298859372726,0.1659270394365516
0.3518904807707311,0.3240547596146345,0.08627826540606083,0.45686086729696956,0.17755297584296506,0.4112235120785175,0.8908532158319618,0.9106153937754862,0.9315476723347342,0.47758770131970674,0.7065404131468069,0.5729217710335802,0.056093758340626534,0.3246467485477729,0.04744857783880701,0.84587981341307,0.14615448345334278,0.041049621563891074,0.14615048010929108,0.006617325563102254,0.16120308326844904,0.045277480841348104,0.030218732669230947,0.07290972652213078,0.008092095059133697,0.26778406453071274,0.11098786739623072,0.04980101789727949,0.04519703204432412,0.09206558750140618,0.6077601811746497,0.6987034726126082,0.9242994508669528,shared,2,27,0.2093298859372726,0.1659270394365516
0.16721978077273325,0.41639010961363354,0.09584365715364104,0.45207817142317946,0.14490783435227136,0.42754608282386425,0.9356473948158358,0.9248366586356207,0.9270499498753143,0.5355872838382386,0.6667131063130994,0.5880670810314296,0.06464854930427143,0.29989133776411003,0.023835870960612685,0.3686992394590023,0.079481692063282,0.04059816485996062,0.1848690008078094,0.00844670380420595,0.20805629597648131,0.045690211811049805,0.03243836805048626,0.09664751554109924,0.009040069777531115,0.2786844813975036,0.0935364942070015,0.04968566378284728,0.044162359014698116,0.08596974491307553,0.6132182678538528,0.587833675029617,1.1747245100345878,shared,2,28,0.2093298859372726,0.1659270394365516
0.17687790970732717,0.41156104514633646,0.24858475803547345,0.37570762098226324,0.15336348934991736,0.4233182553250414,0.8685419977688233,0.8578610538125709,0.8829291944812075,0.48650976515558514,0.6947423632871881,0.5964296496847008,0.06108491922395456,0.35956108005997234,0.02609633208782815,0.4272139902837823,0.07257830041971022,0.0341883794966713,0.18924753968082642,0.020059141288699036,0.5867239566195895,0.1059941985112704,0.023127536885618045,0.08747212143802502,0.007681897761175342,0.33215373514126195,0.08782109813831432,0.05090862965924069,0.047982830446626275,0.09304886319101971,0.5479943329364962,0.589375844612612,1.0067748750099788,shared,2,29,0.2093298859372726,0.1659270394365516
0.3484002252499099,0.3257998873750451,0.24039219485256705,0.37980390257371655,0.33689682498634294,0.3315515875068285,0.8755384714379295,0.8868573380179959,0.9057995554185567,0.28951354264222784,0.797409828940349,0.3112717087291861,0.05169393834130498,0.39461529638818127,0.049404603137946444,0.9557136624367176,0.1251968780484053,0.03518316634443417,0.16375220004160465,0.01847836917192647,0.5252048377632638,0.11284348648281768,0.0264285405886337,0.09489647635743877,0.016996476150565692,0.6431106588562624,0.17910545051795665,0.04282533527450479,0.0461366032561774,0.08600851968347493,0.66681634879525,0.5720016949328737,1.258829085398529,shared,2,30,0.2093298859372726,0.1659270394365516
0.2717348952166714,0.3641325523916642,0.29264833610920843,0.35367583194539576,0.014248596707994159,0.49287570164600286,0.8545039161288025,0.9069459119939336,0.8914001436266337,0.5213426949682338,0.7807468430628799,0.6855841997757607,0.048043507158753704,0.4050791970675145,0.037995625723056106,0.790858702248867,0.09379801776570466,0.031571658032143145,0.17990596880537718,0.02245496452305345,0.7112380509187075,0.12481500570637151,0.026037672605046337,0.10962047449703166,-0.00028398688767757003,-0.010906769279468195,-0.0025906372781232573,0.04973186037519346,0.046569085059893676,0.1049150378267214,0.6756106107447097,0.6326448583551478,1.163610237851121,shared,2,31,0.2093298859372726,0.1659270394365516
0.3558430307114539,0.32207848464427297,0.5137700848738331,0.24311495756308343,0.4068911624036093,0.29655441879819533,0.847025223824731,0.8287159076526381,0.8717092500955178,0.5836489111992479,0.812830081954477,0.6274006987105245,0.06387366059466898,0.39736905946150425,0.056646141255194286,0.8868466395665145,0.1425529741343185,0.037618575263867686,0.21826858719130973,0.045564273018245574,1.2112174025370297,0.20875323199077223,0.02605692057860836,0.1407962114344982,0.02440136610416847,0.9364639244516472,0.17330982031090075,0.048349865184204095,0.047705715722473896,0.08080881413111467,0.7154060221321474,0.6859416315226078,1.3491457195621555,shared,2,32,0.2093298859372726,0.1659270394365516
0.09562756913968358,0.4521862154301583,0.3071556167645876,0.3464221916177063,0.1810445857933777,0.40947770710331116,0.8864218917137886,0.8945624827703318,0.9153984680515804,0.5328261658009846,0.6424999050529656,0.6369962115595658,0.039000900865776886,0.29247205530215264,0.010280089220817882,0.2635859426990471,0.03514896221520217,0.03381064454637709,0.13466948375209964,0.020962732742237294,0.6200039373246291,0.1556606007402955,0.023030748886306095,0.07683561213737561,0.007982438027488792,0.3465991517208148,0.10388982146998275,0.04643703027881992,0.04253086402330016,0.0951243343588019,0.5534513132246244,0.6980797735042196,0.96986144605246,shared,2,33,0.2093298859372726,0.1659270394365516
0.05323419905389246,0.4733829004730539,0.16450002138135386,0.4177499893093231,0.09253404344026432,0.45373297827986786,0.905206399906501,0.8841635380061492,0.9257849383516054,0.46160694702780025,0.690702562864189,0.404103376978802,0.056205802476318976,0.4416531842809089,0.008105478941378837,0.14421071462851,0.01835258802577416,0.03742560369983431,0.23555717839366444,0.015591979606464409,0.4166126412152822,0.06619191023084428,0.028528655964868404,0.0864039141840633,0.003949654377646537,0.1384451613321825,0.04571152146224213,0.04595016893671752,0.04258596433976534,0.1016021842775943,0.6704446059839958,0.6700150913200641,1.3127140717579162,shared,2,34,0.2093298859372726,0.1659270394365516
0.13442093242840947,0.4327895337857954,0.12436403064835502,0.43781798467582256,-0.026315675152197876,0.5131578375760989,0.8109715464971391,0.8794895302596816,0.8472255782960335,0.43463152426338925,0.6718021126981022,0.5761529350358604,0.048801580740867316,0.234571924763751,0.012931236138649152,0.2649757639473408,0.0551269558438114,0.02658567584869811,0.12281584711477496,0.007146401157782332,0.2688064504529904,0.05818794012065734,0.018937226255338623,0.07289647042734275,-0.0005519928935903639,-0.029148560942748977,-0.007572285603876326,0.054694882546584646,0.04574545530793523,0.10038173240954884,0.6963984689096735,0.6432695295414519,1.2048704895617668,shared,2,35,0.2093298859372726,0.1659270394365516
0.0706374711074533,0.4646812644462734,0.27871486263917494,0.3606425686804125,0.16335754541071848,0.4183212272946408,0.9096399493676852,0.9447348355638011,0.9369999610787325,0.5664879125741923,0.5750499401377123,0.43908477301403753,0.09154971065602234,0.43151365662910585,0.013727417773926016,0.14994496078205788,0.03181224409248533,0.044975622641091326,0.20165773185051405,0.02610068638462339,0.5803296286281288,0.12943062557091264,0.03680151374673232,0.10418369019293491,0.010803093208346125,0.2935502404246986,0.10369274872429815,0.048375357036860245,0.04589693858430395,0.08915750898221546,0.4820202989526127,0.6845766481188961,1.1940692833323143,shared,2,36,0.2093298859372726,0.1659270394365516
0.21446974980877972,0.3927651250956102,0.4651394758787955,0.2674302620606022,0.25908891448090493,0.3704555427595475,0.9255780909348312,0.9097280102109224,0.9485773873579679,0.5676851863004966,0.7438392213588068,0.420134194993858,0.06345772435492927,0.37878369525000233,0.033398206220285,0.5263063962628639,0.08817223824336402,0.045050462443116425,0.24206987869789645,0.048504348159093894,1.0766670424379896,0.2003733319486122,0.03413921828057236,0.09581719837043319,0.014744893781809237,0.43190484505616605,0.15388567013621998,0.04710679746953367,0.04140328995639819,0.10337471151204768,0.6425856189544182,0.6452850190840054,1.0156771613697995,shared,2,37,0.2093298859372726,0.1659270394365516
0.025672877479460184,0.48716356126026983,0.08147413273867685,0.4592629336306616,0.3021681016537395,0.34891594917313035,0.900101268249865,0.921811041379285,0.9139732662349087,0.4951749747304423,0.6759360207114052,0.517044193639996,0.05620808294952192,0.524973091307794,0.005076832540937193,0.09032210804087519,0.009670652886779343,0.03573605992292089,0.2097182943354806,0.006849620537960989,0.19167251657667173,0.03266105400897377,0.023727643644450094,0.14017398257754757,0.01703142620000382,0.7177883508035354,0.12150204971583534,0.04184270700827809,0.04744317446562708,0.10097863552668072,0.6271442668030424,0.6903614267171759,1.2918321125965193,shared,2,38,0.2093298859372726,0.1659270394365516
0.028027537003361757,0.4859862314983192,-0.06070166732510465,0.5303508336625524,0.04682677694505717,0.4765866115274715,0.8496449244269123,0.8292483561141722,0.8437214853389374,0.4913816000083288,0.6199286118382191,0.5390310991978838,0.03154169522371817,0.2592692322329289,0.0034268257012325977,0.10864430960120855,0.013217247845875975,0.02476498567185656,0.1372504818835194,-0.003327977088096999,-0.1343823546758188,-0.02424747106477454,0.015536553864528388,0.11190687819167382,0.002309298831912515,0.1486364899223174,0.02063589717834103,0.05031421783140356,0.03853862905524926,0.09212883360561591,0.5143787749996906,0.6853609963461784,1.2084582134333177,shared,2,39,0.2093298859372726,0.1659270394365516
0.16294498703892132,0.4185275064805393,0.07360807644997333,0.46319596177501327,-0.22906113027543956,0.6145305651377198,0.8355588418057178,0.8820363739236232,0.8735042892013363,0.5616616777092052,0.7213685351126031,0.4701715841166919,0.039684808034512326,0.30480872991925045,0.01750137755500429,0.4410095051936254,0.05741757317659745,0.027878203365403708,0.19351875978799565,0.005379815580898528,0.1929756918114304,0.027799969299060423,0.023171607459953048,0.09381828897433635,-0.010211989693246139,-0.4407113192684316,-0.1088486030270664,0.04016799871074999,0.0411567325788631,0.09040946591347492,0.6011697131874778,0.6059254984664995,1.1165217308220814,shared,3,0,0.18172324370882156,0.3114129330014013
-0.09853477581072002,0.54926738790536,-0.09885842556407883,0.5494292127820395,0.11008503110550553,0.4449574844472472,0.9240433886722597,0.90318738178063,0.8971145003069932,0.5024577690802058,0.6591529461178105,0.25817700821425166,0.06736523601275748,0.3830271756292199,-0.015525652988151062,-0.2304698076795997,-0.04053407689061805,0.05276188342213543,0.19496887738239863,-0.010391658082241814,-0.19695388807675038,-0.05329906096684511,0.031473922973929376,0.0710400217844283,0.00477300833586648,0.15164961609075805,0.06718759673737468,0.04232139966100824,0.04858676039735277,0.09475577869682798,0.5586208687532105,0.6106971524733043,1.3450187992843858,shared,3,1,0.18172324370882156,0.3114129330014013
0.12297036214483836,0.4385148189275808,0.20362369960412735,0.3981881501979364,0.31693712041113176,0.34153143979443407,0.8253809892383933,0.8752896247113118,0.854062611220291,0.31701313789171537,0.7445187298216808,0.41646534579455563,0.04659815160299491,0.23261959009448688,0.012769717461906933,0.27403914152436487,0.05489527969987416,0.026255624355066686,0.16473208725243635,0.014064295737138821,0.535667921925641,0.0853767834288812,0.023641750316388824,0.10161310496297421,0.015631384440528997,0.6611771223086254,0.15383236686079774,0.04370227600552305,0.04167933799524246,0.09770257856116076,0.6469028894369375,0.6749008484860674,1.3305271606366522,shared,3,2,0.18172324370882156,0.3114129330014013
-0.027031208045116654,0.5135156040225582,0.13485582360570944,0.43257208819714527,0.15976613060056402,0.42011693469971806,0.8869357546625464,0.9441155708897955,0.9170143849899792,0.41464320984331876,0.5755107652276578,0.4454246501874101,0.06682874324103887,0.272776129714955,-0.0035732407024648494,-0.053468620374571965,-0.013099535894870297,0.03873658896053049,0.15743234739680537,0.010460509208547552,0.2700420839637166,0.0664444720638131,0.03168298689471931,0.09588014683426307,0.008646419047623507,0.2729041638768165,0.09017945146214233,0.04421243946163822,0.04041600621590559,0.1075751380649643,0.6094355101869501,0.5741626206131274,1.1816101709239804,shared,3,3,0.18172324370882156,0.3114129330014013
-0.037424820919246767,0.5187124104596234,-0.12036647175556069,0.5601832358777804,-0.04273920474789459,0.5213696023739474,0.8631235922746332,0.8744243863920684,0.9028859534367947,0.46957854276998295,0.6058544599686382,0.5008919831940177,0.033824187430434735,0.3103025626668709,-0.0038790508998245853,-0.11468275203365998,-0.012500866465576011,0.027410446286551263,0.1322421606710351,-0.007462010380488336,-0.27223235632429366,-0.056426863737131405,0.01791890377976926,0.1326084648002055,-0.002589730453901539,-0.1445250493964585,-0.019529148895610516,0.050484521789513806,0.04066347193047673,0.09161525994973488,0.5835581224830891,0.7034579589836982,1.1620546949483186,shared,3,4,0.18172324370882156,0.3114129330014013
-0.06822460103475819,0.5341123005173792,-0.03733328260125665,0.5186666413006283,-0.04829012069805527,0.5241450603490276,0.8764966588812458,0.9259857410198012,0.923523324898126,0.7130178787974378,0.7371164739094795,0.6000566104715243,0.08387978243453227,0.42256693238008003,-0.01211052085496605,-0.1443794976986051,-0.028659414466613256,0.045429280788640655,0.15920921216395587,0.0006115216518390831,0.013460958245942357,0.003840994145548121,0.0310850021360472,0.10144150312782127,-0.0003857048580644061,-0.01240806921538313,-0.003802239183881168,0.044165991812247084,0.045026069840871014,0.09846656167683213,0.6620380551067869,0.610654505194318,1.2857292123562287,shared,3,5,0.18172324370882156,0.3114129330014013
-0.2163652356499308,0.6081826178249654,-0.12780858133201403,0.563904290666007,-0.06792510698206429,0.5339625534910322,0.9290425138162854,0.9427805699239439,0.9273850976437411,0.6557910584177477,0.8325373073521888,0.6169852491135502,0.09075375580960916,0.3765704217229569,-0.03892439677231971,-0.42890122204946063,-0.10336551817911076,0.05181959433893966,0.22042428458673716,-0.013658154961240135,-0.26357124434254325,-0.06196302275335565,0.041591005017814923,0.08484742143568977,-0.0038361200175557877,-0.0922343669241135,-0.04521198113796989,0.04018910427398616,0.041880561905227355,0.0955735147451144,0.6553656869721879,0.6399069720967927,1.0831207286868232,shared,3,6,0.18172324370882156,0.3114129330014013
0.10093264496310757,0.44953367751844625,0.21962681842215742,0.3901865907889213,-0.05184427134620007,0.5259221356731001,0.9107304295670339,0.9192059735450278,0.9310598740096255,0.6316972865058124,0.7887000478004804,0.6063798488840292,0.06854743410680164,0.4462714158441596,0.018948417799721857,0.2764278203353157,0.042459402791638234,0.04688925728304767,0.1943629229495247,0.021417349467572212,0.45676452792344474,0.11019256729913562,0.03196510494874824,0.1368762217873345,-0.00290104749337974,-0.09075670166048824,-0.021194678341480797,0.0473221476272276,0.04032214023637084,0.09466284652731992,0.6654886514445619,0.6326984257149498,1.2195327225533175,shared,3,7,0.18172324370882156,0.3114129330014013
-0.06362291874941071,0.5318114593747053,0.23387308263560527,0.3830634586821974,0.328621234110483,0.33568938294475836,0.8615212904608067,0.885189869806866,0.9062560623716714,0.4397287579464174,0.6162692048269708,0.36439631052232996,0.047561379778427615,0.20472355124504513,-0.006318999203047344,-0.13285987985389458,-0.030866010112748477,0.03798490956763088,0.1398125254743438,0.01716212445592021,0.45181427707136207,0.12275097955418544,0.023275447135043446,0.10462084223353633,0.016420134988330556,0.7054702276206092,0.15694898490376577,0.045952101928944826,0.04036784185504424,0.09002732518264124,0.5847736415346431,0.6403027751655561,1.0769881821146607,shared,3,8,0.18172324370882156,0.3114129330014013
0.06432509901391804,0.46783745049304093,0.036894059205065395,0.4815529703974674,0.16192581871051281,0.41903709064474354,0.8819735803248746,0.9190768218160658,0.9093076165255741,0.3052876704150718,0.6550389603581773,0.32383849618855864,0.06009290432565165,0.31503987473640516,0.008717834577818873,0.14507261174423752,0.027672162405197476,0.03928992645288482,0.2378067590744371,0.004100672324441312,0.10436955969766709,0.01724371645449211,0.021728695347143723,0.07855632912542294,0.006830953514165731,0.3143747659503944,0.08695611913407306,0.04742581736960448,0.04112077002079169,0.093660827450755,0.6391704564868056,0.6577255781274536,1.2498908769338029,shared,3,9,0.18172324370882156,0.3114129330014013
0.012474012832176714,0.4937629935839117,0.11517950182147492,0.4424102490892626,0.0052651515527806095,0.4973674242236097,0.8875616416831495,0.8857129304947691,0.891090126879908,0.6705889881681754,0.7625777133981773,0.5988709952721495,0.07123395179607175,0.3633051638146698,0.0022345523669516413,0.03136920401873405,0.006150620991700347,0.03999720183383541,0.24940858713787115,0.012387482688742542,0.30970873263097676,0.04966742657459038,0.03038438608416206,0.06944430816237616,0.0001018793407985147,0.003353016266852256,0.0014670653865583663,0.04852173373470929,0.046842421976670726,0.08885761323915044,0.6238142303918206,0.6437755639712939,1.1385924321371204,shared,3,10,0.18172324370882156,0.3114129330014013
0.08001260887314514,0.4599936955634274,-0.05554578448245861,0.5277728922412293,-0.004827513803435585,0.5024137569017177,0.9199749873236152,0.8886679284310377,0.8418602378730119,0.48879924717266093,0.7857152738776875,0.5592297805656514,0.07415746067757462,0.4697208999451911,0.015192128349732296,0.20486311439094934,0.03234288351126163,0.037717039829621865,0.26894296119859157,-0.004807099334964297,-0.1274516599573899,-0.01787404776663652,0.030276358370414876,0.1092964996228613,-5.533940245437419e-05,-0.0018278090706063958,-0.0005063236484729926,0.04199618678627814,0.04456506245500474,0.0936930179369752,0.7798892546949145,0.6744739894703308,1.3345605330150505,shared,3,11,0.18172324370882156,0.3114129330014013
0.1488426517189525,0.4255786741405238,0.05683154592906675,0.47158422703546665,-0.04804323926925177,0.5240216196346259,0.8535600462202617,0.8787391279630082,0.899422990585971,0.5545456626687318,0.6908011577768842,0.5058260226179475,0.05597869045980314,0.28272436366035325,0.018813673807389762,0.336086350946337,0.06654422549162156,0.0340795200813506,0.15248289763029832,0.004105549267908162,0.12046969141900707,0.02692465405439928,0.02904659499969619,0.1093301449076265,-0.0021706330303614203,-0.07472934539776947,-0.019853929876297128,0.04194918147346275,0.045172139492158696,0.08675030309196269,0.5764606621221052,0.5899139826525351,1.0462034688023578,shared,3,12,0.18172324370882156,0.3114129330014013
0.08171848425325734,0.4591407578733713,0.11876972592333712,0.44061513703833144,0.0488749931318959,0.4755625034340521,0.9149595038441363,0.9332526156733173,0.9307311298426993,0.6167109971013423,0.7428594827827976,0.491825465797907,0.06417599666324979,0.43280014796857036,0.012757117489212351,0.1987833170110731,0.029475769703615637,0.047559075081514864,0.22583735854017617,0.012027645487839364,0.25289906221313874,0.05325799755003627,0.034843879889235006,0.0856728553933937,0.002691371046789349,0.07724085421442536,0.03141451320177292,0.04519732474102183,0.04493384269695414,0.09085461044159837,0.5269667214049556,0.6495371359033079,1.080848810628967,shared,3,13,0.18172324370882156,0.3114129330014013
0.16068860670871243,0.41965569664564384,-0.0803068443852354,0.5401534221926176,-0.007040874035201222,0.5035204370176007,0.8662490866305215,0.8579642363659251,0.8302860309469438,0.557272497912287,0.6530028866035021,0.4779152248203402,0.069524844409558,0.32203131976900445,0.024187133542315352,0.3478919478026218,0.07510801607640204,0.03555143766827445,0.18071451679596304,-0.006422308393815333,-0.18064834546892322,-0.0355384199768881,0.028502597648762746,0.1005440941175767,-0.0007631496964937935,-0.026774741933983714,-0.007590199137916176,0.04922821242328414,0.043292280779730255,0.0924675269104624,0.6510006724328345,0.7055453635456612,1.2624177300662969,shared,3,14,0.18172324370882156,0.3114129330014013
0.20386120826812207,0.3980693958659391,0.0397245182891043,0.48013774085544797,0.09504317461329229,0.4524784126933538,0.8859600380503642,0.8799926691662547,0.9189473345454862,0.39553422683358225,0.6511994513928491,0.5863047123484968,0.05132294199612821,0.4786879640785475,0.031122580221375512,0.6064067843913428,0.06501642522239943,0.0377770225155919,0.16216239789365167,0.00303134730718369,0.08024315060649756,0.018693281220296763,0.028024454769543312,0.10953906222916675,0.004978633841519909,0.17765319191617732,0.04545076194923146,0.04594817737940195,0.041728419336113536,0.08441993714864947,0.6584628723924327,0.6171609163791649,1.355051624201449,shared,3,15,0.18172324370882156,0.3114129330014013
-0.04938022336952342,0.5246901116847618,0.13455275629566,0.4327236218521701,0.025788352006993667,0.4871058239965031,0.8468021586813469,0.8140442002651547,0.8897131025241911,0.46214347152818785,0.6376017619535373,0.5949704544599677,0.041277143006325345,0.4217533016849981,-0.006606976279558857,-0.16006379798491377,-0.01566549983879799,0.032887050083705356,0.19679665046285083,0.010706906825026733,0.32556604492574165,0.05440594034423299,0.0226837971305533,0.09119141860963902,0.0014663514431732287,0.06464312102307457,0.01607992797491401,0.05360273055427129,0.04348148794666755,0.1010324441198306,0.6042895731779064,0.6678729615221227,1.0412767555582014,shared,3,16,0.18172324370882156,0.3114129330014013
0.06460686838011412,0.46769656580994295,-0.09318281687738598,0.546591408438693,-0.07076197813137688,0.5353809890656884,0.9048190284678883,0.9442977464498677,0.9221932806470529,0.4255784105424111,0.69928175460475,0.5622179527614253,0.08574469873607547,0.4271927108080051,0.010759867311051524,0.12548726008322322,0.025187385081313744,0.04156044385489484,0.19602646658570091,-0.008519301000845386,-0.20498580406383254,-0.04345995287896917,0.02778255783956618,0.09916047927461079,-0.0036079937579940073,-0.1298654277561056,-0.03638540055864579,0.0418263467580319,0.047256577523589936,0.092620290381669,0.6142106126590329,0.7763020585829755,1.2550699555580203,shared,3,17,0.18172324370882156,0.3114129330014013
0.19680044886011092,0.4015997755699446,0.0869743600050475,0.4565128199974763,0.037454059862882916,0.48127297006855857,0.9216768983902969,0.9201334228108536,0.9118094377271345,0.42247201304980514,0.658134739172778,0.5689503620649847,0.08053394617975543,0.3250121035456292,0.031675869623685786,0.393323202528581,0.09746058463093125,0.0449790709069793,0.16377773623249187,0.007599620327434192,0.16895903303896337,0.04640203547963379,0.030994377775628728,0.09242288953266604,0.0018997067219828437,0.06129197803985622,0.020554504750810776,0.04651269676637228,0.044904197845961065,0.09522609814930212,0.6173073624049769,0.6253753519903784,1.1830768110544783,shared,3,18,0.18172324370882156,0.3114129330014013
0.05555103150971419,0.4722244842451429,0.011532264024854478,0.4942338679875728,0.19205730922712605,0.40397134538643703,0.8778146692800496,0.9118657843846392,0.8532390611238737,0.5620948370388588,0.7382663875203641,0.48287413143870195,0.06615760127719116,0.40480468013467047,0.00859578869377976,0.12992896549807784,0.021234410360374566,0.04122182849877439,0.19210625975119433,0.0006996609304786827,0.016973068783192987,0.0036420517029733743,0.023072828198876575,0.1154466860432397,0.011308787393829928,0.49013442549624486,0.0979567953089126,0.044595338842301796,0.043590678773158066,0.09146551756844135,0.6290003512926597,0.7397015061501204,1.2469768799860235,shared,3,19,0.18172324370882156,0.3114129330014013
-0.011794214930100052,0.50589710746505,-0.10177489611931495,0.5508874480596575,0.006966967235797334,0.49651651638210137,0.8471327802321099,0.8971725290602516,0.869898492325126,0.3620627845526331,0.6200088361939292,0.4193392951320317,0.05708618599586584,0.23637903170746805,-0.002887466101180451,-0.050580820049697495,-0.012215407095642257,0.03722580900258668,0.10797391998783577,-0.006109817401064704,-0.16412853245553793,-0.056586047832226795,0.025223717750405154,0.09155714918349792,0.00036574711873385015,0.01450012731481565,0.003994741229882808,0.04030122447587275,0.043182064769033635,0.08787791262742517,0.5674172396680245,0.5788385800774707,1.0520699428936693,shared,3,20,0.18172324370882156,0.3114129330014013
0.13889217103506357,0.43055391448246827,0.27793659441389174,0.36103170279305413,0.1537168038148208,0.4231415980925895,0.8602621710825624,0.8385390501391367,0.8358218511456817,0.5912461902665962,0.835278888344701,0.4689876939763501,0.0528945354686031,0.43854042219843564,0.022346715041176874,0.4224768181288091,0.05095702450677439,0.0343572414952815,0.1540090182611879,0.021234841162141613,0.618060130498484,0.13788050467362173,0.025004657975822905,0.08224296780703509,0.0067792924646961255,0.2711211835511227,0.08243005627669266,0.04860914900836034,0.04406628837228658,0.09372808737253947,0.5757288787778744,0.6494113867423355,1.1785944913133797,shared,3,21,0.18172324370882156,0.3114129330014013
-0.016861998062488198,0.5084309990312441,0.07315401415306423,0.46342299292346795,-0.009568561773792911,0.5047842808868965,0.8683281303559636,0.9118583178897661,0.9249306015695138,0.41238691206543404,0.7555720647714583,0.4974652740649524,0.06478916457696325,0.3601661074640753,-0.002675618143439477,-0.04129730890820643,-0.007428844880153961,0.04021068634109875,0.18128913407518138,0.0064804720020675294,0.16116292935402932,0.03574661016020988,0.02276970354251552,0.10257525205006691,-0.0001731751433523574,-0.007605507161259491,-0.001688274119646625,0.043181142327102615,0.04414553380436087,0.0980201005964317,0.5274855321681075,0.646010000811332,1.257066831899905,shared,3,22,0.18172324370882156,0.3114129330014013
0.19316039592024156,0.40341980203987926,0.12757562524018848,0.4362121873799056,-0.009230337541597508,0.5046151687707987,0.8994410334411643,0.8903559579784339,0.8919943542974007,0.6920317298943104,0.8168447612760507,0.5715843630413656,0.05638272253902902,0.3935930779984213,0.029101436857957477,0.5161410366059035,0.07393787768308822,0.028341082476101797,0.26560449850349005,0.010962498416064757,0.38680591771004946,0.04127376786850886,0.028744701140136854,0.14798880260138908,-0.0008365854561540449,-0.02910398866474567,-0.005653032131136335,0.04500352280216221,0.035181928744479646,0.11120274189816338,0.6501173366443476,0.5989115115753955,1.2447765517369216,shared,3,23,0.18172324370882156,0.3114129330014013
-0.13651112478963567,0.5682555623948178,0.040386055627535396,0.4798069721862323,0.030512710650595572,0.48474364467470227,0.8966869058146664,0.9347969539975575,0.8875382203185389,0.36800616501037936,0.7859751813407145,0.32848801358449004,0.060514656144925134,0.3164321692064953,-0.01883464810649339,-0.3112410993691633,-0.05952191319145682,0.03449675616547494,0.13298103755389176,0.0035910131820765592,0.10409712625880223,0.02700394919554804,0.024560557547794935,0.10291393192982985,0.001446271023270301,0.05888591985160973,0.01405320928031801,0.04621280279797879,0.0423785048986127,0.1008574678874764,0.5482557746800346,0.5820074403514547,1.074676092207886,shared,3,24,0.18172324370882156,0.3114129330014013
0.005993123373263803,0.4970034383133681,0.13470461008272044,0.43264769495863975,-0.16041927748459775,0.5802096387422989,0.8158028758431924,0.8844783523347739,0.8625721650473138,0.643789146233873,0.8337655781321509,0.6023166226870421,0.05647827096275976,0.49786510322313365,0.0019411852999025774,0.03437048030706433,0.0038990186043077117,0.035084327594820865,0.27113427050616756,0.013521694600614012,0.3854055507853051,0.049870842868262315,0.023528385279032147,0.10520734280165449,-0.007657975638232746,-0.32547816381846334,-0.07278936464225877,0.04647764564886969,0.04649928857639227,0.0973138095490597,0.6146388416460712,0.5740337772827966,1.1697402752807586,shared,3,25,0.18172324370882156,0.3114129330014013
0.15932166040008156,0.42033916979995917,0.0926904649829375,0.45365476750853123,0.051374559680791916,0.47431272015960396,0.9177008057319691,0.9045909935152009,0.9156071677775784,0.31029203231477714,0.720616536955466,0.2910235055439206,0.0791723197007045,0.2430532076421155,0.02248923914310367,0.28405431630802086,0.092528049151353,0.04072700473981762,0.17827579051046163,0.0064813465258902496,0.15914125203402507,0.03635573011530081,0.035222052362643426,0.06883690793701244,0.0029228067283320405,0.08298229467831848,0.04245987822414227,0.04908144038123933,0.04587130530988831,0.10175382228465502,0.5662347082768545,0.5395045951950196,1.2445127036344825,shared,3,26,0.18172324370882156,0.3114129330014013
-0.13749019785122452,0.5687450989256123,-0.02825447922271498,0.5141272396113575,-0.14708872747763788,0.5735443637388188,0.8319013229553323,0.8904220465028724,0.9083022153334627,0.5608617404687913,0.4485052041379417,0.5032455378172148,0.04686301422612336,0.44174364269527544,-0.018684369248992857,-0.3987018239765172,-0.04229686053882104,0.026755398620020847,0.14406106472623176,-0.0032816800602010134,-0.12265487450990017,-0.02277978485330089,0.021322300530549093,0.1547742712992015,-0.008244646164464041,-0.3866677590746689,-0.05326884174777295,0.04119724378534657,0.050387785794756335,0.0899507389970689,0.6587768174962358,0.5702095344216475,1.1533470575105569,shared,3,27,0.18172324370882156,0.3114129330014013
0.21170691079810997,0.39414654460094495,0.29084347158156326,0.35457826420921834,0.36989520567406914,0.31505239716296546,0.9075448269470102,0.9043749023214992,0.9190194539917461,0.7267202397302138,0.6327196106869962,0.44738765447575407,0.08475362877364828,0.3522922408433376,0.03613019692628652,0.4262967550661403,0.1025574586593107,0.0529738026347602,0.15996016998258114,0.02694203589020906,0.5085916915568056,0.16842965278883432,0.03380569957876279,0.081863002316367,0.019455303454482997,0.5755036487014482,0.2376568523506652,0.04730012013734697,0.04362882054574883,0.08704239042741414,0.6908357801554929,0.6524493944212018,1.2071446962189991,shared,3,28,0.18172324370882156,0.3114129330014013
0.1760833872408946,0.4119583063795527,0.19617729269131448,0.40191135365434266,0.14311285997879816,0.4284435700106009,0.9023293278059908,0.9123224875098075,0.9114348406104131,0.6553995063669447,0.7662964294178773,0.5733648267878683,0.06455013774330653,0.43064499540996937,0.02970656028070519,0.46020909202142773,0.06898155231648488,0.04521079992546264,0.2204395060749047,0.019616033833259626,0.4338793798295949,0.08898601789914261,0.03387541679400035,0.16524476406675842,0.011586207238946714,0.3420240497527617,0.07011542728377111,0.04757995651671543,0.04583519473469935,0.09039969162302255,0.5870264133548542,0.604307875648969,1.2005928243368038,shared,3,29,0.18172324370882156,0.3114129330014013
0.018241974190497244,0.4908790129047515,-0.05409636866500836,0.5270481843325041,0.04325201006153176,0.478373994969234,0.8000936859146925,0.8882867430883896,0.8849117173362776,0.5884208943528996,0.7061557346244066,0.614743631826597,0.03400572102956325,0.304085608941996,0.0013646275179530053,0.040129351080856406,0.0044876425513885685,0.024812773448980124,0.19585186208461858,-0.0037041538553464156,-0.14928415249358862,-0.018913038742240915,0.017548794115347262,0.09981473050356729,0.0022572495842079956,0.12862704806787392,0.02261439341488102,0.04525611803434528,0.04262714478588387,0.09066718034960204,0.6412603145328416,0.6586293484458083,1.224386264950923,shared,3,30,0.18172324370882156,0.3114129330014013
0.15287125213680886,0.4235643739315956,0.14869786837435492,0.4256510658128226,-0.037292519365750045,0.5186462596828749,0.8953791644074367,0.8916215949845134,0.8890354178938968,0.4814674022214466,0.6077268269054996,0.463482998834075,0.07589918913105073,0.39541850278659707,0.026107452617828597,0.34397538256634563,0.06602486336335782,0.0390265680705101,0.21660064034059778,0.014181243013762211,0.36337407348093403,0.06547184251839075,0.027929199402360997,0.12114308663572963,-0.0021401253735024222,-0.07662680704415417,-0.017666095795772958,0.042586509957467024,0.041679445789793365,0.08564543068921711,0.6404331991476978,0.7815200238696076,1.2667624941669913,shared,3,31,0.18172324370882156,0.3114129330014013
0.06316894334504455,0.4684155283274776,0.059837722350910484,0.4700811388245447,-0.1487264851018358,0.5743632425509181,0.8174049319997231,0.8567528286042966,0.8556971348825386,0.5380927992411293,0.6588520250156362,0.3626477682220185,0.03388312080259883,0.4170215849970736,0.007380834959255373,0.21783220625560748,0.017698927884769244,0.020908276268224477,0.19152283353935945,0.003589985468438063,0.17170164686861214,0.018744425414426072,0.019755812047600282,0.14219853496229753,-0.00739681332765784,-0.37441201150505593,-0.05201750728036001,0.04261338566152173,0.04361732737088574,0.10028695595046182,0.572968941088666,0.666139201885616,1.2845327778138296,shared,3,32,0.18172324370882156,0.3114129330014013
0.007696164000228436,0.4961519179998857,-0.09093016250714785,0.5454650812535738,-0.18029708607254366,0.590148543036272,0.8167064901868782,0.8345024824072615,0.8482000180388876,0.4534233838556802,0.5417567620538833,0.6409225124469086,0.0425281929345477,0.3004768693927994,0.0009472852237017347,0.022274288144799335,0.0031526061410849997,0.02524280983214214,0.16440281367883555,-0.005925135317899922,-0.23472566474574225,-0.03604035226230861,0.013755441193177264,0.10250535355113446,-0.006687004287427563,-0.4861352095885034,-0.06523565897552631,0.04147348554469085,0.044981742505040986,0.08638814709677445,0.5702784986810528,0.6393330165781018,1.1801851049277816,shared,3,33,0.18172324370882156,0.3114129330014013
0.1765642891137491,0.41171785544312545,0.23615759367980435,0.38192120316009787,0.16051165741155465,0.41974417129422265,0.9067754317679468,0.9331583568730684,0.8809311279858575,0.5571842197168895,0.6913489909091611,0.6670567031600744,0.07590610274950328,0.3972889347642904,0.030339752650576625,0.39970109848348345,0.07636697122857714,0.041806661447522465,0.230002403454772,0.023142390987303963,0.5535574998341662,0.10061803981041753,0.028569981779651376,0.09984089972052264,0.008482718543573558,0.2969101838775155,0.08496236078920176,0.045398105701038624,0.04042010152130464,0.10209662308123632,0.6970338647544871,0.567468030110212,1.4153506228248829,shared,3,34,0.18172324370882156,0.3114129330014013
0.22885129467910467,0.3855743526604476,0.21610852402567762,0.3919457379871612,0.2317050359925704,0.38414748200371485,0.8919786540446527,0.8928697268332622,0.8736607079166019,0.6116653458377821,0.7045480633230509,0.5553830720159617,0.0626577937554894,0.4814567083576471,0.038165151987243434,0.609104625294915,0.07927016349493399,0.04278477573833518,0.2004108249605388,0.019842488831044367,0.463774519992762,0.09900906717464679,0.026864653915267312,0.08117278928368397,0.010765964584260195,0.40074830735644973,0.13263021610154516,0.04453097852174665,0.04589289345217283,0.09737051484065368,0.6036158869289286,0.6682861102390252,1.216183750724331,shared,3,35,0.18172324370882156,0.3114129330014013
0.008130192433340759,0.49593490378332966,0.08075487200928136,0.45962256399535933,0.008746899052918892,0.4956265504735406,0.915867785391135,0.8991443359358278,0.921569182578984,0.35177473001629833,0.6562751953839658,0.46332533953291366,0.06862947642579913,0.3135934054134565,0.001392443291679142,0.0202892891538321,0.004440282441026712,0.03529777633766901,0.1380261300838784,0.005377601410396648,0.1523495802951698,0.03896074900548673,0.03007562901970269,0.09593949089673048,0.000462413819052572,0.015375034010083128,0.004819848580917689,0.03899178073452852,0.04900104169142226,0.09263514871971076,0.618687343912979,0.6507326713390117,1.0212929363128473,shared,3,36,0.18172324370882156,0.3114129330014013
0.014426554862245464,0.49278672256887723,0.19191501490817428,0.4040424925459129,0.07168845508716708,0.4641557724564165,0.8805767248937725,0.8686710133050587,0.8710888818610069,0.6495316362315477,0.6031427695322225,0.39657404563742266,0.06190299308238727,0.2746706919544063,0.0020587134001545573,0.033257089805247324,0.007495205933716042,0.03675885271215296,0.1385879685125917,0.013692807277810099,0.372503662860051,0.09880228005915254,0.028554589500929328,0.07885679929808047,0.00344460431473749,0.12063224773815723,0.043681766764547575,0.047146348620997355,0.04263396316122386,0.10479848173919673,0.657954747821024,0.5848777489559638,0.8863154333330892,shared,3,37,0.18172324370882156,0.3114129330014013
0.49420443956471277,0.2528977802176437,0.41179787412373653,0.2941010629381318,0.20523431805779685,0.3973828409711016,0.8669463795788833,0.8983067008141798,0.926406436811551,0.36995983233505214,0.7571605163058982,0.43098378829279116,0.055774938905180704,0.3104486579196297,0.0657752486378748,1.1792975470523592,0.21187158314243054,0.04211812263132951,0.1836425885857715,0.03598311518183592,0.854338060050899,0.19594101487536897,0.03254813665258756,0.09590141948100965,0.010015554107038593,0.30771513017604224,0.10443593182707653,0.042473921016203176,0.04614151936974638,0.10885340386632592,0.7017745490736191,0.6639299164370619,1.2740956930388063,shared,3,38,0.18172324370882156,0.3114129330014013
0.02800209625213465,0.48599895187393255,-0.06666787061303699,0.5333339353065185,0.09854414168326042,0.45072792915836996,0.8506898200451122,0.8736816717980704,0.8955104853178335,0.5494163341172091,0.8320986864914132,0.3465044752578819,0.052452586059797024,0.2816446818534039,0.002608456720845713,0.04972980203248737,0.009261515977082836,0.029764589925438997,0.16293927417508652,-0.004648296430764437,-0.1561686703028172,-0.028527784073529173,0.022438695733091027,0.10575903776588574,0.004706344430564141,0.20974233469477246,0.04450063587929359,0.03868566266888639,0.03817028217215447,0.09261938564029414,0.4783784198524405,0.6920005660577598,1.2095867447457103,shared,3,39,0.18172324370882156,0.3114129330014013
-0.0069195352156272115,0.5034597676078136,0.10804482527532966,0.4459775873623352,-0.12643230085036614,0.5632161504251831,0.8222931039583811,0.8559479531631461,0.8687822092886599,0.35457181344683336,0.45082476413476597,0.5383795412560928,0.0483886565692054,0.36079814637589286,-0.0005436909621169504,-0.011235917685364218,-0.0015069117388161776,0.029777201199798403,0.12235200660375234,0.006370180147836894,0.21392810241279564,0.05206437004721368,0.021211567980389354,0.08801547257449781,-0.005179408644031653,-0.24417849019083127,-0.058846569728381704,0.04103520539177491,0.04905541696905005,0.09015844428328533,0.5363589719441683,0.6554079377818861,1.2888594596717675,shared,4,0,0.21925667020960235,0.14536034464128733
0.2017313419495989,0.3991343290252005,0.03489619551526257,0.4825519022423687,-0.01876814712130696,0.5093840735606535,0.8543684972247707,0.8577712495534427,0.8922043893788739,0.5843073516915074,0.5548785438179716,0.4713696555518626,0.051711530778940966,0.31859560177125,0.02601256679076114,0.5030322328294817,0.08164760168107414,0.037821633593655056,0.14198300115273182,0.0035564044681521425,0.0940309587460221,0.025048100401304382,0.023212557696729214,0.07794651285742785,-0.000788284278939678,-0.03395938910474962,-0.010113143616591684,0.050747374085511186,0.04652407614221487,0.10206048835148485,0.5642844714680758,0.6643960960917161,1.2389014992705372,shared,4,1,0.21925667020960235,0.14536034464128733
0.1952636100136229,0.4023681949931885,-0.0965668294780086,0.5482834147390043,0.2530955549812957,0.37345222250935206,0.8586725180491586,0.8342237094865602,0.8642308415139002,0.5804388265958498,0.6808742282757263,0.3966585416071889,0.04660058392449917,0.33401453054744695,0.02528500346048577,0.5425898418236937,0.07570030986090295,0.025000492142054156,0.20093542805608813,-0.005902525753979969,-0.23609638244085343,-0.02937523666723604,0.023052497311402503,0.07008683929532018,0.010001014088985112,0.4338364713326868,0.1426946084249072,0.04362174095960033,0.042309838919661266,0.09931665675608706,0.6594315087063561,0.6028190872017498,1.2822837428208846,shared,4,2,0.21925667020960235,0.14536034464128733
0.22935708141702615,0.385321459291487,0.08827153178071605,0.45586423410964205,0.2480825806952606,0.37595870965236977,0.8159783932008142,0.8594257369538193,0.8937302767377725,0.5537517892650713,0.6691441986286716,0.4427187174153933,0.055898823529240804,0.39369439657166344,0.03338678710403528,0.5972717312479855,0.0848038158398273,0.03239214433909905,0.14986973496247014,0.006144819280873654,0.18970091070681383,0.04100106857740436,0.029289836306567837,0.09550028497627801,0.01313328504619689,0.44839052389145423,0.13752089901573758,0.046000117273152855,0.044987337884211616,0.09724512507319834,0.5677932347233683,0.635946405998598,1.2402677121996397,shared,4,3,0.21925667020960235,0.14536034464128733
0.14609735123180975,0.426951324384095,0.1538710872954105,0.4230644563522948,0.07784885859876188,0.46107557070061905,0.9197117915327203,0.9462424765214857,0.9005376366219039,0.577980468614426,0.6405621992254377,0.5564209282518268,0.07255308688616557,0.27744406599227645,0.021178014562477736,0.29189680923853234,0.07633255548910278,0.05497486625987507,0.14816586950622157,0.0140735506239661,0.2559997246275808,0.09498510467267324,0.03391514659408693,0.08440490974823213,0.004832982735353314,0.14250219210893633,0.05725949769710573,0.050863202064966515,0.03753055050454904,0.1083138114454152,0.6116692805111891,0.6998486891408211,1.3042954659089718,shared,4,4,0.21925667020960235,0.14536034464128733
0.040851924557850375,0.4795740377210749,-0.05648664753840244,0.5282433237692012,-0.13199728409497877,0.5659986420474895,0.9035736950736802,0.8921281801675667,0.8811659820512162,0.3591491162913944,0.7150712562939932,0.4861507570193569,0.05666848473399797,0.2427505163000193,0.003561665594371444,0.06285090577399259,0.014672123662837131,0.028282438145478022,0.21098667565656956,-0.0045890862229477965,-0.16225921539517374,-0.021750597324058575,0.022294856345143187,0.09335315454737382,-0.005139854717743067,-0.23053993433165837,-0.055058179262006096,0.04448386109639327,0.04262194956151056,0.09504455879183765,0.6832831571670039,0.7491660936717773,1.1333883903658115,shared,4,5,0.21925667020960235,0.14536034464128733
0.025740635673920806,0.4871296821630396,0.07747825636916124,0.46126087181541947,-0.03231204762740141,0.5161560238137007,0.9073212860288556,0.9514694335863196,0.935866320102252,0.6434018855750636,0.38239125983648464,0.4538992312877553,0.09887149202177203,0.20867484128258895,0.0063220533132181435,0.06394212511555902,0.030296193227514062,0.05056513898161591,0.08072582144518728,0.004979779099851918,0.09848245649364136,0.06168756180738502,0.046818537965843884,0.09709149838845745,-0.0022788696731124887,-0.048674515952954814,-0.023471361663354534,0.04184207036611223,0.044694557679427836,0.08838826166407114,0.6486112178884377,0.5766117650909378,1.3108083785447737,shared,4,6,0.21925667020960235,0.14536034464128733
-0.06436830774274194,0.532184153871371,0.06813760612983188,0.465931196935084,0.10554557110270284,0.4472272144486486,0.8968123879701766,0.8998004737190421,0.9195813762552844,0.5705728843458923,0.5762686061997454,0.43415025329021023,0.05626801371206948,0.3044356242018631,-0.009502748711195021,-0.16888367092220075,-0.031214312504025492,0.0376289810853536,0.12493581387980973,0.0041108747639351205,0.10924757049919707,0.032903893897788576,0.028323874345682697,0.08322818364076157,0.005021016449562358,0.17727152677923433,0.060328319445665295,0.05553736831867074,0.04246586082208807,0.0899972673128531,0.5936201218995779,0.6407374695227498,1.1713622351831146,shared,4,7,0.21925667020960235,0.14536034464128733
0.11018448624969772,0.4449077568751512,0.2993274783616379,0.3503362608191811,0.0959901159003491,0.45200494204982533,0.9037524692119713,0.9077016846604589,0.9534095439679882,0.48985512230158346,0.5591926560324302,0.5586063891691478,0.06033285216217906,0.2572384485904057,0.014102282043103155,0.23374134551430129,0.05482182823127605,0.044473941262370205,0.11281825334821542,0.021981254103902944,0.49425019415811206,0.19483774523664568,0.03044168971983889,0.12593043292391878,0.005454962464549277,0.17919381331169246,0.04331726920882507,0.04490023446370649,0.04404875253690632,0.09315411384090225,0.6025296162080613,0.7331203646699833,1.1037526223211918,shared,4,8,0.21925667020960235,0.14536034464128733
0.13741301084348176,0.431293494578259,0.22494087780735894,0.38752956109632064,0.07571339612271615,0.462143301938642,0.8954079050366837,0.9064891987429814,0.9004451341041902,0.7143803125136977,0.7717052110995465,0.6509399724804505,0.054004675410750276,0.39670311832068383,0.02000300259591336,0.37039390467165967,0.05042310400934001,0.027434744444624733,0.1637239394550457,0.014964572649244877,0.5454606176284931,0.09140124956102559,0.018994494643398484,0.11949194494179204,0.0033360398523208895,0.1756319351976193,0.027918533370144494,0.044057121794031186,0.03914894881975371,0.085013031327323,0.5500214976799364,0.5902964691792482,1.202070357385515,shared,4,9,0.21925667020960235,0.14536034464128733
0.005315668887053222,0.4973421655564734,0.23512888335963697,0.38243555832018156,0.024867755424071714,0.48756612228796414,0.8341655475915762,0.756370531100386,0.7820037578043341,0.5457322288280341,0.7144696203483349,0.5484378213774591,0.037766727561620785,0.3136600637943848,0.001437032049747164,0.03805021357496437,0.004581495114051845,0.020643616667062572,0.1494617414393737,0.01283358323304796,0.6216732000029954,0.08586533991545695,0.020931417259974133,0.1134816697849805,0.0013824646849356823,0.06604735206245613,0.012182273027486364,0.048247209963521116,0.04717458438312963,0.09557268855804822,0.5864301431563677,0.6592259979056663,1.3394758688845505,shared,4,10,0.21925667020960235,0.14536034464128733
0.21371834684654373,0.39314082657672805,0.10985320591357942,0.4450733970432103,0.080725720587221,0.4596371397063895,0.8456169521869542,0.827331503311075,0.8915368513397323,0.412277047036983,0.8252060601661032,0.47748373664620647,0.05337725698436065,0.3181247007286361,0.028175120115761308,0.5278487825632651,0.08856627621567494,0.025750842868144917,0.17077283623951733,0.007310025694428997,0.2838752009733967,0.04280555301064582,0.020923833121106208,0.08744354431419961,0.0038696224424147312,0.18493850624871314,0.044252808743782346,0.04697415409856091,0.047681434383077884,0.0947468641594237,0.6193833003003151,0.5807470996108307,1.1562851045744624,shared,4,11,0.21925667020960235,0.14536034464128733
0.42275557454606716,0.2886222127269664,0.3423684955706462,0.32881575221467685,-0.0373854311524315,0.5186927155762158,0.8528764755685992,0.914554352220973,0.907719306843688,0.5153643579588858,0.7734471405163438,0.48896612572485376,0.0481093625616846,0.29606542858654694,0.05058752799024294,1.05151108425893,0.17086604211695391,0.038805851914349584,0.1493493667408861,0.024539335718722573,0.6323617317533607,0.1643082676158723,0.027809509097299553,0.10374657104809236,-0.0017910503145336886,-0.06440424058789332,-0.017263706129655467,0.04676799772866664,0.039425497453460426,0.08299276700734828,0.6289056878568321,0.676257349640915,1.1277665555346668,shared,4,12,0.21925667020960235,0.14536034464128733
0.09636994815703781,0.4518150259214811,0.20277161597395219,0.3986141920130239,0.2712817058224267,0.3643591470887867,0.840669541339246,0.8834322192803945,0.9180474805298803,0.3933241581215421,0.7036765366812973,0.45374186133282396,0.04948830951876551,0.2009644977313096,0.009841983566753516,0.19887491939932858,0.0489737425160154,0.025096225884292354,0.1717449429395714,0.013046355760766007,0.5198532967035365,0.07596355116759611,0.020401253698475248,0.09477756982172199,0.012231336946594222,0.5995384953968966,0.129053076266901,0.0439003197499221,0.043915677438104234,0.08975629383373317,0.6217013528653159,0.6941915982666459,1.21617962780169,shared,4,13,0.21925667020960235,0.14536034464128733
0.23930706288303197,0.38034646855848403,-0.0489689026947099,0.5244844513473549,-0.012372249568605019,0.5061861247843026,0.8869051201490409,0.7943711598388296,0.8486132784043344,0.5501951160197506,0.6802384037362961,0.40849253005215674,0.04834494348572218,0.19900796959213013,0.023277144499029647,0.4814804366438889,0.11696589109841435,0.024229201285493232,0.12744644667107033,-0.0027830121062729397,-0.11486190045972397,-0.0218367179232206,0.02217933691514522,0.10055877132288644,-0.0007977689023364777,-0.03596901500656311,-0.00793335968450632,0.04547555725076259,0.046381442379965956,0.09293083661560005,0.5999162373281618,0.6337792055875453,1.345709685485946,shared,4,14,0.21925667020960235,0.14536034464128733
0.25751786620153566,0.3712410668992322,0.14277722226053627,0.4286113888697319,-0.021093740278068845,0.5105468701390343,0.9363447467637004,0.9388425170818272,0.9056770960171736,0.5528559843304035,0.7200644509754999,0.6187137410625498,0.05615928412536553,0.37652850447287967,0.03706921146864832,0.6600727207615033,0.0984499474230863,0.03386527094352138,0.15343893719989343,0.010588296425970927,0.31265943342456937,0.06900658085357411,0.024790889494542948,0.08762426310728118,-0.0007788239869942878,-0.03141573387940457,-0.008888222957615618,0.04588755433555348,0.047781913504061586,0.09207592331101522,0.589577941403944,0.6270341908256787,1.0607521128546507,shared,4,15,0.21925667020960235,0.14536034464128733
0.3054471743136445,0.3472764128431777,0.03866026485337144,0.48066986757331426,0.31968529796395967,0.3401573510180202,0.8593332536006608,0.8973935656767617,0.8656579033489876,0.5591637128551924,0.8120439518285492,0.4415559465621424,0.06050710182996453,0.4235138552209768,0.047700758869200784,0.788349754434582,0.11263092879053972,0.023408326229998628,0.1999015738809168,0.002660744808649631,0.113666598051756,0.013310274436531754,0.029186164737878946,0.10756905071126954,0.018163433084831492,0.6223302461271412,0.16885370805757782,0.044575475212126646,0.04602162352673342,0.093974505740742,0.6979188788379328,0.6972790463179651,1.160911032211764,shared,4,16,0.21925667020960235,0.14536034464128733
0.09912002895589048,0.45043998552205483,0.13281375304712573,0.43359312347643725,0.21798814638136904,0.3910059268093156,0.8167697657473248,0.8604970904315872,0.8070411630234565,0.21864161161336323,0.6863306193255492,0.17269342340682403,0.05523486644340612,0.38529939499938937,0.01430327047876614,0.25895365372923157,0.03712248361767816,0.026171749224344898,0.235563766230606,0.01051334600736945,0.40170589734941986,0.044630573604759624,0.023699911859053208,0.06903900257871647,0.008782497444788236,0.3705708906015775,0.12721066522904445,0.04315571655053886,0.050828869648392075,0.09135220636961984,0.6177794178993197,0.7440781548915235,1.2790581682615412,shared,4,17,0.21925667020960235,0.14536034464128733
0.14215984932321718,0.4289200753383914,0.26507346314569447,0.36746326842715277,0.0964450110894458,0.45177749445527715,0.8696275527102048,0.9283396022667075,0.9420719577468419,0.6319120063365996,0.5991962807399556,0.5581962471840346,0.06629354937001077,0.2622373211920536,0.020154578502044128,0.3040202054886725,0.07685625528215187,0.030599498770870513,0.1876357792213251,0.019813301428127632,0.6475041168644597,0.10559447409418075,0.020442795006820072,0.10884293422389432,0.00419418694598973,0.2051670011165536,0.038534306116390776,0.05067432940672737,0.040202651225685615,0.09461560597852586,0.6148765533465592,0.7886269862475915,1.165668689766604,shared,4,18,0.21925667020960235,0.14536034464128733
0.37941245345624514,0.3102937732718774,0.12108704534552553,0.4394564773272372,0.14359681805084623,0.4282015909745769,0.8970972044593396,0.9050989386394487,0.9261818539219173,0.3541783504718137,0.8071964257141835,0.20453691443879762,0.07452292619934198,0.3274000765553026,0.059507570388007185,0.7985136041066061,0.18175796112850173,0.04019215395970018,0.1214711899861733,0.008780527378863855,0.21846371776113077,0.07228485519787298,0.025807020932582223,0.07357283269038811,0.006095022102494582,0.23617689614067053,0.08284337954124829,0.04927108678789226,0.044838591738280864,0.10567052095868346,0.6485045228981489,0.6637847895497526,1.1326890608595144,shared,4,19,0.21925667020960235,0.14536034464128733
0.19704974660260174,0.4014751266986991,0.13800593795653654,0.43099703102173176,-0.2418232336386008,0.6209116168193003,0.8295377956271318,0.8141081697304575,0.8740543579560778,-0.01632097250302303,0.6789659860504919,0.17182073498714598,0.035696278698321315,0.2382601455248532,0.01709198304303841,0.4788169430065043,0.07173664317793144,0.021986053053825304,0.12964708151649293,0.00734781918589016,0.33420365028236526,0.056675546413710934,0.020056179986005868,0.05965871721300293,-0.008272219251731747,-0.41245238412816704,-0.13865901980756593,0.04719760689554955,0.04125982434743415,0.0937170953926856,0.7581322324033989,0.673437665571734,1.039266349585679,shared,4,20,0.21925667020960235,0.14536034464128733
0.18370642211151225,0.4081467889442439,0.1522729636201052,0.42386351818994744,0.24200954974046895,0.3789952251297655,0.8954739556637689,0.9190619456994543,0.9134561534478736,0.551699078590335,0.7060781433432741,0.44377664773986697,0.05896941840634563,0.2611438901419412,0.022086471621845943,0.3745411133217017,0.08457586968564013,0.036025772691444885,0.12536188347331131,0.010182881366922768,0.2826554604154519,0.08122789068569342,0.03224160548511056,0.14310871283390583,0.016596538252277894,0.5147553294125602,0.1159715430572008,0.039150431685819116,0.04657524891256818,0.0922726111813002,0.6133629946410168,0.5932340372574422,1.1819462075498537,shared,4,21,0.21925667020960235,0.14536034464128733
-0.0006228781643247346,0.5003114390821624,0.14875623354628498,0.4256218832268574,0.02864034256287474,0.4856798287185627,0.8458358311574263,0.8546437212556098,0.9338850305101235,0.6005336642107437,0.696014268221315,0.5779559832746954,0.06079894666901762,0.38345376052880814,0.00026376286484653327,0.004338280172556732,0.0006878609417802731,0.035490705573158254,0.18535771719627447,0.011484939604659367,0.3236041498522776,0.061960946532903266,0.027742645467256806,0.11635572947043808,0.0017284563118032472,0.06230322605114404,0.014854930820079534,0.0442218190720982,0.042301888919708985,0.09359766763325453,0.5699647270769064,0.6474873127101526,1.2142460610835037,shared,4,22,0.21925667020960235,0.14536034464128733
-0.04911097147506133,0.5245554857375306,0.13202129040572466,0.4339893547971378,0.006708440479483515,0.4966457797602582,0.8741070063224071,0.8832361482277001,0.8889860895748004,0.5528765282881092,0.7081282850241956,0.6442522598860051,0.06018636246056408,0.40111575936137606,-0.00715688336188225,-0.11891204368052075,-0.017842438734585894,0.031945605132463,0.19860711649797966,0.010528060464078514,0.3295620922009062,0.05300948248843647,0.0243132158750717,0.105018651519349,0.0003564432472609787,0.014660473097943385,0.0033940946879831755,0.04746367758565671,0.04855248821753918,0.09208232652789468,0.598346885072491,0.6628387684665364,1.4113577800516435,shared,4,23,0.21925667020960235,0.14536034464128733
-0.033107422419297594,0.5165537112096489,0.14320862532620673,0.42839568733689665,0.14004226596462901,0.42997886701768545,0.8881681716306288,0.9075391027961863,0.8928706965908854,0.6304230081216499,0.6111047652537474,0.6056413171177976,0.05436049822120157,0.277843092635457,-0.0035232833171970315,-0.06481330069603534,-0.012680838252184815,0.03528089535344945,0.16281215201712923,0.011400003281139623,0.32312114437382133,0.07001936366482181,0.029765253830033034,0.07689939285750565,0.0066403579674559265,0.22309092357733665,0.08635124050667722,0.046196877068612356,0.04162277902003714,0.09643810827991618,0.4859886320888657,0.6029828376027659,1.2315774885364978,shared,4,24,0.21925667020960235,0.14536034464128733
0.18444663019734844,0.4077766849013258,0.4001953882420224,0.2999023058789888,0.27342061938691475,0.36328969030654273,0.8842672536932793,0.9202530384255604,0.8735694710756506,0.6073611960741643,0.7463358169894511,0.5875587772931834,0.06319951147307809,0.3262545270105198,0.027489155052514584,0.4349583471736881,0.08425677738297932,0.0361859624015763,0.21799160764538625,0.03479403116380802,0.9615339445080602,0.15961179212187177,0.03153100619308663,0.14607789229683413,0.018573451826797618,0.5890535720001845,0.1271475891030511,0.04306063400201469,0.04733675694200828,0.09130875183171779,0.6452244088932425,0.657490549979485,1.1549783025291007,shared,4,25,0.21925667020960235,0.14536034464128733
0.13071089785000958,0.43464455107499517,0.03728237356881983,0.4813588132155901,0.009949364255791099,0.4950253178721044,0.8256595636697763,0.8878661156005052,0.872861760079939,0.5148922099674276,0.7049257040295813,0.44316785532589936,0.04762758663774148,0.3170773141348345,0.01512062016980414,0.3174760939455648,0.04768748660263416,0.02186632007956692,0.16704133764068146,0.002020432389753228,0.09239928723266197,0.012095403558724672,0.015546286539667345,0.05082930903639859,0.00016204641811708753,0.010423480726642708,0.0031880507760010464,0.041175318375735535,0.03939050214248374,0.09032560338998562,0.6072846335128428,0.5845163003588946,1.0517967648231799,shared,4,26,0.21925667020960235,0.14536034464128733
-0.08868756306846275,0.5443437815342314,-0.07830391454262013,0.53915195727131,-0.14763618986686397,0.5738180949334319,0.9045691919539063,0.8678548152752215,0.9126847620207459,0.5868953911935988,0.7265784084812268,0.37232909262992414,0.06934954778512332,0.38331885440885405,-0.012296449971587641,-0.17731117742379052,-0.03207890723390311,0.03622514850980309,0.1669544131800561,-0.0043680432858064075,-0.12058041072279793,-0.02616308968781546,0.029869433367355747,0.10220043998222006,-0.007993973059530916,-0.26763055600068786,-0.07821857773725473,0.04832320860487703,0.04876100383401109,0.09711321935407355,0.7753884436862017,0.5575102710842038,1.200555603776934,shared,4,27,0.21925667020960235,0.14536034464128733
0.2475274716042768,0.3762362641978616,0.03174653777827596,0.484126731110862,0.035150238218736064,0.482424880890632,0.881756200424579,0.8216815662369822,0.8162803529550119,0.5282531816688886,0.8180902593721949,0.5634833876387723,0.03301754249393437,0.40156419308316227,0.02834112273091738,0.8583656017441004,0.07057681740325898,0.021788518307694935,0.17976135669551266,0.0020425897746851386,0.09374615317296578,0.011362785707859131,0.0197147142911806,0.1260007801123945,0.0018512116857043112,0.09390000069808026,0.014692065271762636,0.043801222339767965,0.04527694576870654,0.10307888243998099,0.6310758655778694,0.5979798323896504,1.1847390547827947,shared,4,28,0.21925667020960235,0.14536034464128733
0.301197000554812,0.349401499722594,0.4121804860421763,0.293909756978912,0.26665396455567203,0.3666730177221641,0.8622753560754153,0.7872794679492932,0.9106328325602968,0.4834239219614451,0.5754331673142303,0.41551691024687865,0.061049760108067286,0.29061253823549626,0.039671031077897614,0.6498146922719091,0.13650832589249956,0.03307536159903266,0.15655162951623022,0.02963583886696088,0.8960095199028035,0.189303930968591,0.02673448320795499,0.0630066587098193,0.010582290745799002,0.3958292615377799,0.16795511716525607,0.054653974126784896,0.048711973547280234,0.1081038112411317,0.6716980602456746,0.6120643197124485,1.1153328340825965,shared,4,29,0.21925667020960235,0.14536034464128733
0.41816273873641374,0.2909186306317931,0.38613266825618203,0.306933665871909,0.33042173000163494,0.3347891349991825,0.880164247209824,0.8499851849781309,0.8478893106105077,0.587583629632808,0.7122167929747272,0.5879835767532214,0.05518308294398394,0.30837890650992594,0.05440351847854871,0.9858731258957286,0.1764177683041288,0.02596643478105486,0.18824475518033765,0.027658679612230293,1.0651704727831985,0.14692935049230668,0.019838940646166533,0.09807736567121064,0.014792808883698853,0.7456451000853848,0.15082795895323575,0.049334820955523544,0.046063662341636676,0.0998030672332139,0.6163622985626891,0.6157586270417733,1.0199925833764687,shared,4,30,0.21925667020960235,0.14536034464128733
0.007996377489555331,0.4960018112552224,-0.1736046300824517,0.5868023150412259,0.10758689090926404,0.4462065545453681,0.8408841326673385,0.8501208994368884,0.8692968029110285,0.6837476670330939,0.641803896900342,0.4570395458277458,0.04935414596947423,0.33418040195129134,0.0013186993403672127,0.026719119832056954,0.0039460702442970326,0.030443115895773205,0.1876727232492819,-0.012413888891261883,-0.40777326912799544,-0.06614647390592167,0.020096339346525837,0.1046232240657978,0.004991892256400082,0.248398087349329,0.04771304173594067,0.05040624158620193,0.049575395656331386,0.09644685830644519,0.6259295372446235,0.6498078295201195,1.215599577699473,shared,4,31,0.21925667020960235,0.14536034464128733
0.38612535387632313,0.3069373230618384,0.124513651488297,0.43774317425585146,0.1943470656684201,0.4028264671657899,0.8460217423483588,0.8688454524356178,0.8922576458852192,0.7033835915047877,0.6150067415099117,0.4639950925844977,0.05280148658934172,0.30161784071812253,0.048204831480383334,0.9129445891418093,0.15982088912781933,0.029125480991923733,0.1431558007673837,0.008048179612906286,0.27632778374159667,0.05621972403328531,0.022189143212376018,0.08725481645681354,0.008493877496952271,0.38279429789856884,0.09734565771685837,0.047507210766566756,0.044602945177598295,0.0979910205580281,0.7054856521043897,0.7021193587766377,1.1957065132733415,shared,4,32,0.21925667020960235,0.14536034464128733
0.25131011517675766,0.3743449424116211,0.20954202501232067,0.39522898749383967,0.23882398199085444,0.38058800900457274,0.8059446710566263,0.8974142382198936,0.8430442984836861,0.7767644808752076,0.6803785854710782,0.6992821373987139,0.05079348902744358,0.42719484027254917,0.036889702452467525,0.726268330032145,0.08635334272514152,0.028516811177652087,0.2171480525039925,0.015958835759778,0.5596290433863286,0.0734928799763681,0.019395652832170197,0.09861787863199456,0.010370175195516097,0.534664921322773,0.10515512338501778,0.04557498032339289,0.048451558641786144,0.0865030362783538,0.6332376008140369,0.6821144626197724,1.2818650952980728,shared,4,33,0.21925667020960235,0.14536034464128733
-0.08142795134298933,0.5407139756714946,-0.038495289420269425,0.5192476447101347,-0.2358130049496944,0.6179065024748472,0.9084639575621399,0.8988608119058852,0.892016973761012,0.6886000487965763,0.6441966404524142,0.49896705323681795,0.04727271681489207,0.3246010239362982,-0.010415385158410414,-0.2203255040152317,-0.03208672921640074,0.03461642807724268,0.16555271043730818,-0.0036848880281594135,-0.10644911196316958,-0.022258095433326137,0.021866905271810948,0.1259905043752834,-0.013287991580872077,-0.6076759109576372,-0.10546819894689534,0.046636502083625575,0.04158515556625852,0.0938548857940564,0.7208728088162251,0.5528971936304027,1.2040150736157809,shared,4,34,0.21925667020960235,0.14536034464128733
0.41347163639492407,0.29326418180253794,0.3602797989591316,0.3198601005204342,0.286884304448389,0.3565578477758056,0.8921275049124637,0.9248186411821543,0.9122198561950877,0.49392216953520673,0.8259904999936718,0.5513716912489943,0.0721289736684375,0.3295164217409223,0.06369731714511137,0.8831030570033511,0.19330544076857115,0.03626738133116244,0.24513472003701844,0.03386505602728204,0.933760717876363,0.13814875355954467,0.023289078930103745,0.07358627337814172,0.01285439645383943,0.5519495422046804,0.17468470495555408,0.04923270221990097,0.0426062348190703,0.09479418693428676,0.5787675106852214,0.6048526849925038,1.155950860171542,shared,4,35,0.21925667020960235,0.14536034464128733
0.28152433660719356,0.3592378316964033,0.13992278041375428,0.43003860979312286,0.18316040699508185,0.4084197965024591,0.8766515427633933,0.9243642153756074,0.878648993802423,0.684007050951954,0.5065384715800312,0.35139630329931304,0.0675718400037742,0.27149253445145805,0.036644745628338075,0.5423079440531928,0.1349751502463138,0.04109410042427905,0.14836524937943305,0.010727158060111059,0.2610388826950275,0.07230236261509697,0.02940822691365155,0.12946070479898744,0.011094094759542442,0.3772445986667924,0.08569468841350857,0.04511542797832241,0.041194929352839874,0.09690097208447494,0.7371498623456355,0.6013400565697287,1.1348504884155188,shared,4,36,0.21925667020960235,0.14536034464128733
-0.10110264525223982,0.5505513226261198,0.15057237278478688,0.42471381360760646,0.023629311828629002,0.48818534408568554,0.850306294514003,0.8485717691068281,0.8906509364481521,0.39559174906790573,0.43526850086243785,0.2622482076171967,0.0403363781354212,0.24169266989912377,-0.009076805195280226,-0.225027769345247,-0.037555152992718596,0.01864035498141073,0.15799078610153786,0.008210816493996355,0.44048605845675526,0.05197022368582564,0.019178362096355494,0.08262801738181723,0.0010916832985085638,0.05692265549183779,0.013212023392307546,0.042332479366444006,0.046072846092763194,0.09143785360074237,0.5851135147485076,0.576946266643407,1.0955059234619797,shared,4,37,0.21925667020960235,0.14536034464128733
-0.24224705514024367,0.6211235275701218,-0.053654181875416256,0.5268270909377081,0.20167979236833972,0.39916010381583006,0.8993471284539332,0.9157758840095952,0.9095898727272366,0.39567023262936607,0.4813335202856046,0.43815068118604755,0.07396005895033231,0.19283100067443212,-0.028422603846982895,-0.3842966629606126,-0.14739644428320134,0.03900598920053322,0.13005845979270786,-0.004028751961972432,-0.10328547088654165,-0.030976469876650935,0.031074254349736326,0.08494252586881304,0.010159728735466144,0.3269500410571349,0.1196070946978553,0.047800110079776185,0.046221109950036934,0.09350697933060505,0.6059712591061236,0.6576008340882906,1.06170467065825,shared,4,38,0.21925667020960235,0.14536034464128733
0.3055259885067478,0.3472370057466261,0.39976898600272653,0.3001155069986368,0.3581280068787122,0.32093599656064387,0.8722735481117765,0.9093174230474335,0.9352091834290289,0.34000522579056414,0.7270099115519841,0.5183094255399855,0.0579373177879335,0.23931291237162336,0.03576726218420662,0.617344115154323,0.14945813758960272,0.034763500600450796,0.1423997032099487,0.02815546814358613,0.8099146420030272,0.19772139624529114,0.027389664330785754,0.09519951230038352,0.018320092978146536,0.6688688388763825,0.19243893729561398,0.04945082550600562,0.04676375387386531,0.10502047175535711,0.712482633230646,0.6463521129742061,0.9877557332351924,shared,4,39,0.21925667020960235,0.14536034464128733
0.1484808019096831,0.42575959904515837,0.08527707097089737,0.45736146451455134,0.15455957785641397,0.42272021107179314,0.869473727908167,0.9200674748899792,0.865830433587002,0.5164201976165665,0.784349086425127,0.4877875772457587,0.07217426692424649,0.32792984144827597,0.02264784330731005,0.31379388073426556,0.06906307522147925,0.04263874602315045,0.22011309358148645,0.0070931423773433885,0.16635438512877956,0.03222499062609144,0.023701161232639018,0.11434991233589593,0.008341415352945171,0.35194120959179653,0.07294640793814314,0.04957154000340389,0.048207471822371915,0.09003003470211834,0.6170525708181575,0.61286519158307,1.1360091000646582,shared,5,0,0.3099390394932795,0.24424781521583117
0.10329274320652042,0.4483536283967398,0.0630005138884185,0.46849974305579073,0.12597294049561492,0.43701352975219254,0.875458492305523,0.8717202916112565,0.8676485992638173,0.37461330529158554,0.6530559678237473,0.5492538370120246,0.045570190450228754,0.25954669432515126,0.011530959610955112,0.2530373364041367,0.044427302921105666,0.02564679488851147,0.12859388902111935,0.004156661350764073,0.16207332607576852,0.032323941537232864,0.017958992229346927,0.07808374737742538,0.004700523514412433,0.2617364857885105,0.06019848780684149,0.04619605471988283,0.048924661773597215,0.10143201575657448,0.5580650043722014,0.6259454771971502,1.1408242857728714,shared,5,1,0.3099390394932795,0.24424781521583117
0.12262233149658472,0.43868883425170774,0.11516045368481943,0.44241977315759035,0.20856782199303542,0.3957160890034824,0.8630200737040657,0.9049089968385507,0.8740598821249721,0.37733894785345534,0.5752405721393976,0.24783084422575227,0.04005368470000474,0.25558006755450474,0.012081303860805722,0.3016277766026428,0.047270133294840276,0.025882403977519678,0.1304164123212894,0.006804708353752093,0.2629086679762191,0.05217677923073246,0.021370575126605694,0.07470778119484427,0.008336627407671304,0.3900984114036531,0.11158981399713463,0.04190851445216678,0.045291375139575846,0.09266682183578687,0.5165329119423325,0.6888475580157506,0.9944815357884417,shared,5,2,0.3099390394932795,0.24424781521583117
0.5563278083524834,0.2218360958237582,0.34074661172610776,0.3296266941369462,0.179575742289453,0.4102121288552735,0.8848199113915527,0.9141034451668791,0.8910385298018729,0.5131772980342959,0.7177491242671667,0.5651228376615635,0.06957842933663752,0.3535404303934207,0.08788917568613784,1.2631669976467625,0.24859724130655875,0.04197128948959495,0.13302031329764388,0.025068960495665864,0.5972883082822766,0.18845964104423663,0.02703080948152326,0.1014779042259605,0.009092422763235826,0.33637256662442516,0.08960002507530862,0.04500160033493346,0.047180680235690636,0.0942362092926704,0.5711013318406528,0.702128788935871,1.0791835022656333,shared,5,3,0.3099390394932795,0.24424781521583117
0.4265226505461127,0.2867386747269436,0.37475735313493,0.31262132343253496,0.2950600184104144,0.35246999079479285,0.9033137754726123,0.918108732374058,0.8973239139902871,0.4982336417378136,0.7780665669470401,0.4998067642664091,0.05691314759158023,0.43622743149102866,0.06686637247281825,1.1748844564469407,0.1532832821729447,0.031860028935413044,0.21227639277987678,0.03068054767330521,0.9629792783773395,0.14453113354493388,0.026213658372856857,0.129297687698002,0.01624496324611236,0.6197137009664144,0.12564001364088886,0.045425459014430375,0.04277308396635706,0.09302234524598552,0.6524096420594143,0.7268374186048978,1.3020892206045633,shared,5,4,0.3099390394932795,0.24424781521583117
0.08250676558444678,0.45874661720777654,0.24247851313424643,0.3787607434328768,0.3931843546918923,0.30340782265405386,0.9041683282093071,0.9258170058220836,0.9008217327293834,0.33084385286606177,0.49828718302773495,0.4893431950116599,0.07225268963664462,0.29333970476065746,0.012091511249336741,0.16735032716628798,0.041220165743340066,0.04897396523616563,0.1572443731052871,0.0215990560600737,0.44103139200424646,0.13735980266595285,0.04102119007932434,0.08839962623563284,0.023825137032796852,0.5808007273003347,0.269516264348109,0.05058181660983144,0.04853167492586472,0.09314507686059727,0.6352536763662495,0.6440894711129607,1.107604545303367,shared,5,5,0.3099390394932795,0.24424781521583117
0.30945191302999897,0.34527404348500057,0.3348368029379578,0.33258159853102115,0.2763993310654341,0.361800334467283,0.8641613816017274,0.8851037565489193,0.9085703780954767,0.588343657006393,0.7647337307899097,0.6621122551536093,0.06041029803949343,0.5757171254870489,0.05682790395411541,0.9406989503174439,0.09870803114644153,0.03626189951167397,0.25400291479161075,0.031255474220489916,0.8619370369836167,0.12305163602603755,0.03031402633080087,0.10756900889283902,0.0162939915041201,0.5375066751711708,0.15147477579116014,0.04641632727823046,0.04614170671479649,0.10938482641118338,0.5917475056701359,0.6495722802620364,1.2144623827350391,shared,5,6,0.3099390394932795,0.24424781521583117
0.29769039734708225,0.3511548013264588,0.13083086194735605,0.43458456902632187,0.27456902218045154,0.3627154889097742,0.913622431514404,0.9456683372938964,0.9425384847747043,0.520107051496973,0.7423644621972143,0.45986430454847826,0.08315887144463999,0.44026904865769617,0.0587031888594292,0.7059161318526157,0.13333480751918633,0.05131652859643097,0.20751852756179587,0.011937472824425336,0.2326243249676008,0.05752485315254821,0.037362262874237745,0.08479569618653093,0.017060177359633305,0.45661520601838984,0.201191547765642,0.04400623926696517,0.04418615326034791,0.10716296306233826,0.6698013559664623,0.685822026741737,1.2504951715344739,shared,5,7,0.3099390394932795,0.24424781521583117
0.40296875837896484,0.2985156208105176,-0.02313181748821431,0.5115659087441071,0.3099279931701966,0.34503600341490165,0.7428431006382403,0.820351299377182,0.8141350950145616,0.4657717324040551,0.6231553333525145,0.334959409125465,0.033877154307522035,0.33423576608914907,0.04269253509800879,1.260216094612451,0.12773179722071282,0.025690992854781308,0.14854295024698758,0.0002946421286312647,0.011468693728449244,0.001983548382076382,0.01722574004135012,0.08383983649048676,0.011554628823403395,0.6707769184758791,0.13781788356319719,0.052770591899763665,0.04761999253239091,0.08945484501490326,0.6468490448349467,0.6976088338027888,1.2048739748915394,shared,5,8,0.3099390394932795,0.24424781521583117
-0.28812686865375503,0.6440634343268774,-0.015899001742223886,0.5079495008711119,-0.061470052833601886,0.5307350264168008,0.8973823523766253,0.8945568331570437,0.9346762463131221,0.4835795491445859,0.715026667198004,0.5748559232118189,0.07362379245206355,0.19450304328419854,-0.034908707312724115,-0.4741498114954235,-0.17947640676098411,0.035749462472563394,0.12710133080918248,-0.0011461490919501122,-0.03206059651469574,-0.0090176010326031,0.03238403970414633,0.10195791245742566,-0.0022342668987391737,-0.06899284089171577,-0.02191361950130287,0.04577260146132846,0.04175338032411942,0.10033029427544221,0.5149202386878546,0.637617944749836,1.0978009544317242,shared,5,9,0.3099390394932795,0.24424781521583117
0.47719364459350777,0.2614031777032461,0.31502042998998986,0.3424897850050051,0.1920717028093826,0.4039641485953089,0.8850408101028497,0.8922689346661182,0.8908196490792841,0.5214339971426225,0.7289635374819031,0.2968933743994772,0.06410743380342078,0.49239910608514753,0.08493306393708681,1.3248551517055855,0.17248825777193807,0.03898897800952101,0.2287401149442046,0.02960345293107233,0.7592774789799117,0.12941959453982677,0.026027781501027275,0.05760559749504881,0.0075188995956954,0.28887977238469753,0.13052376717977188,0.048493354736366304,0.05382565156654829,0.09412186881830593,0.6188165730901296,0.6436180818672994,1.1107150815636442,shared,5,10,0.3099390394932795,0.24424781521583117
0.28940318400279236,0.3552984079986039,0.33048704628114745,0.3347564768594264,0.3536372106495983,0.3231813946752009,0.9265854122364662,0.9038403401302552,0.9146121018524425,0.5524004992563387,0.6843382872419673,0.592312058014336,0.07579658440865171,0.39484772319993855,0.04993193404427191,0.6587623233135093,0.1264587108154298,0.046119841409141354,0.1784596747185203,0.029806407191681348,0.6462816497407439,0.167020405246699,0.034331308290842785,0.10592160156443416,0.021474166382626315,0.6254980497889775,0.20273642076270124,0.04051910770671719,0.04560324357337649,0.10835209986195515,0.5707499344653147,0.5790817273982405,1.1615668404261272,shared,5,11,0.3099390394932795,0.24424781521583117
0.2597689179955499,0.37011554100222516,0.342937412582589,0.3285312937087055,0.24820760056995708,0.37589619971502136,0.9217324364709413,0.8927327555662032,0.9039491090236282,0.6497264394236961,0.7135064720529053,0.48684032501468955,0.06790465622150835,0.4020329168728648,0.04307777433663844,0.6343861633893942,0.10714986890056308,0.04767187591879716,0.1798698231914666,0.03141075664104692,0.6588949152022265,0.1746304971213043,0.03763173957745315,0.08681008621465836,0.013903952008709522,0.36947407068686233,0.16016516760885055,0.0447493927332984,0.044759228758587837,0.09457874870476302,0.6690708155470626,0.5622498915461454,1.019388174327568,shared,5,12,0.3099390394932795,0.24424781521583117
0.12750828640444845,0.4362458567977758,0.30859578910080904,0.34570210544959545,0.37611514772397314,0.3119424261380135,0.8959632341719532,0.9107185120456261,0.9258039438105453,0.4540786431352992,0.7101095117084399,0.6110384397934144,0.053828385693932425,0.43724637885052825,0.01955607907497664,0.3633042087899919,0.04472553695330166,0.03971269743907733,0.21270778922848058,0.028374033584493037,0.7144826570398858,0.1333944266329382,0.02583572477521592,0.12478210567079243,0.02142665932964697,0.8293422969965006,0.1717125962449781,0.047999376050467835,0.0436973784458945,0.10185746487704264,0.6418487345223116,0.5718093813105758,1.2069949430362361,shared,5,13,0.3099390394932795,0.24424781521583117
0.249925476796989,0.37503726160150536,0.21402452030106228,0.39298773984946883,0.2649991733473239,0.36750041332633804,0.8655581022811704,0.8695309545792672,0.9306818046959702,0.6885164353694754,0.6718482478633084,0.6836872946688384,0.06179764639384879,0.44501795398149907,0.04195357283666112,0.6788862567561649,0.09427388819104875,0.025489352514139703,0.2530001541734449,0.017592987228426987,0.6902092636000712,0.06953745655176981,0.02648589822750381,0.18854254975980292,0.01880681009501136,0.7100688046698662,0.09974835982100924,0.04597009374113054,0.04799489200645932,0.10212558533523212,0.6920894298487762,0.6710293681844833,1.2284692408788553,shared,5,14,0.3099390394932795,0.24424781521583117
0.029821214610702494,0.4850893926946488,0.05682847234000455,0.47158576382999773,0.23987919670517735,0.38006040164741145,0.903875161668571,0.861741397567831,0.8819959582016865,0.4906574825871142,0.6377334323613068,0.7198641866808658,0.05587532137702726,0.39975284974450087,0.0036531843201023043,0.06538099880360214,0.009138607323092782,0.034352156387232935,0.16777305167507015,0.004191477271023387,0.12201496825338044,0.024983018602660428,0.030500422200089895,0.13685753755388194,0.0154428818948291,0.5063169877951258,0.11283910386557343,0.04136635656614359,0.04272987283448498,0.09589904256925591,0.613049765522777,0.6357884753697906,1.0842394568544216,shared,5,15,0.3099390394932795,0.24424781521583117
0.24612120244321073,0.3769393987783947,0.18501853893310877,0.40749073053344553,0.1259357651522681,0.43703211742386594,0.9191314066359458,0.888408477606782,0.8956164118162477,0.42185359513972476,0.5947287826419347,0.443944930472321,0.08857744528584703,0.34453158926126587,0.042465819054980807,0.47942022845590043,0.12325667769981476,0.037450532098459624,0.18857163657211035,0.014792285186549934,0.39498197642853666,0.07844385006911324,0.03245596943218437,0.049222883147812924,0.005105707301121755,0.15731181013680562,0.103726295060565,0.05433601086309238,0.04637485732382739,0.0980389242536418,0.6331075700126804,0.5496984978342299,1.2453757791015154,shared,5,16,0.3099390394932795,0.24424781521583117
0.19359219994059126,0.40320390002970447,0.3568991128882517,0.3215504435558742,0.4184650176705213,0.2907674911647395,0.8220926214157571,0.9024848311639626,0.8741072764900923,0.450892590511494,0.5145179782818394,0.4783180954569281,0.05100520121569019,0.31586753587957866,0.02492626547600698,0.48870046351937885,0.07891366678945401,0.0355353223786154,0.14376676652270048,0.025226223741292814,0.7098915122400454,0.17546630804490998,0.02537790517547207,0.10215027304840354,0.020878429782569333,0.8227010715899628,0.20438936832480284,0.05838346631484518,0.04878823198233396,0.09273027807865307,0.7391676641471684,0.6616758151913984,1.1284744063170298,shared,5,17,0.3099390394932795,0.24424781521583117
0.12249511800840555,0.4387524409957973,0.30296970299210374,0.34851514850394816,0.0937776911205984,0.45311115443970074,0.91129822114737,0.9066540326988595,0.8889655929327793,0.43405158174009323,0.6857226148903992,0.43251059549758963,0.04414181285383995,0.2634829560499176,0.013426838339582808,0.30417505470473194,0.050959039403820315,0.030566502118832967,0.13610493323442877,0.021333248222265615,0.6979289988539952,0.15674118281606275,0.02854823484954371,0.07124880890059851,0.004758812077750509,0.16669374141100599,0.06679146151607501,0.052969180995485754,0.05132445979101553,0.09114670994891863,0.6203707477776416,0.6273484867473474,1.0466576955910014,shared,5,18,0.3099390394932795,0.24424781521583117
0.3444639420711515,0.3277680289644242,0.26043786869297514,0.3697810656535125,0.19522335611583896,0.4023883219420806,0.8868355272987862,0.8897891512851456,0.9493563275198875,0.5146798102374511,0.6968887122209141,0.5952991064141926,0.07002022608628232,0.3343341498253568,0.05263695528402113,0.7517392934315767,0.1574381657139022,0.04482822798876544,0.20903183788964141,0.025215792187324986,0.5624980803087823,0.12063134708042748,0.03348454680596339,0.06560508066646993,0.008776133414991507,0.26209503344475704,0.1337721610252801,0.04111112235962797,0.0530872776253535,0.09190725509516041,0.5894805438377295,0.6293122405545878,1.2406328309515509,shared,5,19,0.3099390394932795,0.24424781521583117
0.6006227090274938,0.19968864548625312,0.3308547838515743,0.33457260807421285,0.24626000303202622,0.37686999848398683,0.9167302789832322,0.8870745980638626,0.9249945440576088,0.471527057168941,0.4840905664777032,0.5823852649702499,0.08601691007647438,0.28638389251444374,0.09419504844110091,1.0950759374796846,0.32891182396492563,0.05557456142479641,0.12570831311191985,0.027179439764069654,0.4890626046747831,0.2162103610432782,0.0326138531263009,0.10143255441834245,0.014432754323471653,0.442534473543471,0.14228917339443165,0.04577352951214519,0.05314725696752619,0.10155946189527798,0.5690910745216693,0.577381525998998,1.0563606246335855,shared,5,20,0.3099390394932795,0.24424781521583117
0.19584443111545302,0.40207778444227343,0.22222025541508503,0.38888987229245736,0.14371615721301537,0.42814192139349233,0.856944081852187,0.8565014475314175,0.8818963280717362,0.5421671346213249,0.6392359747761633,0.49486902636922814,0.04058679934654666,0.2616048754056096,0.01882425113606976,0.46380230614739093,0.07195680549486468,0.024985612593763088,0.17249098895953816,0.014466860640654203,0.5790076423527604,0.08387023999292942,0.026060711403867443,0.12950494494351106,0.008261585583757024,0.31701304909623435,0.06379359172239064,0.048266102874824295,0.04746237944710342,0.09767372943746784,0.5529514997253668,0.5978512575852225,0.9691872126151028,shared,5,21,0.3099390394932795,0.24424781521583117
0.3007640704474251,0.3496179647762875,0.22070034384709014,0.3896498280764549,0.09785432565844683,0.4510728371707767,0.8477871664100344,0.9004531276911825,0.8931724376640273,0.32658897939068515,0.7693942721229194,0.2265475973483857,0.07138016014741551,0.2591618654156545,0.04065522961020641,0.5695592378364597,0.15687195932550443,0.03426550690183099,0.16957928053102442,0.0159225574732093,0.4646818014053214,0.09389447474567081,0.030145922609975197,0.09951410406426135,0.005334351703937266,0.1769510183168899,0.05360397658298368,0.044586994669300765,0.047079411393103336,0.11450649850574976,0.5872879753970269,0.6189996646452893,1.2180906237715228,shared,5,22,0.3099390394932795,0.24424781521583117
0.5603456878933625,0.21982715605331887,0.4403856565488995,0.2798071717255503,0.3752960666421343,0.3123519666789329,0.8662164626712098,0.860166912523977,0.8675457728921182,0.650713635497463,0.5190569598420144,0.4498204739798266,0.050659550750998664,0.2977355635362901,0.06869083855807427,1.3559306693362287,0.23071089574323475,0.02857362947474738,0.11803500854509537,0.025472147037034,0.8914564759631118,0.2158016282711781,0.02648686559397889,0.10746455874002511,0.01998619051519779,0.7545698619674025,0.18597936612337243,0.044689719212690354,0.04854689075824249,0.08766565602572744,0.6026818464319081,0.6570342621713205,0.985496584351977,shared,5,23,0.3099390394932795,0.24424781521583117
-0.04856078929114941,0.5242803946455746,0.07042191941362781,0.4647890402931862,0.26504883224337,0.36747558387831497,0.8540925109806782,0.8729500510553337,0.8880428568234893,0.33060626172822144,0.5092158672795407,0.44765861570519316,0.03906799188113088,0.29507210475551576,-0.005946948370614766,-0.15222047728250482,-0.02015422086592074,0.03318621823281288,0.13888451312194455,0.004744886755597306,0.14297762771010164,0.03416426100317723,0.02162013362666851,0.07323712117778364,0.01048488672685764,0.48495938590890564,0.14316355638017916,0.03966528204539671,0.04537916615144855,0.08548773460737664,0.669775841020972,0.5738668844469463,1.1822080079026653,shared,5,24,0.3099390394932795,0.24424781521583117
0.4969313454471146,0.25153432727644276,0.38097869812054125,0.3095106509397294,0.2277401701113278,0.386129914944336,0.9358683514600122,0.9579157449825776,0.8986831942292589,0.48593233681803966,0.8209972328298883,0.564630825424039,0.07940833814617265,0.4986548003283226,0.09783243622644067,1.2320171723824953,0.19619270918885404,0.04854792746081988,0.22804148491331624,0.04041904590533755,0.8325596584521004,0.17724426729067191,0.035934769050348,0.1121906772649964,0.014916149135618062,0.41508960624511404,0.13295355281959703,0.04526004802519078,0.05159931985313456,0.09597837252935595,0.7545450481531215,0.5929772563999085,1.3558818565827508,shared,5,25,0.3099390394932795,0.24424781521583117
-0.008532721030159712,0.50426636051508,-0.014832948237369017,0.5074164741186846,-0.17149266584593215,0.585746332922966,0.8812488422610631,0.8995013683130503,0.9076378281117526,0.6143944381169487,0.7874839086397664,0.6411233478734607,0.06379741814930948,0.33833275881220226,-0.0003086780408962676,-0.004838409607326855,-0.000912350438603567,0.04086234793325619,0.1906447549743883,-0.001634938556830525,-0.04001088139871463,-0.008575838118652502,0.024002192278548346,0.14512335711945504,-0.010787921556828119,-0.4494556760329633,-0.07433621831080081,0.043445955221869816,0.04849646233605304,0.09254145185701648,0.5951611821704257,0.5847001904294375,1.014667572667957,shared,5,26,0.3099390394932795,0.24424781521583117
0.24210936045831566,0.37894531977084217,0.2905377692758841,0.3547311153620579,0.16458288147328184,0.4177085592633592,0.8612333284761357,0.9059729676236142,0.912723711135736,0.6957217898552214,0.7350204150354781,0.7015791710566662,0.07518832936754313,0.337679305221602,0.03817593937615428,0.5077375664185704,0.11305383180382146,0.046136630464343596,0.1615666442680712,0.02533714628780045,0.5491763493084331,0.15682164101744345,0.027296028913678706,0.12110313146137738,0.0094051790588015,0.3445621738072066,0.07766255872418155,0.04851029092984403,0.05293787010661999,0.0924550780586378,0.5833383666183304,0.6649451855125957,1.0772245051701645,shared,5,27,0.3099390394932795,0.24424781521583117
0.3552960612995899,0.32235196935020505,0.2850870377236489,0.3574564811381755,0.2453138896173462,0.377343055191327,0.9009811304951315,0.8867425943281254,0.8819774739154677,0.3794037742366688,0.7445654511335542,0.4170734063292831,0.048986835180331555,0.389213052696898,0.04885072110251354,0.997221415155379,0.1255115180850739,0.034849713797173595,0.17406672945165466,0.02216047576119553,0.6358868795930486,0.12731023229427876,0.02381623478513184,0.10410790629013808,0.012340292180485218,0.5181462263795409,0.11853366973007878,0.04682923742829434,0.04837167091697315,0.10152010854176266,0.6355247295703593,0.6378122849536071,1.1069127186696488,shared,5,28,0.3099390394932795,0.24424781521583117
0.49185693850373524,0.2540715307481324,0.4148018819007773,0.29259905904961137,0.21612655349726526,0.39193672325136736,0.9176476595243905,0.9321895533148106,0.911347412408415,0.43167469807369363,0.7389037694576315,0.44461237690934374,0.07234284029409764,0.2667589319621925,0.0678689540672884,0.9381571665057468,0.2544205495503611,0.033112234563621265,0.1470857906889881,0.02865422172625852,0.8653665964827231,0.19481298357941096,0.028575601541834333,0.09434528516449452,0.011411636610624925,0.39934895487391325,0.12095608795636488,0.046381734752498904,0.04566802927777643,0.0927964487009259,0.5545486747206423,0.666244246145382,1.094793988218889,shared,5,29,0.3099390394932795,0.24424781521583117
0.415226416144727,0.29238679192763645,0.3893210588232953,0.3053394705883524,0.24437549556366742,0.3778122522181663,0.9117430435196393,0.9609134342399448,0.9179760094857732,0.48528938670960464,0.7704645350567313,0.5793018411443529,0.08609474357514509,0.339900110578722,0.0709769647855695,0.8244053218373255,0.20881712766942745,0.05145348717730675,0.206172684217676,0.04017979356717822,0.7808954411334684,0.19488417546505146,0.026145705926030445,0.07866382119905738,0.010980321942220587,0.4199665510384507,0.13958541264395333,0.040501600772011224,0.048466632268130715,0.10233644659157341,0.5225437050050573,0.6410673068618059,1.2930658137176736,shared,5,30,0.3099390394932795,0.24424781521583117
0.00588622897545246,0.4970568855122737,0.12508327805821737,0.43745836097089136,-0.0020136008106576295,0.5010068004053287,0.8903345291768197,0.9266967615870312,0.906400257858469,0.6567237192844482,0.7936155644342786,0.6056682255062467,0.0511017105798329,0.41955112543804446,0.0014954582367965655,0.02926434790201999,0.0035644243242946593,0.03888445647660115,0.20496633205678755,0.01073908481525468,0.2761793731569055,0.052394384519108876,0.025389752644673535,0.11652169419456535,0.00023877181028362094,0.00940425901840018,0.0020491618486504757,0.054263358552881606,0.04868203235979859,0.09230158877562863,0.679435404582857,0.6238760538450092,1.2699594305915067,shared,5,31,0.3099390394932795,0.24424781521583117
0.47157252408481065,0.26421373795759473,0.3969332415762015,0.30153337921189927,0.5567135823726016,0.22164320881369917,0.8889053408134429,0.8816730311418339,0.884619806477712,0.5976359022507859,0.5707828657751458,0.5640842914499116,0.06707757602720062,0.2592902839242581,0.0627204897851074,0.935044071355137,0.2418929426735821,0.038287424946111294,0.2084499586819326,0.03495931925388706,0.9130757501475101,0.16771084760554167,0.03081966203442555,0.10283110087557686,0.031106933555162197,1.0093210470775367,0.302505110713546,0.052389716020068026,0.04844645957995984,0.10304822129660306,0.7026633177392493,0.5720912414614416,1.158194648365049,shared,5,32,0.3099390394932795,0.24424781521583117
0.2197928572896155,0.39010357135519225,0.26020025304925926,0.36989987347537023,0.26080427531205286,0.3695978623439735,0.8697447241275441,0.8936360285309767,0.896939070372426,0.5385270171887875,0.8000186841589391,0.562322151576715,0.07178622535660767,0.4306293689801257,0.03856669230165024,0.5372436300984631,0.08955889932214577,0.04037998569830799,0.24143178546408584,0.024982040140435733,0.6186738233907432,0.10347452839490322,0.03093775068110482,0.15561684313920707,0.0182761807063373,0.5907404482866768,0.11744346137383305,0.041892979746172565,0.04695405099774313,0.1076039186908405,0.6290530182679586,0.6014650664673978,1.3188823163692704,shared,5,33,0.3099390394932795,0.24424781521583117
0.46748477022676155,0.2662576148866193,0.3738990079265969,0.31305049603670143,0.22205462720482091,0.3889726863975897,0.8562981963668318,0.9034455318320376,0.8702857087391178,0.7050259984021578,0.6024613161792844,0.6451306560752064,0.04229490815643572,0.260711953596076,0.049216676017202754,1.1636548738955896,0.18877798021280875,0.025772356386315736,0.18368300032966745,0.025713709385622747,0.9977244222525136,0.1399895980546525,0.02186918479863545,0.09765076470941915,0.010235045137462363,0.46801219303341335,0.10481274947430202,0.04947916009076837,0.048720160029647235,0.0972372812086487,0.6636346552338324,0.5576010107491332,1.2186602886592253,shared,5,34,0.3099390394932795,0.24424781521583117
-0.11071908756517292,0.5553595437825865,0.16427461442077299,0.41786269278961347,0.13107049518266595,0.43446475240866705,0.861725694138262,0.8689720163452169,0.8475563883549888,0.5209493054788146,0.7183441599476103,0.49230132017997963,0.05653129068114746,0.4038985316402009,-0.015091264922291191,-0.2669541901565668,-0.037364000460726424,0.028802519110220828,0.19233854236902212,0.012313333602482537,0.4275089118199054,0.06401906477412149,0.02430988549130749,0.11529445280193291,0.006824132049115381,0.28071428191447023,0.059188728366998886,0.050245430233956535,0.05054122694627759,0.10473906175808885,0.6721584296743139,0.6117638067717818,1.0263106108864173,shared,5,35,0.3099390394932795,0.24424781521583117
0.2204824855351299,0.3897587572324351,0.18895407040987885,0.4055229647950606,0.1316002021531972,0.43419989892340133,0.9063728908070812,0.8935197394441179,0.9112511587583234,0.45070951049524016,0.510486381541078,0.3737627129273454,0.0642780194862339,0.2648613579328884,0.028466556357203753,0.44286610858164804,0.10747719704894332,0.03511820085326156,0.13188882744521968,0.012005675302841958,0.3418647599006185,0.09102875152808938,0.03126017337502205,0.10172599911507187,0.007421202520367067,0.23740119516729433,0.07295285949437809,0.04831662426543891,0.04868070962488239,0.09891152484010053,0.5942094432470455,0.6446076774118237,0.9618238973359551,shared,5,36,0.3099390394932795,0.24424781521583117
0.28801015152574017,0.35599492423713,0.09270438768095894,0.4536478061595205,0.18805164649550837,0.40597417675224573,0.9121280353461021,0.9250716747917511,0.9242200506459076,0.6642137011527047,0.5570970752023701,0.5122491804498361,0.08351400549380221,0.2848744405660262,0.04468401024109226,0.5350481033317026,0.15685510483955023,0.051371530725184765,0.15604373794599036,0.00822273150899558,0.16006397693274121,0.05269504317976298,0.04013029948165793,0.07224929271597151,0.010066500627324362,0.25084539007553097,0.13933009236364538,0.0457886314584098,0.042694352150386305,0.10460307021831124,0.6286915982616841,0.552282118509202,0.9889626589107621,shared,5,37,0.3099390394932795,0.24424781521583117
0.1471714714232489,0.4264142642883756,0.3064192007359086,0.34679039963204566,0.16978484874623412,0.41510757562688294,0.8819300242286308,0.9172403233090907,0.9177866548508499,0.4639639129830959,0.6946340314927945,0.5183018105367283,0.07116154927009201,0.3644452119733136,0.022556817628974792,0.3169804179411681,0.061893576559393815,0.04215497439498389,0.17979619370629205,0.025879524948460596,0.6139139050583804,0.14393811356616573,0.038155605027390405,0.1279215084909194,0.011590436127242752,0.30376758850822666,0.09060584309843021,0.053087427933023255,0.053491819236638476,0.1031059693580253,0.66868733963702,0.6650738624467818,1.2542948281467363,shared,5,38,0.3099390394932795,0.24424781521583117
-0.09121833372268981,0.5456091668613449,0.20563021484355642,0.39718489257822176,0.45206395973864394,0.27396802013067806,0.8272132308703458,0.8950992331176374,0.8649855453565038,0.19003186283404921,0.6155545771637649,0.3593276163801429,0.0534428109879645,0.2462389032866156,-0.012241594007171131,-0.22905969541774251,-0.04971429714711748,0.029087399781844936,0.18932589569844502,0.015151587426169354,0.5208986550811016,0.0800291337340484,0.020654493955135148,0.12064244193196276,0.022185726253351273,1.0741355513982673,0.18389652843617907,0.04601935512725099,0.04768013903910038,0.09133542460933687,0.5842316925562399,0.5981040045621819,1.2882881647242979,shared,5,39,0.3099390394932795,0.24424781521583117
-0.06461820739378775,0.532309103696894,-0.18526267640333474,0.5926313382016675,-0.05963475035450387,0.5298173751772518,0.9393961016457786,0.9130475322936507,0.9119578982479979,0.6352712339987269,0.6842565591711107,0.6525591755934756,0.06008661463044251,0.4138643913692912,-0.01163306085869035,-0.19360486408226654,-0.028108387919535145,0.028658594701909703,0.21208828115306774,-0.014829565031111805,-0.5174561134403293,-0.06992166163301146,0.02410078510219845,0.14738496968211975,-0.002993946514832708,-0.12422609894810452,-0.02031378451473077,0.04429159559583927,0.043697790102084653,0.08409732037796253,0.6651178647117933,0.655812549793255,1.4054280102374388,sexlimited,0,0,-0.11433185196088069,-0.04603687477330694
0.07288038930522374,0.4635598053473881,0.0811896582219517,0.4594051708890241,0.20095607632530932,0.3995219618373454,0.8498275077134201,0.8489569019980153,0.8627880077004929,0.5130093938072455,0.8168909602338119,0.5659991194163865,0.04268095740249289,0.48550579183004305,0.01091620990969969,0.25576300472261904,0.022484201205000325,0.033051327261609115,0.24524019102120048,0.00746092169483249,0.22573743062653795,0.03042291585145401,0.022199531509436668,0.10530010480711735,0.010449549106699709,0.4707103436961168,0.0992358851478884,0.04451397542164565,0.04071915985573444,0.09049461402472184,0.7302879679403226,0.7078717455976188,1.0937833510797628,sexlimited,0,1,-0.11433185196088069,-0.04603687477330694
0.14496620738892532,0.4275168963055374,0.20345992607033558,0.39827003696483226,0.12536908206488265,0.4373154589675587,0.8316999562409431,0.8628630913545425,0.8404713988674414,0.5093853708318083,0.7016603167330585,0.5848785701188303,0.07205896756875861,0.4553048367846859,0.02809624844644829,0.38990634190864404,0.06170865358000805,0.029333623149358355,0.15680659713486791,0.013905190965728481,0.47403591758601576,0.088677333860952,0.025588807312064792,0.08090191558212137,0.0048787677439819455,0.19066022438965607,0.06030472466414765,0.04557336841749613,0.044011604784620635,0.09288328152429205,0.7028134492016178,0.6833495147570791,1.0459155584588313,sexlimited,0,2,-0.11433185196088069,-0.04603687477330694
0.24253876203401992,0.37873061898299015,0.3274220476181975,0.33628897619090115,0.025561359331566613,0.4872193203342167,0.906401785185021,0.9095465593193172,0.8712607282468826,0.4700564093213374,0.6753274785401695,0.6746631536167942,0.05901172296938886,0.4257991680759566,0.038447185787219874,0.6515177638037034,0.09029417779501495,0.03773185045456586,0.2317562360603567,0.03041995624065909,0.8062142692229936,0.1312584151251782,0.02524360042396644,0.1323857135224567,0.0015691634653196324,0.06216084231114109,0.011852966785977656,0.04924114394892458,0.04954501784554761,0.09173995469600574,0.6491750373865142,0.657310974006832,1.1967104800685975,sexlimited,0,3,-0.11433185196088069,-0.04603687477330694
0.006843717810290743,0.4965781410948547,-0.09951783779532496,0.5497589188976626,-0.23996554011670404,0.6199827700583521,0.8818428204389936,0.9101678996494348,0.87809560067616,0.6103454187046982,0.8621848346492478,0.6480886993358907,0.05422608205282165,0.3615692927317634,0.0019245749207621975,0.0354916831145475,0.0053228384142399434,0.03707008465885098,0.1439409727084859,-0.007595572958892469,-0.20489764263537835,-0.052768664932362784,0.02337048607635817,0.11475632628036196,-0.01218967317561934,-0.521584067006229,-0.10622223254026682,0.04823454489217479,0.046982228398526164,0.0900716802091307,0.6677248957270449,0.6809318503915827,1.0660543266820135,sexlimited,0,4,-0.11433185196088069,-0.04603687477330694
-0.046516688146365524,0.5232583440731827,-0.19582409962013608,0.597912049810068,-0.16707053296947968,0.5835352664847399,0.8335188628534558,0.8833222321546376,0.90837823821582,0.4649731021528372,0.6984014156376946,0.6495936178918242,0.0765996624573775,0.44630030702001106,-0.007293193131650605,-0.09521181814226364,-0.016341447713419555,0.04032017687629632,0.21275153816333536,-0.018147296581588167,-0.4500797860402422,-0.0852980746379186,0.023568702396640686,0.10778547657172925,-0.008056145600494868,-0.3418154069289421,-0.07474240367749037,0.05294502836843202,0.050789025111157585,0.08733787904780028,0.5768787197249786,0.625649589893272,1.2123324667444433,sexlimited,0,5,-0.11433185196088069,-0.04603687477330694
-0.25858142957073205,0.6292907147853659,-0.17268270019579537,0.5863413500978977,0.09175669580124658,0.45412165209937677,0.9058665672133656,0.8409196293736895,0.869330914886272,0.21254567543671138,0.677266880843504,0.37063866174702875,0.052816675494209875,0.2766967744587307,-0.03068941684563462,-0.5810554442980608,-0.1109135330748568,0.03455236816326403,0.20031107661521397,-0.014137026881564443,-0.40914784233501217,-0.0705753626831174,0.027359746045306135,0.0654724117164862,0.0020929753959806957,0.07649834879734817,0.03196728730635222,0.04204778258913986,0.0482886438271068,0.10313502100351264,0.5981576843549917,0.5629049224179089,1.0183162978616036,sexlimited,0,6,-0.11433185196088069,-0.04603687477330694
-0.29496061536165974,0.64748030768083,-0.3216479616361461,0.660823980818073,-0.33872545756857675,0.6693627287842884,0.9032748469712992,0.8912755348179224,0.8804093543349755,0.5546936004792289,0.792967075446362,0.5862584271621917,0.08287370019393311,0.3930612259762326,-0.05385978039807329,-0.649901962528954,-0.13702643974689596,0.05145859350273353,0.15977022387764447,-0.028679655001291084,-0.557334607285129,-0.1795056319333607,0.036493487225605865,0.09619517545809886,-0.020076865692749784,-0.5501492792024198,-0.20870969460932018,0.0452940771514691,0.04032626248118168,0.0943164035764956,0.549493941618281,0.5292745588933794,1.1718117967418313,sexlimited,0,7,-0.11433185196088069,-0.04603687477330694
-0.24379096072136938,0.6218954803606846,-0.14379824168394642,0.5718991208419733,-0.11728310007933734,0.5586415500396688,0.9105174098261289,0.9194234178643382,0.934634106442685,0.41814394409925687,0.6021278386644848,0.2222137805744903,0.08221934064881078,0.3945456091303725,-0.042083459816595455,-0.5118438007955997,-0.10666310520943985,0.047966607544384476,0.21925226127660774,-0.0147798747458545,-0.30812841479728126,-0.06741036402451636,0.04002056283672952,0.11456000049984902,-0.00674456318368763,-0.16852744453403082,-0.05887363088564685,0.04423875674049339,0.04360700524679562,0.09355440871017576,0.736315842830233,0.627235737450077,1.2148613633851322,sexlimited,0,8,-0.11433185196088069,-0.04603687477330694
-0.034249058071184696,0.5171245290355925,-0.10728768558186406,0.553643842790932,0.1365924212313184,0.4317037893843408,0.8135168422683308,0.9025940384134465,0.854235430358948,0.6215384972508541,0.7564845963062654,0.5767141902097409,0.052030924895764795,0.28805830560616,-0.004851384571150151,-0.09324040617899997,-0.016841675718884064,0.023092826575604367,0.15579873595888993,-0.006703328206578669,-0.29027751040490524,-0.04302556221218286,0.022743976242182842,0.09952682816405424,0.006530751392275455,0.28714202489197943,0.06561799981720048,0.04969599213485812,0.032407244645782866,0.09587379783712748,0.659314796900912,0.6912375707248041,1.1527846813771079,sexlimited,0,9,-0.11433185196088069,-0.04603687477330694
0.19531368340204974,0.4023431582989751,0.010905570227955397,0.4945472148860223,0.17851852635124127,0.4107407368243793,0.8480382614129416,0.8891817868863834,0.9313278845757373,0.49919115992027707,0.7075228971146971,0.4245797842202923,0.044415312266793246,0.36815494958286277,0.024589274164738915,0.5536215532390366,0.06679055705376158,0.03602835268711678,0.15336153945727748,0.00071415364514599,0.019821989957408213,0.00465666716487894,0.018676776367474307,0.10698736896801958,0.007775031639498997,0.41629409093526715,0.07267242586200144,0.04977185055849305,0.048147764121617774,0.08529901936937864,0.6082368004692453,0.7616681381047938,1.0954649550438726,sexlimited,0,10,-0.11433185196088069,-0.04603687477330694
-0.32016448368013534,0.6600822418400677,-0.46850441456599307,0.7342522072829964,0.04332250234070205,0.47833874882964894,0.9128010611304587,0.9151667380147988,0.928310415472771,0.08013025403011853,0.6061374544185564,0.31064809232374974,0.06611187978577907,0.26759897773757485,-0.042416463181039844,-0.6415861009924543,-0.1585075680768714,0.04309589655077667,0.12236360618488157,-0.03406653912993151,-0.7904822003132818,-0.27840417745174745,0.026867875424641797,0.06631032551236507,0.0019814433477126836,0.0737476751100092,0.029881369641945106,0.04718136180395626,0.044369456098609726,0.09669686683881071,0.6048585162865437,0.6215373357407433,0.9998358059090398,sexlimited,0,11,-0.11433185196088069,-0.04603687477330694
0.05547893455457933,0.47226053272271035,-0.14995348791855,0.574976743959275,-0.07832949003081476,0.5391647450154075,0.8515966241949399,0.9227141847639119,0.9238645793076568,0.28879839635690185,0.7170775970464023,0.5077551666490758,0.08372465567401483,0.19097158610467532,0.005282394454946317,0.06309245959175423,0.02766063037278714,0.04518141137341388,0.1928314717978201,-0.012854732983233991,-0.2845137544950202,-0.06666304448846358,0.0294805246187138,0.09108043911094992,-0.0038583734416394707,-0.1308787238877775,-0.042362262186059305,0.046288667918222684,0.04160282314117617,0.09224255253744006,0.5530622590345364,0.6945199650945628,1.1346301659371139,sexlimited,0,12,-0.11433185196088069,-0.04603687477330694
-0.30629557935145,0.6531477896757252,-0.29715264596454305,0.6485763229822714,0.07278961002591637,0.4636051949870417,0.8806013840550403,0.8344220815913056,0.8524099801971854,0.6457761118732374,0.835852371991157,0.598936172461985,0.04773551564175426,0.3488418109291159,-0.04003526509187657,-0.8386892768129589,-0.11476624601060699,0.023794881183117934,0.19345759895512882,-0.020095239624477918,-0.8445194354967047,-0.10387412917876063,0.018947799376842808,0.06481647659809525,0.0023720187177827356,0.12518702940678778,0.03659592193649788,0.04432568155158482,0.04237779550418176,0.0846954949374389,0.6919127118496073,0.772275270464699,1.0686299442455822,sexlimited,0,13,-0.11433185196088069,-0.04603687477330694
-0.059610224146061284,0.5298051120730306,-0.022650271298610577,0.5113251356493052,0.023377334482440663,0.48831133275877964,0.8476481392179502,0.8720147707698744,0.8495406722518327,0.540939508526371,0.7175759320303677,0.5786049987733172,0.05178617838082615,0.28497692593728224,-0.007445795925218614,-0.14377959830253514,-0.02612771507984224,0.03194251628341743,0.15787487400894462,-0.0020827071961126526,-0.06520172605167818,-0.013192138452599202,0.028298542983704694,0.0761447761488165,0.001349068114147829,0.04767270579706773,0.017717145973496926,0.04689275775769049,0.039713936568737486,0.08281073270478416,0.5552866473539397,0.6882667167600693,0.9032677601820484,sexlimited,0,14,-0.11433185196088069,-0.04603687477330694
-0.360646599952769,0.6803232999763845,-0.3430339579059835,0.6715169789529918,-0.0398955620389978,0.5199477810194988,0.8795672292121174,0.909929557830972,0.9206496075287115,0.34041756928443195,0.5813739258343177,0.3376900518389473,0.046685531653451955,0.26563024776483785,-0.03968076691435558,-0.8499585526605341,-0.14938346535551522,0.03285257854121635,0.12869883009875893,-0.02231672055046356,-0.679298902594977,-0.173402668333026,0.026968939546649223,0.06640353067694324,-0.0017607301894647675,-0.0652873349513489,-0.026515611015185545,0.045250669658891955,0.045123984025127545,0.09333228482638144,0.6848528843631932,0.6173838175639712,0.9731046404485028,sexlimited,0,15,-0.11433185196088069,-0.04603687477330694
0.005321129274871837,0.49733943536256414,-0.018006811609227045,0.5090034058046136,-0.13550817774989227,0.5677540888749462,0.897402018926258,0.9422262609872677,0.8839198157601145,0.4606359716881402,0.6336202839073921,0.48870519494945197,0.06909213338257444,0.31473191401138867,0.0008567800205887249,0.012400543718119019,0.002722253392319541,0.033258562376582784,0.19401661742558995,-0.002223007873291606,-0.06684016729649195,-0.011457822029827848,0.029585485307793924,0.07201150038222602,-0.007553368514034005,-0.2553065611549784,-0.10489114202511934,0.04745256648342527,0.04280262708154988,0.08984973583712254,0.5632190880589105,0.5026294394017196,1.091159035082937,sexlimited,0,16,-0.11433185196088069,-0.04603687477330694
0.17048984938622397,0.414755075306888,0.18927594512568907,0.40536202743715544,0.08881844985646754,0.4555907750717663,0.8238932569052781,0.844097258633096,0.9202140751602524,0.14310370379840753,0.5338015507145101,0.4167848849554284,0.04612028453359965,0.34687445124208666,0.02092147868930274,0.45362856931337836,0.06031426821545142,0.03422974495213205,0.116139728268789,0.01054716334714702,0.30812859873471166,0.0908144310682138,0.028662018483486203,0.09028701103310695,0.004452069808209276,0.15532994686938614,0.04931019154656439,0.043527201069981286,0.05089228518460982,0.09041571250473823,0.5620500165444057,0.6401551620688726,0.9947416821976603,sexlimited,0,17,-0.11433185196088069,-0.04603687477330694
-0.288652681400097,0.6443263407000486,-0.3149896329647052,0.6574948164823525,-0.11916146173237116,0.5595807308661855,0.866239221550227,0.8861491602845439,0.9029790074650235,0.5560060421045955,0.7520964189689209,0.47030540655514597,0.03946603525211511,0.3852018881441622,-0.03624349322516155,-0.9183464463463973,-0.09408960428459112,0.030278264685304233,0.1865443889157027,-0.023609268209103543,-0.7797431079517072,-0.12656112760256918,0.019500433554223717,0.12305213648316132,-0.005803057909593489,-0.2975860969171411,-0.04715934298619504,0.0447100983241538,0.04438925095477066,0.10577067194126176,0.5368011238679818,0.6239182878235244,1.0669587411685915,sexlimited,0,18,-0.11433185196088069,-0.04603687477330694
-0.1322569604405189,0.5661284802202594,-0.05741175235523522,0.5287058761776176,-0.2489922501072364,0.6244961250536182,0.8151278309494886,0.8956473862688251,0.8331803630270521,0.11127948744346416,0.5360015413673075,0.31036028747154815,0.04449945312984196,0.19410330929629893,-0.012387321667291812,-0.27837019999206913,-0.06381818894381935,0.020502450118933882,0.10229291993336083,-0.0029594086617696566,-0.1443441464118799,-0.028930728184292483,0.014569608484128005,0.06712435003424144,-0.00780234109214477,-0.5355216717487342,-0.11623711943824623,0.051459575604607115,0.041378321833111804,0.09231064036340081,0.5303195926148652,0.6742346198197671,0.9791052725311739,sexlimited,0,19,-0.11433185196088069,-0.04603687477330694
0.35974903171264205,0.32012548414367903,0.27879436661211426,0.36060281669394295,0.23383245777646666,0.38308377111176667,0.912849124877116,0.9035265476244431,0.8524324829804801,0.5187520221727736,0.6859344008382705,0.5942278627146501,0.04391076042692156,0.3844389766258414,0.04671844057954513,1.0639405950916347,0.12152368365347684,0.03299264934374833,0.16792914707103263,0.021053825968774,0.6381368695013098,0.12537326804779403,0.02158183180766172,0.10678267574583758,0.010813839324324125,0.5010621628737337,0.101269604351019,0.050320557747816505,0.04458391334554141,0.09101407566055195,0.5496090657749328,0.6395197971252661,1.0786193028084816,sexlimited,0,20,-0.11433185196088069,-0.04603687477330694
-0.15908249140326675,0.5795412457016335,0.27063738894112527,0.36468130552943734,-0.013939937697911504,0.5069699688489557,0.8712714116494064,0.9156502107546136,0.9023606235434267,0.6044228605686446,0.6412566769467161,0.5399674478237576,0.06788126682523551,0.32416509706172725,-0.024451815488374752,-0.36021448378869314,-0.07543013023304806,0.030963669524128393,0.18406014933624112,0.020243913307009104,0.6537956779067825,0.10998531393141227,0.028340535477400744,0.08912342021259514,-0.0006613510781443624,-0.023335870935527515,-0.007420620489729574,0.04762200234066406,0.04427403892024364,0.10688758419068754,0.6128672748931754,0.7517582844923998,1.0491527826124645,sexlimited,0,21,-0.11433185196088069,-0.04603687477330694
-0.3230770823105401,0.6615385411552701,-0.14906452879350127,0.5745322643967505,-0.20078513579834464,0.6003925678991723,0.7226553389180933,0.8224938460047939,0.8363182561520559,0.6201642232516079,0.7972628328825524,0.6008993055354376,0.03775798998817871,0.47377646645917365,-0.04384903711144456,-1.1613180978429423,-0.09255216376439232,0.018582638058225454,0.20565574960332444,-0.009429266822024673,-0.5074234773598727,-0.04584976029219777,0.012615322239500763,0.19736840102686204,-0.010012657952900983,-0.793690225490207,-0.050730805442043635,0.04790502972055828,0.042554584758886266,0.09794720293982336,0.689590472016998,0.5987331237808533,1.2014494925199906,sexlimited,0,22,-0.11433185196088069,-0.04603687477330694
-0.036284362773265695,0.5181421813866328,-0.09698945933880418,0.5484947296694023,-0.10091589488845988,0.5504579474442299,0.8878922722672236,0.924410322286179,0.8803040294366172,0.5564549907294308,0.7327100623512747,0.6241957205548643,0.06572307443170415,0.41908833158130054,-0.005106886912987517,-0.07770310438374754,-0.01218570532307176,0.03464243098068992,0.3013635269505215,-0.010440725087310728,-0.3013854626175197,-0.034644952536094085,0.024044275869250464,0.11548635238125493,-0.005590065284730811,-0.23249048193960317,-0.04840455317418232,0.05111596512538178,0.043042320593815575,0.09100481454096417,0.6801288483110429,0.6915338513668351,1.1881508881852914,sexlimited,0,23,-0.11433185196088069,-0.04603687477330694
0.1564595463859029,0.4217702268070485,0.12172371937996898,0.43913814031001547,0.1272614372298399,0.4363692813850801,0.8860693916505323,0.910489076122273,0.9001771999384239,0.6087745127174135,0.5887002886436175,0.5249633739844725,0.06111920167057394,0.34184271123142934,0.022588120702027332,0.36957486492992697,0.06607752618348224,0.023143594664406693,0.1531360252635973,0.007363232182200639,0.3181542145449341,0.04808295219577564,0.02025300597951286,0.10991587883158896,0.005767865232549028,0.2847905756994084,0.05247526830392216,0.04567306129448613,0.03938055684361615,0.09317783411151183,0.6778106916942629,0.5082489358174624,1.1032207614382221,sexlimited,0,24,-0.11433185196088069,-0.04603687477330694
-0.22375443769932135,0.6118772188496606,-0.04483648488076992,0.5224182424403849,-0.15248006465260816,0.5762400323263042,0.871455062518464,0.8763118196508937,0.8896610100280269,0.41048559361343323,0.8501880900532609,0.53551478343747,0.049059894502292915,0.3059351428598437,-0.027403606351074205,-0.558574506306642,-0.08957325430125058,0.028633758697877303,0.1654070897397639,-0.0029238236537266087,-0.10211106703023796,-0.017676531630697816,0.021464468950837014,0.0820309042429095,-0.006287891257220088,-0.2929441800597117,-0.0766527117463001,0.045771382756419836,0.042172957036591456,0.08391058561289509,0.6579700135508154,0.5804559370193143,1.19289845890635,sexlimited,0,25,-0.11433185196088069,-0.04603687477330694
0.10741094335711131,0.4462945283214443,-0.11263589358017789,0.556317946790089,0.18296132519670766,0.4085193374016461,0.8891603781708963,0.8275137526219515,0.834725712301592,0.6238819886361934,0.6691008261452669,0.6775433754237586,0.04907042587100213,0.3080937882490365,0.012361477867684796,0.25191299338181894,0.04012245082232181,0.025893318194347828,0.18493458425444376,-0.008026108245846528,-0.3099683163665954,-0.04339971497599249,0.016369842285296355,0.12450093297012826,0.008246212835958572,0.503744183495613,0.06623414491148513,0.04743966962376434,0.044130675222086906,0.09118285320782187,0.5229815056577591,0.6819508607802622,1.0693817115136885,sexlimited,0,26,-0.11433185196088069,-0.04603687477330694
0.025791942390016868,0.48710402880499176,-0.02923170055754449,0.5146158502787723,-0.09667852052421665,0.5483392602621083,0.8423256739434464,0.8962646659222229,0.9002722392059594,0.5458898059311763,0.6627557169180465,0.44071626286411997,0.05838249324767216,0.2730710768468237,0.002321877052629814,0.03977009071503455,0.008502830396542678,0.03700724326636351,0.14032567196245008,-0.0034526311893077737,-0.09329609245566062,-0.024604415863632333,0.023465615188181577,0.07767336788159902,-0.003907024413799131,-0.16649997805158323,-0.05030069533942164,0.0398636995555655,0.04570121283667277,0.09908934707764734,0.6068313475836512,0.6781374097152161,1.136710159543577,sexlimited,0,27,-0.11433185196088069,-0.04603687477330694
-0.047671902787032525,0.5238359513935162,0.07406608114605241,0.46296695942697375,0.07265988936894023,0.4636700553155299,0.8292260938476116,0.8349331474690825,0.8494411247529344,0.4904330771423517,0.6219540679686454,0.39870157511857945,0.033068190367426385,0.33346901232783766,-0.005361488803958717,-0.16213432741212286,-0.016077922102962203,0.018673099148564066,0.17816494340954742,0.004080511235009693,0.21852351356060135,0.022902997396237655,0.012502488043033581,0.09362737058063095,0.002698625643746882,0.21584708855215126,0.028823042097746967,0.04506249015729701,0.04499701402189324,0.09322844064149455,0.5698807509111431,0.7108837423774874,1.0784995026327007,sexlimited,0,28,-0.11433185196088069,-0.04603687477330694
0.0878157521019167,0.45609212394904175,-0.05877657264698421,0.5293882863234921,-0.15054121522259267,0.5752706076112964,0.9298700360580602,0.9347253784419148,0.9290596673793601,0.39481327468498034,0.6969214428849886,0.3928303331153825,0.06355277673435426,0.3969266392623412,0.014142850060885278,0.22253709102280939,0.03563089161052208,0.04242788757081043,0.19984726282551832,-0.005345081028565786,-0.12598037127455525,-0.0267458305557702,0.02514101786308562,0.09505678780747666,-0.007212088119406303,-0.2868653989541037,-0.07587136369486112,0.042383945658758145,0.044198050749395645,0.0938034441894731,0.6462258968850654,0.7050558300118345,1.2439027486824383,sexlimited,0,29,-0.11433185196088069,-0.04603687477330694
-0.06331508901938263,0.5316575445096913,0.1769958592530034,0.41150207037349834,-0.3692410794719291,0.6846205397359644,0.9058878492186788,0.9024298317287401,0.817715114916736,0.35527196768892055,0.5091680520933641,0.37443651133995015,0.04873142449987762,0.2533159158358456,-0.00746632929447432,-0.15321385268540774,-0.029474378938403017,0.031009758697992818,0.09317430860888892,0.009437091185762912,0.30432649533560385,0.10128426308346766,0.024311067540412113,0.055140623778938073,-0.013593603539768151,-0.5591528844700712,-0.24652611102597766,0.04240810521410365,0.042571576835630245,0.08813026897551784,0.6367304661231541,0.6039334378176924,1.107389970680428,sexlimited,0,30,-0.11433185196088069,-0.04603687477330694
-0.33244061686772386,0.6662203084338618,-0.2856774102445803,0.6428387051222901,0.054022064518066876,0.4729889677409666,0.9150638859631408,0.880861323709675,0.894644627221475,0.3847537313634385,0.5606797723247079,0.2971425723380989,0.09168062141466544,0.2518030331060065,-0.05121941163161061,-0.5586721691157455,-0.20341062218280653,0.042943362795243745,0.11795592959621362,-0.02026809111620902,-0.4719726122252783,-0.1718276578853703,0.03707724901307747,0.0971540718572649,0.0030881655546988675,0.08329004003532313,0.03178626994899281,0.04728025554981291,0.049016673882399865,0.11477931592296411,0.5861996377137079,0.6504126171261585,1.2796606078262607,sexlimited,0,31,-0.11433185196088069,-0.04603687477330694
0.024788586595074526,0.4876057067024626,-0.0376826081037287,0.5188413040518643,0.16685818523343374,0.41657090738328323,0.9140806890632234,0.8743148940151722,0.915835212032523,0.5589215100934113,0.7845299196790524,0.5367504021130913,0.051087113676386985,0.2883477027837243,0.0034014788437656627,0.06658193424886838,0.011796448561676068,0.026119237654633063,0.17663750438219147,-0.0023874669370973385,-0.09140645560433677,-0.013516194906895674,0.030512718810712457,0.13168814113386426,0.010408405669406224,0.34111695303114137,0.07903829137375264,0.04979175568500863,0.04849152101421565,0.10041149494301137,0.6504065529891369,0.6720372744007818,0.9936562282864987,sexlimited,0,32,-0.11433185196088069,-0.04603687477330694
0.21642210665403538,0.3917889466729823,0.137712406052422,0.431143796973789,0.08255574965083602,0.45872212517458205,0.886277630906571,0.8928577751177007,0.872090678338561,0.6818659725257946,0.8013308509752459,0.6312947999437243,0.04786479361594564,0.4069657388007186,0.030131314844956382,0.629508926471553,0.0740389471943017,0.029616952582849826,0.17748920737231888,0.009885510172877717,0.3337787756935561,0.05569640159663847,0.019890349512924396,0.13133460810968026,0.004655255080751127,0.23404591647453077,0.035445760624369674,0.04054105778514713,0.03736251532862028,0.08596536989816204,0.6200223111612571,0.6731512325363305,1.340948694001474,sexlimited,0,33,-0.11433185196088069,-0.04603687477330694
0.039989003934370174,0.4800054980328149,0.15014283146079052,0.42492858426960467,-0.19255848145543547,0.5962792407277178,0.8698701071490437,0.8886047722662562,0.901360877787535,0.565924758036559,0.5701260386920387,0.315731036635176,0.05262712942936933,0.25314434821989157,0.004543478987852184,0.0863333994674737,0.017948174706652078,0.031210186960485987,0.11810497683480327,0.008280717070438799,0.2653209697501234,0.0701131932993922,0.027707738974138463,0.08823460101249465,-0.00954459987634065,-0.34447415161696454,-0.10817298165137128,0.04546624661017035,0.038628997015626665,0.09267251045096962,0.6269489023886193,0.6126468986436671,1.0861185635042312,sexlimited,0,34,-0.11433185196088069,-0.04603687477330694
0.09319241513099695,0.4534037924345015,0.197171089418167,0.4014144552909165,0.09699399077089704,0.45150300461455156,0.8555688553924111,0.8834599548693892,0.8658610200957664,0.27687548165874676,0.5195588612424101,0.345027074991067,0.05607387364433268,0.22007761830483488,0.010855208973258989,0.19358764194019815,0.04932445678425679,0.027386792693956642,0.1574145764203736,0.013034353828695193,0.47593575393629217,0.08280271195398778,0.019463203407611963,0.11027812178441355,0.004431520572676362,0.22768711192440272,0.040184947847948405,0.045187614303950595,0.04180366759662248,0.10140299796854378,0.6239488338362656,0.6920279896813335,1.0912105183682177,sexlimited,0,35,-0.11433185196088069,-0.04603687477330694
-0.02567199604635384,0.5128359980231769,0.018883969066083688,0.4905580154669583,-0.016964491455749166,0.5084822457278747,0.867538003879118,0.8756178178859346,0.8974096366822502,0.588092900198765,0.7766932498357781,0.5887166323452427,0.06319750089127585,0.4495323039165998,-0.0061518088138595994,-0.09734259625935353,-0.013684909316330075,0.04360258113300069,0.35360975089185376,0.0025090076565937275,0.0575426406280976,0.007095414225047968,0.0291469435727013,0.11145416451115082,-0.0007482394012700325,-0.025671281772776517,-0.006713427035695668,0.045477315218566,0.043284567755230596,0.09034459554359986,0.65529360818766,0.6013871109630835,1.1038005095040673,sexlimited,0,36,-0.11433185196088069,-0.04603687477330694
-0.04989348462230496,0.5249467423111525,0.10255683492581746,0.4487215825370913,0.2100812059213867,0.39495939703930666,0.9118140650667155,0.9155840255914742,0.9354718035897175,0.6276241264418716,0.8100037173177644,0.6941136253474048,0.061779924081049965,0.42218372998069154,-0.006218356475621485,-0.10065335249463134,-0.014729029173876218,0.0419340524527072,0.18505576510652091,0.008893899281022652,0.2120925300757207,0.04806064418421759,0.032483033998664784,0.1503690056088991,0.013878970280926458,0.4272682866230092,0.09229940854317305,0.050050028525936735,0.04744256982668981,0.08549641385996717,0.5639578292893268,0.5493705241277073,1.0626229403944238,sexlimited,0,37,-0.11433185196088069,-0.04603687477330694
-0.3293543231603424,0.6646771615801712,-0.24512925590442255,0.6225646279522112,-0.0641326701910675,0.5320663350955338,0.8522717084167536,0.9014917514245422,0.9058007707141135,0.4784953240030536,0.8286749572137596,0.5077164882522408,0.07127515118872031,0.4877682033840547,-0.06081380075021876,-0.8532258400855259,-0.12467766518666597,0.038175001160123415,0.26452238423611674,-0.02442177217297266,-0.639732061055783,-0.09232402862047928,0.033310278123262704,0.11342136647143174,-0.0038262604889439627,-0.11486726333491162,-0.03373491792578351,0.048212854609052426,0.04331582865354964,0.09024156726387951,0.5910294672841835,0.7910597041487661,1.0367735429851046,sexlimited,0,38,-0.11433185196088069,-0.04603687477330694
0.02361299507477854,0.4881935024626108,0.10556761992820039,0.44721619003589985,-0.11593472223735393,0.557967361118677,0.9058977739188743,0.9161326225703397,0.9310263829551011,0.41280719679933625,0.5866769683635252,0.27061810563211347,0.09487271687449111,0.23281470346659883,0.0027859553372754997,0.029365189793827576,0.011966406312800566,0.05001769692341823,0.12459460139467715,0.0084764476960884,0.16946897233326505,0.06803222291500124,0.03916393873821827,0.09828399446281531,-0.006709795441468678,-0.17132585888050378,-0.06826946216565563,0.048032694211944456,0.044808244366623916,0.09409969971296633,0.5824862692709923,0.645839295715968,1.2007213663369278,sexlimited,0,39,-0.11433185196088069,-0.04603687477330694
0.26127957132180685,0.3693602143390967,0.10500393286266937,0.4474980335686653,0.08594823050896769,0.45702588474551614,0.8313715709901535,0.9057327269694786,0.8853426678422771,0.2695086806287305,0.4136742076521715,0.4540800435696626,0.07190026435017526,0.24158794449507204,0.033668138307309206,0.46826167624830356,0.13936183106188055,0.034272137219218964,0.12437024444733051,0.006954639871738351,0.2029240203858183,0.055918840576723056,0.021598756759347942,0.12061911529986723,0.00450901398248544,0.20876266318124717,0.037382250493843604,0.052642797138538415,0.04650273180311276,0.10412109116632859,0.547911226504981,0.5957792561448603,1.0492711811960909,sexlimited,1,0,-0.038289992089817475,-0.036031017994924704
0.0033863557251504156,0.4983068221374249,-0.09743320731515716,0.5487166036575786,-0.10014335320488715,0.5500716766024435,0.9011027931502618,0.9419480421172901,0.9124784222713878,0.45888048283819854,0.6191366431354685,0.4481170466110869,0.0710807307276805,0.31141805057798494,-0.0015733187516960418,-0.02213425123221693,-0.00505211161901501,0.04469580023919171,0.13953489023996535,-0.006254580761193269,-0.13993665462351232,-0.04482449336102923,0.03183258992901807,0.09459164363918209,-0.005829208453094528,-0.18312077233089716,-0.06162498323139331,0.044462226881673436,0.04528775072858252,0.09078160182395421,0.5500581621614935,0.6170018881787188,1.1662471193410073,sexlimited,1,1,-0.038289992089817475,-0.036031017994924704
-0.014739899726880307,0.5073699498634401,0.03840119625271127,0.4807994018736444,0.12585175993740266,0.4370741200312986,0.8948089433648527,0.9000346475411619,0.8769947138329242,0.4757445764771202,0.5241937718763663,0.30971604810047887,0.06730133091700856,0.16496272718320787,-0.000978838663958626,-0.014544120459752327,-0.0059336959364858595,0.03929654218454447,0.13179457018685226,0.003930111842683936,0.10001164540705235,0.029819983001666946,0.02792800975606999,0.05670120815900389,0.004812724107655029,0.17232606797586109,0.08487868713765301,0.043149841657307335,0.04586509692314287,0.08491819025569036,0.6387950656743611,0.6142863787080985,1.1172999949225577,sexlimited,1,2,-0.038289992089817475,-0.036031017994924704
0.1901603188996815,0.40491984055015917,0.17663445535696562,0.4116827723215173,-0.2411017724902826,0.6205508862451413,0.9092131762096439,0.923814724649168,0.9380875484449788,0.505276570210808,0.6125654943698453,0.43698055539619063,0.06281397868386922,0.33105124056318624,0.027273570142645198,0.43419587031587153,0.0823847392815905,0.04170802880106663,0.2032735187808189,0.014990445290432369,0.35941389994554257,0.07374519504725022,0.03073300006281186,0.12269350530476679,-0.014451563512700948,-0.4702295084490599,-0.11778588831416725,0.06243945334616051,0.046482290802864125,0.10419916914854155,0.6796425906041188,0.7696758450563559,1.2782989446468132,sexlimited,1,3,-0.038289992089817475,-0.036031017994924704
0.05336223596694153,0.4733188820165292,-0.03543247060120356,0.5177162353006018,0.2692515712529813,0.36537421437350937,0.8372412308758514,0.8930650379759653,0.8983831191688212,0.585823289424106,0.7510151957195361,0.6287613232020709,0.047443092142089,0.39913699336104536,0.007788124286055089,0.16415718146553684,0.019512409061542998,0.02720316560136894,0.20816221325267137,-0.0047038644664195274,-0.17291606923066394,-0.02259711017152707,0.020763947852742878,0.14083159926833727,0.013946178461889003,0.6716535102474137,0.09902733856850036,0.04889203193064415,0.04533214298254856,0.08904434838339388,0.6454582969110592,0.5740832520914534,1.168044569510383,sexlimited,1,4,-0.038289992089817475,-0.036031017994924704
-0.08251655293395768,0.5412582764669788,-0.10691755568696676,0.5534587778434834,-0.01892758718810406,0.5094637935940519,0.9182486529677767,0.933703816923672,0.9396523273630633,0.44304254999476733,0.7548751567296772,0.5324419733661399,0.07732993844376004,0.2596063589533317,-0.01113097485511184,-0.1439413386214848,-0.04287635672712011,0.03975214557991593,0.21245890946405177,-0.010353577863030887,-0.2604533091733758,-0.048732142554759376,0.02566667591806392,0.09357166365130133,-0.0010916258269036716,-0.04253086104287457,-0.011666200902141275,0.048505671483769046,0.043999079549851404,0.10039394913630681,0.6149067702350985,0.6506838234784484,1.096821726245622,sexlimited,1,5,-0.038289992089817475,-0.036031017994924704
-0.058574499618419984,0.52928724980921,-0.033970932641422334,0.5169854663207112,-0.12263847011017785,0.5613192350550888,0.8882460594141031,0.860949310970876,0.860955561492098,0.5314781548349566,0.8223571811960233,0.6089030367247257,0.061206013214026765,0.33639463404263836,-0.009149780282237892,-0.14949152545261696,-0.027199542906734202,0.03639937562127097,0.3042631463262958,-0.003641685846502494,-0.10004803061441458,-0.01196886935033894,0.023625958072865876,0.13055340502344076,-0.007712622296678543,-0.3264469645163891,-0.0590763779412245,0.04491228056332059,0.04696486344507426,0.10617988382723975,0.5797153210627068,0.6334237696706009,1.0499452641045557,sexlimited,1,6,-0.038289992089817475,-0.036031017994924704
-0.09129853248608753,0.5456492662430438,-0.23776288337734924,0.6188814416886746,-0.29829722393081043,0.6491486119654053,0.917418780910368,0.8909485744211866,0.9146806613880402,0.3716720226996849,0.5270012516326821,0.4445703538413562,0.07175452600851472,0.31772607481863563,-0.013500070543110856,-0.18814242521104352,-0.04248965260662653,0.048325459041255445,0.16641521341697754,-0.021381043029747193,-0.44243848799230645,-0.1284800986083759,0.032279812121688234,0.13177460509603192,-0.018981342212756994,-0.5880251762681037,-0.144044007560669,0.045915100901223804,0.051597007600536454,0.0978344890279714,0.6700601855927442,0.7241050473859559,1.0368875544975733,sexlimited,1,7,-0.038289992089817475,-0.036031017994924704
-0.03876494982203271,0.5193824749110163,-0.024143217061929293,0.5120716085309647,-0.0558098573367107,0.5279049286683554,0.9373499354707763,0.9528965258197033,0.9412311064704406,0.3428298840124924,0.6567502348931015,0.4294669450811012,0.07736514082776397,0.260951283869998,-0.004512071458482328,-0.058321763654866694,-0.01729085747947565,0.050083317991754125,0.14967855977723607,-0.0013813402205071572,-0.027580844798153856,-0.009228711330219781,0.03692093195904176,0.11586150997414221,-0.0035252568486279835,-0.09548125308805118,-0.030426470787535433,0.050255155421828755,0.04267223541537178,0.10316857657437048,0.6287331667413877,0.68492995318074,1.1180863330336595,sexlimited,1,8,-0.038289992089817475,-0.036031017994924704
-0.1498675321890628,0.5749337660945314,-0.19160674923192736,0.5958033746159638,-0.03402191654258181,0.5170109582712908,0.8645324751526552,0.9115177663414066,0.9401737420177085,0.18884840784774093,0.3620646183274862,0.5128021012485929,0.06522378636148883,0.14254041754504476,-0.014255194173980926,-0.21855821271973652,-0.10000808486109622,0.03852058538557035,0.17378235321399965,-0.015113835361542169,-0.39235736451720044,-0.08696990852074973,0.028526605447016788,0.11440769856638805,-0.0021522802425290983,-0.07544817228697556,-0.01881237250201464,0.05435621625414413,0.04328129672280175,0.09313895953399418,0.5799302302522674,0.6612350553449399,1.0453085028546447,sexlimited,1,9,-0.038289992089817475,-0.036031017994924704
-0.15868790020692022,0.5793439501034602,-0.24945699540896887,0.6247284977044845,-0.025318071943006525,0.5126590359715032,0.806130802631578,0.7999984773762491,0.8559548199915622,0.3850269425688336,0.7150883904148462,0.3132024519329393,0.038751116107558034,0.28429981742923016,-0.01640145803089304,-0.42325124224471283,-0.05769070898181565,0.02118543704367744,0.18630508306728422,-0.016580291149156105,-0.7826268164764771,-0.08899537723921425,0.01801884627988993,0.10565717191428024,-0.0008064421759394856,-0.04475548342068502,-0.007632630718090324,0.047186854395323795,0.047196279194152674,0.1007276609408524,0.696788975912145,0.7548803315851953,1.1646273755158751,sexlimited,1,10,-0.038289992089817475,-0.036031017994924704
-0.20186759337734922,0.6009337966886746,-0.2854909255952523,0.6427454627976262,-0.2892180602936421,0.644609030146821,0.8870431980546398,0.8654452322097579,0.8896618914135547,0.3203196122541027,0.8018180366583139,0.42294022947227694,0.04174139908552251,0.21920715640846028,-0.019216100950043672,-0.4603607298996487,-0.08766183214492002,0.028040460967786188,0.15978044790023704,-0.019062586562753794,-0.67982429335429,-0.11930487624278036,0.02118096185067041,0.07063073369037734,-0.011044216679506122,-0.5214218673056416,-0.15636559472708372,0.0463074417857761,0.04389033818491754,0.09661952719069457,0.5830628355808725,0.5964643152256868,1.0637218804125324,sexlimited,1,11,-0.038289992089817475,-0.036031017994924704
-0.12682234660069297,0.5634111733003465,-0.1647083371239218,0.5823541685619609,0.13391413677530262,0.4330429316123487,0.8838683046550834,0.8728499435519564,0.8972338127704074,0.3956102693556523,0.7951045788072426,0.2554252949309207,0.06157470005686226,0.2858612704373422,-0.015835779892703464,-0.25717997616033256,-0.05539673096840343,0.04425816509327053,0.14787030675187365,-0.013183614528989385,-0.2978798262694799,-0.08915660499109863,0.03075013868011318,0.11463258629456714,0.007975412400129386,0.2593618351805115,0.06957369329202136,0.049694058077649275,0.04823792896515146,0.10824211068802306,0.6558051366241481,0.6504519236229842,0.9093031396156491,sexlimited,1,12,-0.038289992089817475,-0.036031017994924704
0.06769833857481716,0.4661508307125914,-0.21530731283686555,0.6076536564184327,-0.3140421573565428,0.6570210786782713,0.8521538409462345,0.8769845245351552,0.8361511146978331,0.18050449119039477,0.48349534348230877,0.518510937875097,0.04597717741946589,0.27446071389673915,0.007155270940037922,0.15562658130919782,0.026070291949797823,0.025840233926402324,0.20040703454477113,-0.015549194461400895,-0.6017435641522373,-0.07758806718896481,0.017059194000903572,0.0699907149148567,-0.010311268326043024,-0.6044405336791919,-0.14732337480173796,0.05092921949415411,0.043572691914711456,0.10045922483890739,0.7065759209872093,0.5961363413303534,1.1542823435094007,sexlimited,1,13,-0.038289992089817475,-0.036031017994924704
0.06074349215620474,0.4696282539218977,0.34480341824730887,0.32759829087634557,-0.1476343241747233,0.5738171620873618,0.823532984903116,0.8804918404142591,0.8369110608319369,0.31010840883537044,0.5396331876685889,0.30024079120529107,0.050271474487903686,0.36723756255538753,0.007992334509911835,0.15898349096235379,0.021763390581012298,0.028331760854736585,0.13386252010377822,0.02099000689023651,0.740864890038324,0.1568027172502341,0.025029256661954474,0.10561624694635362,-0.007593218231797793,-0.30337370119903745,-0.07189441446120187,0.04736593045732492,0.053342602496829095,0.10203560056384176,0.6073941215828152,0.5995003124476412,0.9576566420519768,sexlimited,1,14,-0.038289992089817475,-0.036031017994924704
-0.06675679312352381,0.5333783965617618,-0.04003847756340177,0.5200192387817009,-0.2578622252154342,0.6289311126077171,0.8612902811664046,0.8926700142088925,0.827536385140666,0.6495063435983004,0.709565061639533,0.536558854475463,0.050307679351079444,0.3191338257256926,-0.008592583970281181,-0.17080064278689117,-0.026924704552211357,0.034667041980981854,0.15873049244005175,-0.0029618902266338436,-0.0854382161667765,-0.01865986919780061,0.02160069585463814,0.12925575556650146,-0.013316458302726111,-0.6164828389020058,-0.10302410321585145,0.055079426804876645,0.04320333064509422,0.09935100818872329,0.5375595938148052,0.5987297782333864,1.0793000869942109,sexlimited,1,15,-0.038289992089817475,-0.036031017994924704
0.14197833567089196,0.42901083216455405,0.1385219102811498,0.43073904485942516,-0.20365585466980038,0.6018279273349002,0.8752569044456721,0.8697483314437259,0.8399507953897567,0.281662177794451,0.5797028540846096,0.49891006521514164,0.048336183122150295,0.24188351993065857,0.015726370945279296,0.3253540087254554,0.06501629771961157,0.033102799843799685,0.19026079032078996,0.011371719619896864,0.3435274258840931,0.059769117960266696,0.027993420678746262,0.08325524677129273,-0.0099151638762971,-0.35419622310842114,-0.11909356179718815,0.04501502988350545,0.0447017243991801,0.09670785902967263,0.5785316090123597,0.6847013108407469,1.257839442188345,sexlimited,1,16,-0.038289992089817475,-0.036031017994924704
0.022394571597508774,0.48880271420124566,0.0906612956299215,0.45466935218503923,0.012036147489695722,0.4939819262551522,0.8902169755888617,0.9067688643642672,0.8764682968205647,0.4363253624404542,0.7500842328156128,0.3848587336225652,0.07172106590006111,0.27185835542908154,0.003246325123520193,0.04526320241871123,0.011941237260839118,0.04435260483723056,0.15244208913934382,0.007275658559829949,0.16404129107029583,0.047727360605635864,0.02976380492864884,0.05422190278356538,0.0008949637696292704,0.030068862894872435,0.01650557659700082,0.041807238714266365,0.044679639876811277,0.10770844521024066,0.6256098221600812,0.7179557587557233,0.986230773341195,sexlimited,1,17,-0.038289992089817475,-0.036031017994924704
-0.09440094747346704,0.5472004737367335,-0.13402096521208917,0.5670104826060446,0.10074987935944871,0.4496250603202757,0.8512816381968976,0.900885515593571,0.9044845238854037,0.5499361658301738,0.6120001760672076,0.44267825551811346,0.06014777650245736,0.27142743891207227,-0.012169795074839432,-0.20233158700957515,-0.044836274194009484,0.026853413566440706,0.1764415238952219,-0.009389613164651436,-0.34966180896963656,-0.05321657259221682,0.020537883239269746,0.08340893000434343,0.00408063455832659,0.19868817593256913,0.048923233496870125,0.044828601037006345,0.05345548121429797,0.10539381242831507,0.5873189922558658,0.6604726169788536,1.0070170803863996,sexlimited,1,18,-0.038289992089817475,-0.036031017994924704
0.14042364045761474,0.42978817977119255,-0.09149854719151908,0.5457492735957595,0.055621991715320694,0.47218900414233966,0.7751679323281185,0.8676322528375752,0.8879263936878538,0.5084905460468194,0.7054780108731087,0.5172093791336527,0.06343927053811071,0.3742841888685133,0.021722072616206387,0.34240735166015185,0.058036308404781134,0.02906675467914488,0.17806192024532677,-0.006454511325814381,-0.22205820350647648,-0.03624868987665418,0.02572096734101391,0.10205174621231002,0.0015989443177136225,0.06216501488900039,0.01566797607154271,0.047486919164493116,0.0479419789245615,0.09486637761128291,0.6156909120275498,0.6712937427780076,1.1771399174883335,sexlimited,1,19,-0.038289992089817475,-0.036031017994924704
-0.02082511886919085,0.5104125594345954,0.3221904144400254,0.33890479277998736,-0.05384899372439304,0.5269244968621966,0.9210223257878682,0.8649030507835423,0.9310636515874978,0.4402739862870651,0.5190498908180602,0.4708789399992553,0.05973906244733468,0.17648278596038272,-0.0028863751954478828,-0.04831637921991964,-0.016354995643007488,0.045900707953130684,0.11418975094865969,0.02338100267550195,0.5093821798865574,0.20475570251496716,0.0293468773016901,0.1116012289022748,-0.003243108366213547,-0.11050948735955546,-0.029059790811563742,0.04649011292031101,0.045111663507493134,0.0996452885335958,0.5212253482936041,0.628251752835395,1.1024840669998364,sexlimited,1,20,-0.038289992089817475,-0.036031017994924704
0.24774159495252748,0.3761292025237362,0.25885781466153673,0.3705710926692317,0.3506290575367474,0.3246854712316263,0.8770334230680278,0.8949404621171403,0.849375189013312,0.614731446098947,0.701944892145987,0.6263890613666141,0.05345626922236761,0.3390718616101539,0.03418222742152324,0.6394428178167816,0.10081115920147948,0.028943076134610463,0.23359189200240868,0.020653948945074333,0.7136058672207307,0.08841894625718157,0.02169533624540476,0.11716254593844862,0.017539505398991004,0.8084458890424436,0.14970232388262875,0.04188244389227282,0.04498002736479053,0.10655564196649604,0.6546219191533977,0.653237327756072,1.1414272677433415,sexlimited,1,21,-0.038289992089817475,-0.036031017994924704
-0.2605751187827135,0.6302875593913567,-0.2332361177618191,0.6166180588809096,-0.43160109493100285,0.7158005474655014,0.8777030745540061,0.9070507922190904,0.897765878693608,0.48726196486650625,0.7001113415764709,0.49399515519728626,0.045068744972675566,0.42760152143816904,-0.03624414864884497,-0.8041969810967489,-0.08476150535419892,0.023921112325990018,0.21703601801065417,-0.017203076700522856,-0.7191587274907743,-0.07926369483833032,0.023091369799353004,0.09881716731867508,-0.0209914513717618,-0.9090604651937954,-0.21242717172884093,0.05051460347987982,0.04330327050537462,0.084703543999707,0.6770343937750957,0.6282231965124376,1.1706485219926768,sexlimited,1,22,-0.038289992089817475,-0.036031017994924704
-0.3453562475056691,0.6726781237528344,-0.03354680554569937,0.5167734027728497,-0.221386097752745,0.6106930488763724,0.9058660442020512,0.9126043595928827,0.9298740104063206,0.3868994512148103,0.5548631644337071,0.45995898717482125,0.05961127914252608,0.3329480510335955,-0.049266801428999134,-0.8264677782069719,-0.1479714366131789,0.0343357895822771,0.25371667877711446,-0.0032842420635868876,-0.09565069286427871,-0.012944525678865736,0.03223821559857161,0.15974421526102744,-0.015627281190618833,-0.48474398785617767,-0.09782689886505955,0.050510447909143975,0.040267160682146065,0.09913062959695591,0.6518861506618764,0.5907980092734809,1.1539272181095135,sexlimited,1,23,-0.038289992089817475,-0.036031017994924704
0.011480837946284211,0.49425958102685785,-0.09499431934677692,0.5474971596733884,0.020060552744180095,0.48996972362791,0.8088836421278838,0.7852358502694663,0.7939912544352854,0.4056981980359465,0.6503069377057878,0.3100605202324567,0.03876995794262533,0.2893365594394295,0.0008675647097887139,0.022377241447426914,0.002998462107483283,0.02148892038649461,0.16798658612642559,-0.005705130292306913,-0.2654917133897747,-0.03396182054686956,0.017345738182966777,0.11795006277236894,0.0009308186540848678,0.05366267173333194,0.00789163339303387,0.0464479208084964,0.04511856841772371,0.09016731299783541,0.5230386362197322,0.6693764346156065,1.166411563085633,sexlimited,1,24,-0.038289992089817475,-0.036031017994924704
-0.14513236034838758,0.5725661801741938,-0.2065787990233928,0.6032893995116964,-0.3527236183899381,0.676361809194969,0.9149290606576922,0.9267861453758275,0.9367634065427647,0.539118739382365,0.7179739134807569,0.3659791218088184,0.08911528127058772,0.32392316699111184,-0.0241913793873011,-0.27146162860494055,-0.07468246131331782,0.0556115049179327,0.24098734552922113,-0.024125297008071016,-0.4338184525607305,-0.10011022344385168,0.038401575376740105,0.09067502271688457,-0.020722930227831785,-0.5396375024859968,-0.22854066761620975,0.04902002894930928,0.043775933267741644,0.11202929788871184,0.58076201595019,0.5346379391847835,1.0682775425453828,sexlimited,1,25,-0.038289992089817475,-0.036031017994924704
0.01593674936083831,0.49203162531958083,-0.04816644620369498,0.5240832231018475,-0.1505874345751475,0.5752937172875737,0.8710498428893017,0.9110967993474066,0.8713133851897467,0.40885324719204735,0.6859145052402426,0.5057664802878759,0.06617071233030088,0.15867644273469964,0.0018355670046547624,0.027739870707334368,0.011567986860681983,0.04505695939171315,0.174917190827634,-0.003453973006975387,-0.07665792484902209,-0.019746332482431548,0.02373618313024852,0.10962075483338972,-0.008200856301387172,-0.3455002119079668,-0.0748111643078127,0.05484611402204765,0.04106513566169615,0.10163509100425318,0.6426344707187752,0.7027676011414657,1.160871478014367,sexlimited,1,26,-0.038289992089817475,-0.036031017994924704
0.16254396963178605,0.418728015184107,0.14634134152060654,0.4268293292396968,0.07438519425508272,0.46280740287245864,0.7768411658076527,0.7468280605540428,0.7834320055180112,0.6145695432278371,0.7840175809328607,0.5574485750883763,0.03239676651792341,0.31355830807579793,0.016751927319563462,0.5170863984310134,0.05342523826705284,0.016287890013738655,0.183779739441485,0.007757383125450149,0.47626691480031375,0.04221021941278832,0.018747200294070347,0.09418886223605213,0.003191501353560498,0.17023882518447062,0.03388406312374909,0.04534973308495935,0.0486240569476451,0.09824693171267243,0.605042919438568,0.7118179577784214,0.9663913395056118,sexlimited,1,27,-0.038289992089817475,-0.036031017994924704
-0.24293464849980761,0.6214673242499037,-0.34635754402358154,0.6731787720117907,0.03909975700936541,0.48045012149531735,0.8711619364016736,0.8816849448723502,0.8979870179428177,0.6907029024120936,0.734660515265673,0.6769217205885516,0.04992826197290426,0.373309238021908,-0.03266362975463903,-0.6542112315538916,-0.08749751259228719,0.03303434242087987,0.19717474141637079,-0.027713027094634746,-0.8389156575769554,-0.1405505943386206,0.025223463827074265,0.17017035605099817,0.0021803306512320486,0.08644057240432354,0.012812634949054392,0.0485844303774226,0.04977628814621647,0.09985661150855732,0.589097490444713,0.7044321752709864,0.9891562888438636,sexlimited,1,28,-0.038289992089817475,-0.036031017994924704
-0.2274659148754123,0.6137329574377062,-0.38544870477148124,0.6927243523857406,0.0005446718000398413,0.4997276640999801,0.8687609767428375,0.9497560935680556,0.8901661047666537,0.6575737337130543,0.6467827904490233,0.5763185470809722,0.06901926630489968,0.31068912724636993,-0.03276326424092994,-0.4746973706761075,-0.10545352691067739,0.03421919883592541,0.19075406432433964,-0.030114804625611575,-0.8800558063912124,-0.15787241405460853,0.023570447797856085,0.13444533423105948,0.0005234339382050504,0.022207212297963252,0.0038932845174490783,0.05005587681165603,0.048708523192421714,0.10430610432618813,0.5977742821100361,0.6797384996280932,1.0435198103751644,sexlimited,1,29,-0.038289992089817475,-0.036031017994924704
-0.020989070801125064,0.5104945354005626,0.29286232079016167,0.3535688396049192,0.23555023251723517,0.38222488374138236,0.8890207604670245,0.892625009102534,0.913166496960444,0.5733916701200097,0.7486531951141172,0.5317431295129191,0.06011935195949826,0.3227055814482534,-0.006521908144438891,-0.10848267540928631,-0.020210087830429095,0.027744504399974602,0.1744614659644057,0.020442529714803842,0.7368136557819557,0.11717504264795417,0.026803363715542712,0.09019689160762945,0.011523018958881527,0.4299094352922417,0.12775405841044343,0.039510010339996016,0.046398890082381114,0.09035182247755204,0.6846278257129805,0.5798045969941807,0.9442849670350879,sexlimited,1,30,-0.038289992089817475,-0.036031017994924704
-0.056468875406103805,0.5282344377030519,0.07574952896029889,0.4621252355198505,0.01140773014929138,0.49429613492535435,0.9231211815207899,0.866557699679114,0.9436890163565296,0.5011602673559686,0.6123434610529074,0.2959358259632771,0.0760304940338625,0.20887065506559976,-0.008842182967197288,-0.11629784969250827,-0.04233329456653561,0.03841971165005762,0.11770478109667877,0.005139898716598327,0.1337828550983052,0.04366771399350878,0.036126949434560275,0.08450801595621815,0.00046001203511983725,0.012733210036266556,0.005443413029104362,0.046848803014461315,0.04890656629379233,0.09535467543455257,0.5573299391563274,0.6090780482371,0.8189837608925737,sexlimited,1,31,-0.038289992089817475,-0.036031017994924704
-0.2031094252756156,0.6015547126378077,0.010204278294281367,0.4948978608528594,-0.36614181821033315,0.6830709091051665,0.8817862921295913,0.8232744709539004,0.9162458427122117,0.5062010722396134,0.7304217489816818,0.4586383078027722,0.038280320056870515,0.3287439155193161,-0.02303990186381885,-0.6018732818740806,-0.07008464879851165,0.023500775060790156,0.19048849285335837,0.0007781916496831811,0.03311344615955046,0.004085242305330473,0.022241307575747143,0.1064416329165503,-0.01805498766723071,-0.8117772575079456,-0.16962336233028036,0.047293840138715806,0.03968132041544423,0.10160105739832485,0.6391208931819612,0.6675271802915765,1.2442320220498222,sexlimited,1,32,-0.038289992089817475,-0.036031017994924704
0.018071933536063945,0.49096403323196797,-0.23837036340874676,0.6191851817043733,-0.3471946238890738,0.673597311944537,0.8637471624155681,0.8868926764740255,0.9170912004936823,0.4708151394053343,0.6706747936197525,0.5653358830696561,0.07419235640756539,0.4357125684913175,0.0016181207794911494,0.02180980437664263,0.0037137344582323976,0.04467224439749999,0.16064662193539508,-0.019311776260731967,-0.4322992166879513,-0.1202127752707947,0.03574880792876166,0.07847984425902,-0.018254879339348728,-0.5106430227191376,-0.2326059577679478,0.044544364747481746,0.04509034377757783,0.10400553015044466,0.5616987608598506,0.579926837208415,1.0643177368049574,sexlimited,1,33,-0.038289992089817475,-0.036031017994924704
0.029844358456287367,0.4850778207718563,-0.11248311390795719,0.5562415569539786,-0.11548711461141019,0.557743557305705,0.8497500473661936,0.8856469943228996,0.9106662199168256,0.6406269972125426,0.6449230684825469,0.6394325750067452,0.0544540536037787,0.39183305606349955,0.005395039241249923,0.09907507126109612,0.013768718993365417,0.041735230750779756,0.11736095999345567,-0.007802343943719656,-0.1869486235816219,-0.06648159613004813,0.029196074783846476,0.11191562054953297,-0.006629483247771169,-0.22706762113923312,-0.05923644273443503,0.053356727605155675,0.049151434735353626,0.11730722315939875,0.5654324278772597,0.658832707922874,1.0804850611130838,sexlimited,1,34,-0.038289992089817475,-0.036031017994924704
-0.12219877613795717,0.5610993880689787,-0.1360822525612727,0.5680411262806363,-0.2819035418161591,0.6409517709080796,0.8517091758085578,0.8087330986455782,0.8300356972837704,0.5300230844025496,0.6107226968730533,0.5249860686711613,0.06028850511031229,0.24463768455176493,-0.015400098362159944,-0.25544004340432336,-0.0629506381667102,0.0327439984967536,0.12675488781151295,-0.008818038892154472,-0.2693024461575374,-0.06956764385502097,0.021634940030627287,0.13026882727832317,-0.014623908914539333,-0.6759394245529288,-0.11225946544598057,0.050355802245520796,0.04289049410258546,0.09427465698124984,0.6222006161205166,0.669445987022793,1.0471320958003585,sexlimited,1,35,-0.038289992089817475,-0.036031017994924704
-0.11579934700220282,0.5578996735011014,-0.24364618281401204,0.621823091407006,-0.16248978038677472,0.5812448901933873,0.8547769995077369,0.9276788780506104,0.8751260775762315,0.4912633686089878,0.4750504700712532,0.427034589355285,0.06426690989726695,0.27487040722724637,-0.016130698329524434,-0.25099539335732735,-0.05868473980972619,0.030226375064244755,0.17559519288779782,-0.016995488909970165,-0.5622734738732992,-0.09678789396489901,0.036198657672183936,0.08899629864163783,-0.009043525469491796,-0.24983040949723104,-0.10161687179719057,0.047296072027550616,0.04580275581306426,0.09861728427099681,0.5688097403346076,0.6874756453463474,1.1353284630689084,sexlimited,1,36,-0.038289992089817475,-0.036031017994924704
0.1954541608808955,0.4022729195595523,-0.010402240849859641,0.5052011204249298,0.06598146074807706,0.4670092696259615,0.9270432842481842,0.9143519750297825,0.9329125606085799,0.5324851515764475,0.6244958941782132,0.5320820722489931,0.09096167075979662,0.1962836300780106,0.025917533515872282,0.28492807244397444,0.1320412380063058,0.049292502035425914,0.21057600875557378,-0.0014453949948141755,-0.029322816556874874,-0.0068640060344762185,0.03926782388656134,0.09532245744238425,0.0042805746863290375,0.10900972507911197,0.044906256103566626,0.049117928848439636,0.04133102543731195,0.09659877155853636,0.5940377339634999,0.6471861663775883,1.0427718332097404,sexlimited,1,37,-0.038289992089817475,-0.036031017994924704
-0.0477065723161189,0.5238532861580595,-0.08872992780171075,0.5443649639008554,-0.0793295204681305,0.5396647602340652,0.755197145407218,0.8976945345292057,0.822787274751543,0.47242952643391367,0.5165904313924176,0.4513436867713635,0.0458324921834605,0.42718326921691296,-0.0067218939501868845,-0.14666219596525898,-0.015735386740471043,0.022595287984583573,0.1755135670652854,-0.006207048821720976,-0.27470545301108584,-0.035365065649951455,0.01611958691966517,0.10812528673219506,-0.003062808932332235,-0.19000542306675033,-0.02832648148178517,0.04806494967088787,0.042449585228150996,0.10222178452080796,0.6489436237419024,0.566371432978953,1.2665881506270897,sexlimited,1,38,-0.038289992089817475,-0.036031017994924704
-0.022390524313449567,0.5111952621567247,0.08390890346455684,0.45804554826772154,-0.023874992974859562,0.5119374964874298,0.8974808574219098,0.8974082691629476,0.925832140735717,0.6921633978156354,0.6590261764367388,0.6093764844626592,0.051558888380068536,0.3510098990187879,-0.002520227417350269,-0.048880561558509665,-0.007179932601317814,0.03522053133402618,0.190398804026138,0.006741765251345673,0.1914157735841005,0.035408653356983066,0.0242067706482657,0.11886899102993671,-0.001244298390108025,-0.051402907400916485,-0.01046781317252582,0.04986038575174718,0.03975713794875088,0.0919511979612846,0.679974759587297,0.6515222504684077,1.1456566977524174,sexlimited,1,39,-0.038289992089817475,-0.036031017994924704
-0.25589083770483934,0.6279454188524197,-0.2066880114610178,0.603344005730509,-0.11559925457581428,0.5577996272879072,0.873302694047236,0.8772160958258008,0.9015068232562432,0.5541793064157149,0.5971983832388039,0.6315508494385825,0.0545272498418738,0.23867064613332759,-0.028173378647986996,-0.5166843867917112,-0.11804291438608089,0.02208237568768553,0.20131008844093526,-0.013944079816777795,-0.63145741264396,-0.06926667175385506,0.0216086499028173,0.09451364217373276,-0.005293883866385043,-0.24498910807448618,-0.0560118491323607,0.04665107476753187,0.04421032843044723,0.10246269524081986,0.6771586197799413,0.5559949096525392,1.0121410264151793,sexlimited,2,0,0.08441650224692299,-0.0059717493090686346
0.01573117428142942,0.4921344128592853,-0.12389843550461717,0.5619492177523087,0.01955695890215039,0.4902215205489248,0.869495093727571,0.9097696533027202,0.8779444256951339,0.44269684638679224,0.634852150363026,0.48140065095956613,0.04843168604802548,0.32248343482925207,0.002850284962376845,0.05885165673461101,0.008838546897411982,0.02977952324627307,0.12312893910859535,-0.007485596441051651,-0.25136723577293935,-0.06079477737113954,0.020717205838393628,0.11752670610648615,0.0009105127907750006,0.043949594258875214,0.007747284178542553,0.04389339866551762,0.04447502778552886,0.07932705230591071,0.5921077667330722,0.624880187875922,1.0565896915630053,sexlimited,2,1,0.08441650224692299,-0.0059717493090686346
0.1171721714853488,0.44141391425732573,-0.14080094599441148,0.5704004729972058,0.04049093249192291,0.4797545337540386,0.8005315733479103,0.8145980853159525,0.7915744044131796,0.6175553910042163,0.7165294201158073,0.7323242046044847,0.04424111300832524,0.39900216804399397,0.014820735213322313,0.3349991491067,0.03714449795091885,0.02414697169142728,0.1456675258156131,-0.008018020051428843,-0.3320507496298354,-0.05504329126574241,0.0198293771827788,0.11085788760752399,0.0017113615236492277,0.08630435075568042,0.015437435807076271,0.050896396374471534,0.04616277187491982,0.09053790983292095,0.6173328978926235,0.7384465073184218,1.11797442048007,sexlimited,2,2,0.08441650224692299,-0.0059717493090686346
-0.11890033629235973,0.5594501681461799,-0.12652096102499574,0.5632604805124978,-0.1713036876517921,0.5856518438258961,0.8308650644553336,0.8903256460185278,0.8620445966994452,0.48141572314391967,0.6352304688096319,0.4546334576845665,0.054177546600048185,0.43489415822101324,-0.017348271986607995,-0.32021147274676637,-0.03989079103194484,0.027677026933526208,0.20952292407729722,-0.009281710160345088,-0.33535791913768775,-0.04429925842826095,0.019395140091423207,0.15805287816962904,-0.009354828414856903,-0.4823284787199725,-0.059187966224929514,0.046979063747841554,0.054037840831168436,0.09030200694027062,0.5574734354612467,0.6789526190054818,1.4317947814242633,sexlimited,2,3,0.08441650224692299,-0.0059717493090686346
-0.2963292244791632,0.6481646122395817,-0.3479784896597437,0.6739892448298719,-0.17161640121018712,0.5858082006050935,0.9138275910044003,0.9148509068933565,0.9307221182000752,0.6201367655968207,0.7604543961193323,0.5273594070978053,0.06811437022030198,0.4535322467788242,-0.05265421023779517,-0.7730264563482847,-0.11609805170804811,0.04473434635895907,0.24521338220453548,-0.03597469461930068,-0.804185095958062,-0.14670771348561126,0.03300196717505158,0.10840663645882644,-0.00964335585689966,-0.29220548598659674,-0.08895540136569287,0.0450538600665739,0.04557731859967688,0.08904953130171113,0.580589522118458,0.6983730800582708,1.2440640606327258,sexlimited,2,4,0.08441650224692299,-0.0059717493090686346
-0.07380925418435345,0.5369046270921766,0.10183214807668621,0.4490839259616569,-0.14856114506375456,0.5742805725318771,0.8741143542647326,0.9161470269341258,0.8692534391208065,0.47870507445770505,0.6685827725158802,0.3925679350073816,0.047506659514562816,0.22637672015877994,-0.007706328557863843,-0.16221575325668866,-0.03404205411430401,0.02681739391843134,0.1412715681253905,0.006211897152325475,0.23163686863905508,0.0439713187497989,0.025131224960351754,0.11774557616150826,-0.010530085177939451,-0.4190040554947969,-0.08943083486631917,0.041056002531985374,0.04521382322366565,0.10240143361185254,0.6617527833179694,0.6253329883434936,1.0352697634075692,sexlimited,2,5,0.08441650224692299,-0.0059717493090686346
0.29549078836447695,0.3522546058177615,-0.018637350983270358,0.5093186754916352,0.18973437297627016,0.40513281351186486,0.9258601054445157,0.9015135615164922,0.9022983479709845,0.5449059894793787,0.8283396180135588,0.5230811371426625,0.08040057072017623,0.48167199121239845,0.05824393217153596,0.724421874743233,0.12092032178356965,0.038232821665719605,0.264983728956918,-0.0023278424402130606,-0.06088597018985537,-0.008784850486391674,0.03301818131895708,0.11008632101331843,0.011917491542087757,0.3609372492980236,0.10825587986218523,0.04933749020625982,0.0442774265727878,0.08814580670986494,0.5692659090481272,0.6233549669814148,1.1797322940071215,sexlimited,2,6,0.08441650224692299,-0.0059717493090686346
0.21498567916118683,0.3925071604194066,0.11000210894650839,0.44499894552674585,-0.07801950026328186,0.5390097501316409,0.8989917598136202,0.9353869474546073,0.8901455214744539,0.13043038034427262,0.7002113163139264,0.28799544013073936,0.066533966405066,0.30896481931992037,0.030034206950392685,0.45141164089844243,0.09720914833120045,0.04067284292632045,0.1675904050054048,0.009774730851995782,0.24032573453748668,0.05832512220303152,0.02906929302997306,0.07096154232871592,-0.0037376135401690695,-0.12857600411249265,-0.05267097384742967,0.044497476942082524,0.04549971263212064,0.09416212491698724,0.53321468125942,0.7161867503429,1.1530669761587014,sexlimited,2,7,0.08441650224692299,-0.0059717493090686346
-0.16705861030362,0.5835293051518099,-0.11235545865151086,0.5561777293257553,-0.010933097896027935,0.505466548948014,0.8471048733613529,0.865402970679915,0.8884719885618682,0.48401788028632386,0.6896108554263316,0.12010407140397783,0.056758161762599825,0.26399358584372246,-0.02043834382772044,-0.3600952390460972,-0.07741985004067266,0.03252650610089982,0.16790314748477111,-0.00865841314611007,-0.2661956104123505,-0.05156790254271673,0.02548783736089352,0.12971470338148344,-0.0012966070047938786,-0.050871597555910635,-0.009995836794080563,0.04788480734549202,0.04309308663946973,0.11253374528358244,0.6015327919607933,0.7984865289528448,1.187480217753114,sexlimited,2,8,0.08441650224692299,-0.0059717493090686346
0.1865725925849697,0.40671370370751514,0.11022043530839282,0.44488978234580356,-0.0654227898872425,0.5327113949436213,0.8962014625960324,0.9043800940377172,0.9288431902918055,0.5529552151920271,0.4870174831507432,0.749811969768799,0.0615573916363637,0.38705774443243274,0.02967838732000661,0.4821254853572246,0.0766768983359987,0.03606678317914237,0.30894090243746136,0.012434649541254448,0.34476735780654477,0.040249282122077,0.024205655656471328,0.09420289658821547,-0.0029937419131527477,-0.12367943903855286,-0.03177972250937405,0.04854753161952463,0.04640631222378833,0.0924491143550016,0.5942006464906182,0.7227510459360408,1.077787359820729,sexlimited,2,9,0.08441650224692299,-0.0059717493090686346
-0.03246634893747131,0.5162331744687357,-0.09481119265476176,0.5474055963273808,-0.1846853264673351,0.5923426632336675,0.7850634775527788,0.8529130597099391,0.7887849088613841,0.4741509777347902,0.5835640234694223,0.5693788867324968,0.03898582390700972,0.20170032373522367,-0.002751892514916779,-0.07058700417568921,-0.01364347098683514,0.027575284478536393,0.17905898184469948,-0.0066665856257398055,-0.24175945060254356,-0.03723122714682827,0.020034223513357124,0.09857545045514514,-0.008540343091335428,-0.4262877014245873,-0.0866376268320635,0.046569637026535986,0.04086665235297733,0.09158113609833751,0.634381687409809,0.5995979556485397,1.0061739760790152,sexlimited,2,10,0.08441650224692299,-0.0059717493090686346
-0.10132489309547191,0.550662446547736,-0.1959449798116554,0.5979724899058277,-0.051955954357256036,0.525977977178628,0.9102142021749718,0.9254918460275517,0.8946721696758435,0.7171729199254725,0.778682096194915,0.5723853142261515,0.06975634310390698,0.3312244474861422,-0.015353262904554743,-0.22009844870573245,-0.04635304857802531,0.038897236097203775,0.30629153650503416,-0.021184657682334754,-0.5446314393494315,-0.06916501162279606,0.025258368857170272,0.1497900559283425,-0.003453091605014432,-0.13671079175938863,-0.02305287613128567,0.04691583843145798,0.05080000062729831,0.08520109158204302,0.5969245355510415,0.7248680202311637,1.1145581262459172,sexlimited,2,11,0.08441650224692299,-0.0059717493090686346
0.08598370259815487,0.45700814870092243,0.1894142380988039,0.405292880950598,0.1963061384482524,0.40184693077587386,0.8601550106709416,0.9469967442413046,0.8720040775402643,0.4097502518430419,0.6868057779264762,0.36383214865430635,0.056280324975584606,0.3595614056376907,0.012199107534889564,0.21675616727838284,0.03392774458997944,0.03614790790605765,0.242234966564841,0.016833246831186262,0.46567693142665534,0.06949139948662354,0.027742410299614464,0.09685264557441879,0.010802431495866086,0.3893833080543909,0.11153470751158581,0.0505272864501018,0.04248008504954134,0.08829667667178057,0.635676391457204,0.6862178717499384,1.125302212918955,sexlimited,2,12,0.08441650224692299,-0.0059717493090686346
-0.16603506381817856,0.5830175319090892,-0.2072311738630383,0.6036155869315192,-0.3188406352008247,0.6594203176004125,0.862181750014782,0.8421404163038066,0.881540406717429,0.4533824113137811,0.5123605364758137,0.49756213095116036,0.05558272606537499,0.41362822326375764,-0.024840876508522083,-0.4469172037244966,-0.06005604818866976,0.033256817329204214,0.14767254784148032,-0.01485499203144863,-0.446675094745276,-0.10059413376814477,0.028063864355554496,0.08086295068572223,-0.015650341892252433,-0.5576688118917188,-0.19354156334312167,0.04239969868063553,0.04496737991474718,0.08963579769004448,0.5565577070657001,0.6881519450248196,1.0764131244129882,sexlimited,2,13,0.08441650224692299,-0.0059717493090686346
0.0644798456516342,0.46776007717418294,-0.05339075339494618,0.5266953766974731,0.07894636641389313,0.4605268167930536,0.8339277803024074,0.8333678384870613,0.8841312354157886,0.5654103378345788,0.6089147216789192,0.5876824966650447,0.05411593066454088,0.23028436253851423,0.007592112758203359,0.1402934896429314,0.032968425100656173,0.03230909373281024,0.11104449056813288,-0.003172784794270373,-0.09820098392448487,-0.02857219460450104,0.020801837513229195,0.10234761009170237,0.004557768231745318,0.21910411658810172,0.0445322389810725,0.04570003560387361,0.04462772683428207,0.08568614421077575,0.5809872794796551,0.6346720285371775,1.0432684637873972,sexlimited,2,14,0.08441650224692299,-0.0059717493090686346
-0.1248626526641723,0.5624313263320863,0.14402030970152704,0.4279898451492365,-0.019554842303872128,0.5097774211519361,0.8895879819949659,0.8991454319254083,0.8705039754789808,0.29835498076049405,0.7580035377992584,0.2845786682022496,0.05895718995492431,0.34822122547138823,-0.01760971343549652,-0.2986864443329137,-0.050570476890540464,0.03611252124085817,0.19523994868452638,0.012088336026568548,0.334740849190326,0.06191527967517132,0.02592193064578698,0.14727085904429704,-0.0014622648083250003,-0.05641033564614749,-0.009929084530464857,0.041212338693561876,0.04580726617664562,0.09052523866880494,0.5569821209144652,0.6250449716328432,1.1742345708639352,sexlimited,2,15,0.08441650224692299,-0.0059717493090686346
0.13894530504002148,0.4305273474799893,0.09281490758639413,0.4535925462068029,0.1075075472383454,0.4462462263808273,0.8696274677959295,0.8620626561494323,0.8974021781376174,0.5071886696230239,0.6815445665041708,0.6286350718506876,0.05873735497916525,0.29011509872923363,0.019133416771998882,0.3257452906891314,0.06595112372919353,0.02667332073427911,0.15000908748207384,0.00546140932792246,0.2047517585953875,0.0364071898549153,0.027022764987114815,0.08070337724299224,0.005353051427932197,0.19809414138355852,0.06632995558307965,0.043158675502236794,0.04813216731952898,0.10889154733656163,0.561075430867788,0.6351779143330862,1.0949648994984242,sexlimited,2,16,0.08441650224692299,-0.0059717493090686346
-0.25363339005201957,0.6268166950260098,-0.06437777171590943,0.5321888858579548,-0.25246605930214705,0.6262330296510734,0.9051750860338874,0.8539542276796134,0.8851710548975664,0.4255964305271318,0.6541115873768846,0.5291766389188317,0.0661906550530094,0.324308454965281,-0.03742660849788046,-0.5654364421670554,-0.11540435633072589,0.02548371669703852,0.12270199630882181,-0.0032886966888666185,-0.12905090446437117,-0.026802307931400572,0.02347504918514773,0.09686811774957808,-0.012608300789435875,-0.5370936899852349,-0.1301594485610906,0.042114120160329095,0.04896875825808925,0.08850965144836041,0.5576618837479642,0.6398252126294129,0.9495496393762428,sexlimited,2,17,0.08441650224692299,-0.0059717493090686346
0.06392559987572428,0.4680372000621379,-0.10923576261746232,0.5546178813087312,0.05565728834952209,0.47217135582523895,0.8873280750555232,0.8887180546213301,0.8509044344993181,0.4951544198551936,0.7229576786564239,0.3404229983447347,0.042335186746485655,0.3298787178360799,0.0069911946056455026,0.1651390992441024,0.0211932271699913,0.02958879428849888,0.14414273712099732,-0.007351703566286343,-0.24846242447749683,-0.05100294134219974,0.023364846479332835,0.10714094951952007,0.0026773083607674413,0.11458702984141712,0.024988656277305635,0.050986177893565215,0.052461312953077086,0.08390093006805767,0.5946886863960499,0.6456275580608166,1.1168095276580237,sexlimited,2,18,0.08441650224692299,-0.0059717493090686346
-0.013275072797224086,0.506637536398612,0.04264378700062432,0.4786781064996878,0.09333714812538503,0.4533314259373075,0.9031381973351794,0.9349525782972149,0.9238783224555276,0.5921842798079687,0.7399120488528489,0.6622573099969528,0.06894066964433897,0.3252921513280767,-0.0012542975696468255,-0.01819386983209876,-0.003855910954278731,0.03968375266342573,0.19946415494263942,0.003451291043484878,0.08696987587733199,0.017302813352491217,0.029224843527228504,0.10293630370269044,0.004931357815274628,0.16873855323400208,0.04790688647144163,0.04692612758184016,0.04831036855002988,0.09663987608214171,0.6415774043201917,0.610444721979022,1.0750627066423941,sexlimited,2,19,0.08441650224692299,-0.0059717493090686346
0.1651965374726912,0.41740173126365443,-0.2562129356772384,0.6281064678386192,0.10355656051696394,0.44822171974151803,0.7613124352501066,0.7804001698106594,0.7835625081356267,0.43575321315914667,0.5956986252331287,0.27242358872120664,0.024147539890285542,0.24628497672967345,0.011814813433490029,0.4892760706544305,0.04797212396133349,0.018650198830409356,0.099201960701451,-0.010656902653046162,-0.571409599970053,-0.10742633086777574,0.015750287467598857,0.07204125798078824,0.0032098606391773735,0.20379695581941776,0.04455586602934349,0.04471447080569682,0.04622106042286273,0.10384892034499411,0.5917470894272904,0.6365276920186987,0.8992039052129136,sexlimited,2,20,0.08441650224692299,-0.0059717493090686346
-0.2292005885515464,0.6146002942757732,-0.16507212956664039,0.5825360647833202,-0.0420471774848043,0.5210235887424022,0.9122712319843148,0.9024592724191408,0.9117582074520864,0.455913384288021,0.5490081570467686,0.33225283057031035,0.041533974081524636,0.273809186707829,-0.023732153636605052,-0.5713913527759849,-0.08667405912106484,0.025456887752378525,0.12919162816913476,-0.010775134218300158,-0.42326989548411703,-0.08340427604328661,0.01752282716731685,0.12330555951981713,-0.002390270237531875,-0.13640893759370915,-0.019384934846735126,0.04774838342050088,0.0446426218857354,0.09020941786054729,0.5511086457557948,0.5792968911070212,1.0270901049098224,sexlimited,2,21,0.08441650224692299,-0.0059717493090686346
0.1430306861386262,0.4284846569306868,0.3244712736007599,0.33776436319962005,0.018669487864087647,0.4906652560679562,0.8725404347102858,0.8880541399786059,0.8655581776944627,0.62038995668112,0.7278161394092436,0.677807668128839,0.053802299970319704,0.3941885055673394,0.020126616281175787,0.374084682109849,0.05105835405374992,0.028731205204595496,0.15956484971394316,0.022103630636802877,0.7693248674882406,0.13852443490172642,0.02588094382886642,0.11987438648862662,0.0019554798264600046,0.07555674319260923,0.01631274105953848,0.04481718280912471,0.04514650734323248,0.0938101622030917,0.5640660709630477,0.5866726423187694,1.2917279113059423,sexlimited,2,22,0.08441650224692299,-0.0059717493090686346
-0.09866628369775218,0.549333141848876,0.016864783477164105,0.49156760826141793,-0.21236639977915497,0.6061831998895774,0.9021929780586077,0.9139008964910006,0.9389503617320515,0.5703875908673305,0.6352829197824752,0.5078889075184724,0.07408907569713673,0.4184770203696761,-0.01710492498181706,-0.23086973107532102,-0.040874227613996186,0.03384441418188158,0.10868218757503244,0.0005721720474362976,0.016905952171646886,0.005264634989439086,0.026155485020917163,0.06723055312079351,-0.009063223605625134,-0.346513306802648,-0.13480810710185873,0.0481844531711596,0.0442694634510874,0.0827200374818186,0.6019954264422003,0.6306083521354331,1.1711707240526976,sexlimited,2,23,0.08441650224692299,-0.0059717493090686346
-0.0640923217230355,0.5320461608615177,-0.09012816826682885,0.5450640841334143,-0.0009393974263209789,0.5004696987131605,0.8900322761942865,0.935937949005144,0.9444611307201042,0.6610809732710835,0.5657281162031466,0.5046908095687529,0.07191699189539666,0.29384142371460364,-0.009421692481945505,-0.13100787774396025,-0.03206386752024594,0.04588431911249697,0.11413724329095908,-0.0058536693032947415,-0.1275745051145468,-0.05128623343716605,0.03636224410003529,0.12594246829920894,-0.00025062260036641315,-0.006892385400552601,-0.0019899768819124164,0.042205270910613255,0.04394424838085826,0.07829913903912682,0.6442669745345192,0.6683032163056474,1.040587520535383,sexlimited,2,24,0.08441650224692299,-0.0059717493090686346
-0.17312869711584472,0.5865643485579224,-0.1758357101125083,0.5879178550562543,-0.025257023682318958,0.5126285118411595,0.8654271150335414,0.9040475393580873,0.8840429618087363,0.5704798373215307,0.5664157675340226,0.5517128509009399,0.06254582434587289,0.3106300401555863,-0.02397774774206266,-0.38336288621711706,-0.07719069195642779,0.03319796844416688,0.20951343760345073,-0.014872225286165724,-0.4479860058659367,-0.0709845891332021,0.02712467666395124,0.14071563953057234,-0.0013105042623978683,-0.048314097109202835,-0.00931313865871422,0.05101881097916546,0.04546418425902901,0.09122249022388139,0.7274156203831689,0.6661998015948918,1.2428302280271784,sexlimited,2,25,0.08441650224692299,-0.0059717493090686346
-0.09032680123447033,0.545163400617235,-0.23123783837404194,0.615618919187021,0.10332550542885749,0.4483372472855713,0.8072804303434639,0.8872760491576492,0.8130538306042722,0.5992644680567272,0.6892459148162148,0.3785864845424188,0.040178451182023844,0.33472434314437133,-0.010577489082188245,-0.26326273838352177,-0.031600597025075124,0.020423873030117196,0.15256441672255674,-0.01258638418688261,-0.6162584426725839,-0.08249881890723805,0.01939702949105869,0.12334992232757218,0.0038362866430902455,0.1977770176025474,0.031100843605742,0.04385724838738029,0.04646399836973863,0.09467070648323603,0.5715162030277349,0.6239975843984272,1.2506415155086046,sexlimited,2,26,0.08441650224692299,-0.0059717493090686346
0.058633520794403704,0.47068323960279806,-0.14912331162501888,0.5745616558125095,-0.13449303795689002,0.567246518978445,0.906136084572965,0.9122592937522902,0.9515961826385879,0.49801314083970566,0.7560547729245212,0.5704616140708312,0.07165287539042066,0.2669418468110817,0.007942720223862337,0.11084998586008185,0.029754496414657335,0.04419207681683441,0.15889238711397125,-0.012080021516288283,-0.2733526547384746,-0.07602643358629546,0.03351066714003618,0.12651093231815422,-0.008631955302362727,-0.25758828573275033,-0.06823090419296553,0.04150765618549398,0.044600031325139,0.10883069069230888,0.6072583899432193,0.6280857326844957,1.0939678064416039,sexlimited,2,27,0.08441650224692299,-0.0059717493090686346
-0.07944493303770436,0.5397224665188521,0.08999654369670866,0.4550017281516458,-0.03799557410336879,0.5189977870516843,0.8938492998362045,0.9148607825087369,0.9096272449523908,0.31968249511067953,0.6008752549878388,0.5067590884790852,0.0779145838950936,0.2658611355484295,-0.012486907344706127,-0.16026405738775235,-0.046967780074163946,0.04674268168663256,0.13434239125257166,0.007375304336082932,0.15778522048708465,0.054899308158189046,0.03501055759255958,0.1068445088617434,-0.0015158713976223838,-0.04329755084919115,-0.014187639718424076,0.04970526235740875,0.04027809636346458,0.08958669498380638,0.6152870873773226,0.6538375339811606,1.1451142644882226,sexlimited,2,28,0.08441650224692299,-0.0059717493090686346
-0.015799035443899608,0.5078995177219499,-0.1827965136913941,0.591398256845697,-0.09151299262162345,0.5457564963108118,0.8415926288643283,0.8634391716161541,0.8131234594181814,0.4479333022844861,0.6105723226151004,0.30837960924565416,0.03803601979494759,0.2955762720881683,-0.0016258972374675875,-0.04274625069165515,-0.005500770498190037,0.028807177246314635,0.12879737227973487,-0.011635971208240711,-0.4039261156602675,-0.09034323451078302,0.019282290553053815,0.08911552595790384,-0.003728392994668645,-0.1933584075195965,-0.04183774886129105,0.04437571501280107,0.046665856782261615,0.1010133475071611,0.5316261409884856,0.5901789600755079,0.9848841671911897,sexlimited,2,29,0.08441650224692299,-0.0059717493090686346
-0.051103716341893306,0.5255518581709467,-0.00799998378239344,0.5039999918911967,-0.16314755862230224,0.5815737793111512,0.8632178619709783,0.9438349462105408,0.9176505238801872,0.6529976466606497,0.7491370683774163,0.6652485286964941,0.07072550692278415,0.5176406533842942,-0.007769381212210488,-0.10985260552028069,-0.015009217613444538,0.051628344073083164,0.22939070761209537,-0.001028303934031955,-0.019917430095691743,-0.004482761942435956,0.03439404173715903,0.10136840860319811,-0.009291368018043053,-0.27014469799880303,-0.09165940499681392,0.04670066915828006,0.04386117638698644,0.09612894300703378,0.5638606987618899,0.6592144649865639,1.0817221685266931,sexlimited,2,30,0.08441650224692299,-0.0059717493090686346
-0.07222605449020436,0.5361130272451021,-0.09659759045931526,0.5482987952296576,0.009821626935605841,0.4950891865321971,0.9549846269578588,0.9500897036513225,0.9364940772480835,0.44724872952003847,0.7000186387755579,0.39565539059151406,0.07212302278317491,0.2728446866773251,-0.010054997655606985,-0.13941453460478984,-0.0368524590969893,0.04896720349523455,0.16097131631245112,-0.009770507195739568,-0.19953165584982663,-0.06069719388250924,0.037955522652808285,0.060066806036823066,0.0004630710863940338,0.012200361213041331,0.007709267679559238,0.042665435660765715,0.050929710250530995,0.08831978004294186,0.5615281554864509,0.6095842452194516,1.0837478757789556,sexlimited,2,31,0.08441650224692299,-0.0059717493090686346
-0.05547696659228455,0.5277384832961421,-0.1699197156928524,0.5849598578464262,-0.03339572691888039,0.5166978634594401,0.9185398742753268,0.9170358324124743,0.9404604503170138,0.5988797278524837,0.7440361493558639,0.4919011397194286,0.05555243783695836,0.27825407391150647,-0.0063069233585399025,-0.11353099169203305,-0.02266605936754659,0.03639621789003308,0.1293969079106138,-0.011841793148588844,-0.32535779361381556,-0.09151527142185689,0.01984518002010484,0.08712677477243509,-0.0014941340931167153,-0.07528952076035751,-0.017148965940943162,0.043157535923346126,0.049070165438818376,0.08941416159910776,0.598695102098321,0.7084349241081919,1.0008694473757573,sexlimited,2,32,0.08441650224692299,-0.0059717493090686346
0.15570272471389496,0.42214863764305255,0.03597198842814965,0.4820140057859252,0.0825084366763115,0.4587457816618444,0.896870675094904,0.9103506829659429,0.9147056552132614,0.6855043409693184,0.7205642111512652,0.604686424678585,0.06821659272843306,0.36247148807790863,0.024718087669178518,0.3623471457681861,0.06819319169144052,0.03325064465521735,0.1974581112128094,0.002904235958076649,0.08734374891648744,0.014708111711585373,0.024866969746529754,0.12279781394354752,0.0043237065476198775,0.173873479225319,0.03520996350641525,0.05367080731493848,0.04956801745257647,0.08820030899905064,0.5926164965602683,0.6644805541979618,1.0606050180849749,sexlimited,2,33,0.08441650224692299,-0.0059717493090686346
-0.06860282917992049,0.5343014145899603,0.08952887470109633,0.4552355626494518,-0.11083844726688279,0.5554192236334413,0.9185225177639513,0.9202311542733843,0.9042071880014086,0.7690193344767626,0.7251560141422857,0.5327893496723752,0.07042600185482681,0.2685786566794751,-0.009547174764921108,-0.13556320838149027,-0.03554703446266327,0.04334772951926578,0.14418376034163322,0.007030272379057308,0.16218317445975394,0.04875911380310498,0.028939834548023367,0.12768570967894835,-0.006992811942126049,-0.24163275469049522,-0.054765814903709305,0.04902231234909232,0.04722724399094709,0.09419286931228285,0.6706446481254937,0.710852238154216,1.208388356729289,sexlimited,2,34,0.08441650224692299,-0.0059717493090686346
0.1261617047109754,0.4369191476445122,0.09933664290510989,0.450331678547445,-0.16440859866006086,0.5822042993300305,0.8889445255403913,0.899522817161749,0.8721662496884449,0.42856906011268875,0.7898784387285848,0.5264685752992303,0.05136978379208681,0.3814698561301788,0.01805181876069465,0.35140928047813624,0.04732174369902077,0.02893703408191657,0.19626844204325258,0.006852746197642994,0.23681577656659136,0.034915170907265994,0.023964384944732704,0.12671626984674272,-0.009091371510378136,-0.3793701165852951,-0.07174588962706775,0.044092668418855105,0.04453983285329442,0.09695697762160838,0.6017936767738816,0.7567300700012911,1.1674372111521727,sexlimited,2,35,0.08441650224692299,-0.0059717493090686346
0.07039780124144332,0.4648010993792783,0.01998898261454391,0.49000550869272813,0.047781570419092895,0.4761092147904536,0.8777742201677337,0.9305636942163027,0.9131831470906024,0.39943359917018006,0.5140552372271978,0.5761324272354174,0.07115937567738774,0.23970479998500308,0.009351143457965646,0.13141126336409317,0.0390110813740513,0.034645376991488876,0.19073185294927453,0.0014653608917669244,0.04229600076590048,0.00768283256890835,0.03519897204369761,0.09045729455441327,0.00220416780835718,0.06262023236419591,0.0243669437519082,0.0506249503352544,0.04483401546707101,0.0841487508571156,0.6437131397388463,0.6658804501150484,1.129954142611371,sexlimited,2,36,0.08441650224692299,-0.0059717493090686346
-0.1874138148060985,0.5937069074030493,-0.013872453134476978,0.5069362265672386,0.08252595881547205,0.458737020592264,0.8386374172350454,0.8532656472998204,0.8079406009275827,0.425543803984344,0.666562607946185,0.5315360144723016,0.04386002459750863,0.2651851563200815,-0.019229186094495917,-0.43842168970393575,-0.07251230182463934,0.024256991389011908,0.08957526297338361,-0.0004854790027345855,-0.020013982564816384,-0.005419788752156281,0.018721245414472343,0.11540299434819581,0.004301408533491855,0.22976081122074699,0.03727293696135453,0.04462069378489204,0.0424226139525258,0.08994948461404843,0.7048143258096873,0.7131760828495468,1.1817041594952369,sexlimited,2,37,0.08441650224692299,-0.0059717493090686346
-0.013024965044735616,0.5065124825223678,-0.2592834583582197,0.6296417291791099,-0.06565803930537768,0.5328290196526889,0.8735608752615724,0.9265936903851022,0.8791769132578944,0.6350875871083029,0.5647345716916349,0.5546763324540676,0.04340656981354854,0.2676762158700229,-0.0003116405015800099,-0.007179569888121803,-0.0011642442738780162,0.030844465438395578,0.13284300283747372,-0.01682205958042625,-0.5453834048129081,-0.12663113013944088,0.023167789733116912,0.09071498684256106,-0.0025578872820112,-0.11040704838385422,-0.02819696470276185,0.04923868116537063,0.047101955486227226,0.08945259399277489,0.5718607655708648,0.6083106865717033,1.1497589801160801,sexlimited,2,38,0.08441650224692299,-0.0059717493090686346
-0.14891143774011933,0.5744557188700595,-0.24186136822856996,0.620930684114285,0.14768406552486119,0.4261579672375695,0.8692076856411916,0.9283363351164845,0.8477532853896129,0.4571608623607127,0.7060475029794329,0.4625054211269838,0.05430564276317726,0.389945773315137,-0.022238637290262438,-0.40950877586042816,-0.05703007651858852,0.041005555472681365,0.14483727233372837,-0.01860516745323186,-0.45372309285328316,-0.12845566029690592,0.024776233814322025,0.08151911128601019,0.007016968335659572,0.2832136792155787,0.08607758628575458,0.04714599221858653,0.040952357832666826,0.08802008689681749,0.6177000628609777,0.6542956411322872,1.183916140725678,sexlimited,2,39,0.08441650224692299,-0.0059717493090686346
-0.13315558197582125,0.5665777909879106,-0.2629483988068487,0.6314741994034243,-0.09500842766444326,0.5475042138322216,0.8685709414762869,0.8983696024519474,0.821038577297822,0.6108522616016298,0.7089569299053128,0.5592200806070473,0.03811442580644554,0.3855264770897491,-0.01648070464636831,-0.43240070649526224,-0.04274856754528863,0.030687531423453537,0.16470062436786514,-0.01909963648442529,-0.6223907756173579,-0.11596578068681465,0.019315612591125606,0.10697107120765134,-0.0042666252800782735,-0.22088998005885344,-0.03988578624024374,0.04534753570915273,0.0408108816801492,0.10244310823439026,0.5432668359662979,0.7519770643546242,1.2330402093738404,sexlimited,3,0,0.005866744610453835,-0.08564258033765451
0.04856439531657903,0.4757178023417105,-0.11864805842450726,0.5593240292122537,-0.05454289420334924,0.5272714471016746,0.9241438535635893,0.884772663648963,0.9102691771280604,0.6001088613226808,0.7687097191391933,0.5041791436413606,0.04481305316081103,0.42898821651529534,0.0059325096188101506,0.13238351775589627,0.013829073597872658,0.032957276533592574,0.18651894314930004,-0.008011171712225387,-0.2430774795380859,-0.042950981690973895,0.02700934711426335,0.12118669294329924,-0.003319437718364393,-0.12289959117936003,-0.02739110737114915,0.050748401501493005,0.04385420975115609,0.09774932398770073,0.6706921333357625,0.585118223473765,1.1076055348273282,sexlimited,3,1,0.005866744610453835,-0.08564258033765451
0.12403468309051933,0.4379826584547403,0.17185010209677928,0.4140749489516104,-0.016708084085966746,0.5083540420429834,0.898006051510993,0.9095910262433115,0.8964215832725344,0.5548692332374623,0.6313924662446029,0.49560158184148756,0.0556960622216203,0.40842272244298966,0.01920043967867591,0.34473603541800507,0.047011193608005084,0.03771910514022986,0.1304241876129901,0.011076741709461787,0.29366395804675993,0.0849285850438263,0.02756427592682199,0.12828218904690394,-0.001035438880296631,-0.03756452311845695,-0.008071571649888531,0.051114403953996246,0.04531708702416855,0.09192263109236218,0.7535635177529291,0.5975993027525656,1.051282925224909,sexlimited,3,2,0.005866744610453835,-0.08564258033765451
0.2587749739638395,0.3706125130180802,0.1562924146003633,0.4218537926998184,0.34677033473722224,0.3266148326313888,0.9383063259871741,0.9447697996019062,0.9598161788766495,0.5936163963309863,0.6214917788158095,0.651767797044605,0.07595345269124926,0.37486859530924593,0.04380510536186602,0.5767361957847229,0.11685456159838949,0.05018743226157194,0.20410289677678337,0.01661747594129003,0.33110831123380424,0.08141714891711553,0.04011961305802414,0.093566453198219,0.02080908824994031,0.5186761951029929,0.22239902805609824,0.047562242307877936,0.04839178191905843,0.09472625127930404,0.7362430643449311,0.6517219225753544,1.2485722461673616,sexlimited,3,3,0.005866744610453835,-0.08564258033765451
-0.12349281917419562,0.5617464095870978,0.017103958812803386,0.4914480205935983,0.04723787384700952,0.4763810630764952,0.8230031484983146,0.8795496923566826,0.8690692721213762,0.777833094097557,0.571623010817144,0.6462707015858964,0.05751771320897786,0.3550499264808764,-0.016038145801519913,-0.27883837702741876,-0.04517152266579544,0.030423094940106893,0.13342904689927132,0.0012456428861763217,0.04094398971007337,0.009335620055179487,0.02250586206193111,0.0928260818210761,0.0019184637493485182,0.08524284668897969,0.020667292119971096,0.04786047737257144,0.045564937638376726,0.09118211917353582,0.6883834001035366,0.6882202118323625,1.0901721086676261,sexlimited,3,4,0.005866744610453835,-0.08564258033765451
-0.14129082678046181,0.5706454133902308,-0.031795089106170814,0.5158975445530853,-0.11857506766168091,0.5592875338308405,0.8581845997164126,0.8920650519571869,0.8427485882718043,0.5366592586830674,0.6698451435151057,0.5605260673530353,0.03540859576034533,0.3743889586453066,-0.015972793199743616,-0.4510993123774711,-0.042663633183894524,0.02367661754051412,0.17756175797047707,-0.0015469487085001364,-0.06533655856260225,-0.008712172745875523,0.01643773202189458,0.12232231243255166,-0.005582350133825639,-0.3396058608566018,-0.045636401264926525,0.045347257519312865,0.042782646598708673,0.10137237555056476,0.6982103465036995,0.5821130418124427,1.0389773319038607,sexlimited,3,5,0.005866744610453835,-0.08564258033765451
-0.1026170102019975,0.5513085051009988,-0.05726047933119963,0.5286302396655997,-0.14738909772336398,0.5736945488616819,0.9048693283633814,0.9151120729259699,0.9055725259427951,0.6066760606152325,0.7667826958748689,0.6297165787859884,0.06022036505835378,0.45137721798138813,-0.017849634058843357,-0.29640527820691537,-0.039544827137419594,0.0407211561910892,0.13773549878158767,-0.004053393669347997,-0.09954024022124844,-0.02942882339850248,0.03076186934594779,0.08669813892381716,-0.007295278028670115,-0.23715327396483823,-0.08414572814625901,0.04429130091255368,0.04852702348606056,0.09582000973614027,0.6076298101214849,0.6533403291176378,1.1647740740769061,sexlimited,3,6,0.005866744610453835,-0.08564258033765451
-0.10970515581282393,0.5548525779064121,-0.12982647648280468,0.5649132382414023,-0.00020341680120062805,0.5001017084006004,0.882424972256177,0.874545095427194,0.9003606158097598,0.7299023740697653,0.667624349372116,0.6494916573476065,0.04647223197578401,0.3003889918587787,-0.013958535673325327,-0.3003629281373641,-0.046468199739781495,0.028352016588146168,0.144246864894129,-0.00804626328435797,-0.28379862361261704,-0.055781200445940926,0.02293569766999007,0.12531847153134978,3.0771590043702266e-05,0.0013416461311296832,0.00024554712220539986,0.048010082803135366,0.04017044416002024,0.10021412833001242,0.6435374561486076,0.6901550896963945,1.1130082968185375,sexlimited,3,7,0.005866744610453835,-0.08564258033765451
-0.17140601878088638,0.5857030093904432,-0.04973342376842917,0.5248667118842146,-0.06243355158526187,0.5312167757926309,0.8474278981685301,0.898840721062848,0.8771076311514489,0.43755196840612426,0.5809472608519353,0.4511455595376913,0.04442545863903582,0.4390203618624795,-0.023849878857873395,-0.5368516069053467,-0.05432522254023431,0.020760109067792586,0.14428279392275167,-0.0025426740260842996,-0.12247883755240122,-0.017622849939027626,0.019185505381848,0.07658742315397223,-0.0027652113637102456,-0.14413023314603418,-0.03610529313867935,0.048366513770640496,0.04642051972437135,0.08985683349807619,0.7105316252624879,0.6882368820158481,1.1082763626011816,sexlimited,3,8,0.005866744610453835,-0.08564258033765451
-0.3029201070243625,0.6514600535121813,-0.01050594339633193,0.505252971698166,0.14600896736776933,0.4269955163161154,0.8771892427607423,0.8200338396740877,0.7734777323623409,0.6126429239397905,0.7383918015938156,0.5218577210787724,0.03934260278843158,0.3282771438665081,-0.03325795772547679,-0.8453420813138489,-0.10131061009535569,0.02105688314195089,0.12483633351889649,-0.0016294934794544955,-0.07738531236886208,-0.013053038594792107,0.023871606797018198,0.1062210901605892,0.007463507081423345,0.312652061710216,0.07026389081621855,0.050404197984970964,0.04510591742014566,0.08491767616582256,0.5925242516998847,0.6064451211218896,1.0438173493183702,sexlimited,3,9,0.005866744610453835,-0.08564258033765451
-0.13530739892082075,0.5676536994604104,0.07529360103785548,0.4623531994810722,-0.13074090949830372,0.5653704547491519,0.8402534922333232,0.7228480472109085,0.8335024883402951,0.41949558326075576,0.5353332466381653,0.5619977214157681,0.029513738900031925,0.233115089479866,-0.011328476893013464,-0.3838374030272799,-0.048596068655572366,0.020236065300654506,0.14482241809421376,0.004034391522741401,0.19936640165966033,0.027857506978766513,0.017294639275903686,0.10262233810761921,-0.00573900784485784,-0.3318373834401911,-0.05592357327543433,0.050099471947962014,0.037896254143297246,0.09183629635317588,0.6987113006437617,0.7329492941017534,1.0411017576647439,sexlimited,3,10,0.005866744610453835,-0.08564258033765451
-0.27419567430960673,0.6370978371548033,-0.09217310584803967,0.5460865529240199,-0.2248954189696482,0.6124477094848242,0.920081126023359,0.9372025227771803,0.9103841656478752,0.37513305712665607,0.6089368638660833,0.36173088216120497,0.06473953197500444,0.3514366211343337,-0.039909146041337565,-0.6164571294204947,-0.11356000951899269,0.03995445217971803,0.1588796234187808,-0.007527166668329921,-0.18839368975633,-0.0473765389567266,0.025491947624499734,0.08265811183666583,-0.010326704735580321,-0.4050967343764491,-0.12493274412057837,0.04956932972933024,0.050164635774748806,0.08684051088837726,0.6030862220494354,0.6909181708263754,1.1066404004180959,sexlimited,3,11,0.005866744610453835,-0.08564258033765451
-0.018844253513763613,0.5094221267568819,0.03696615408472815,0.48151692295763593,-0.14193504243795688,0.5709675212189785,0.9139284392491899,0.9093865095903649,0.9028600121754751,0.32552286859299384,0.6859959649285412,0.29106747069336325,0.08453190267605866,0.27984119085955605,-0.00330974447374445,-0.03915379127840032,-0.011827224089414027,0.043559414913027145,0.13528536614066888,0.0027643738234960718,0.0634621431214252,0.020433650012239263,0.02787277844311576,0.08631059904394926,-0.0070330528828653335,-0.2523269396059227,-0.08148539067935458,0.04659072554021867,0.04506044083145952,0.09392458544723195,0.5383463575847558,0.6664323943603231,1.076231284845309,sexlimited,3,12,0.005866744610453835,-0.08564258033765451
0.03585460657601574,0.4820726967119921,0.003101859243468102,0.4984490703782659,0.1565199925222924,0.4217400037388538,0.9010397312052666,0.9371215491135486,0.9206425042761183,0.5777576948470903,0.4839223988379736,0.4440928026330415,0.06898230661792432,0.2852004610364135,0.005747663259249447,0.08332083313891359,0.020153064403761967,0.04206624987025611,0.18966498472537865,0.00047587729647419305,0.011312567627062778,0.0025090413877038474,0.026822030750347066,0.07485646900945361,0.006270835940166633,0.2337942267881969,0.08377146321682218,0.05464050612924039,0.05197659391679799,0.08778084601595144,0.5580926750710002,0.5431114367854328,1.2147111035915121,sexlimited,3,13,0.005866744610453835,-0.08564258033765451
0.16063300470264283,0.4196834976486785,0.082401905492032,0.458799047253984,0.07989773015838442,0.4600511349208078,0.920390089047601,0.9170045349138564,0.9461344549861955,0.36533898477494425,0.6970734528728214,0.3487397149235901,0.0816943807938124,0.33599763337699606,0.026326185617216755,0.32225209814199024,0.07835229478440477,0.0590345940088491,0.17337606891361593,0.00828641007435061,0.14036532669486138,0.047794428183045766,0.04004676659771412,0.09048569089242316,0.004886311839403227,0.12201514016070747,0.05400093419425262,0.05121423346094478,0.041737793258817144,0.09684978447461545,0.5610764056251036,0.6020503836790023,1.162713181586246,sexlimited,3,14,0.005866744610453835,-0.08564258033765451
-0.21757102051395596,0.608785510256978,-0.14973007830989735,0.5748650391549487,-0.44171660566095455,0.7208583028304774,0.8657016186328678,0.8378917542582133,0.8765484220707442,0.6020481046045252,0.682426219734018,0.3030956265308983,0.04582143849940656,0.33726329969836716,-0.02593492097231811,-0.5659997115248575,-0.07689814158704228,0.02228786251342643,0.16910422311137463,-0.009590686979278397,-0.43030985916665954,-0.056714650898823646,0.01691116981331436,0.11894925994848618,-0.019865574858661587,-1.174701400196525,-0.16700881423949043,0.05403031398813334,0.04651351523016858,0.09893272716967019,0.6105220510721754,0.612328928144768,1.2460913380292986,sexlimited,3,15,0.005866744610453835,-0.08564258033765451
-0.12781965219536223,0.563909826097681,-0.05577846006866543,0.5278892300343326,0.1746228421886125,0.41268857890569366,0.9304866778979656,0.9169238842936619,0.9550512327073571,0.47916480180439547,0.6925701388961208,0.5798854313018205,0.09009296461801879,0.3197942949599825,-0.023043851723301652,-0.25577859293457894,-0.07205835778335334,0.05044550237239637,0.17784934044491685,-0.005208761952957053,-0.10325523006005928,-0.029287496596425672,0.044329950141246764,0.12271983297309288,0.013670151517504397,0.30837281508207737,0.1113931724507942,0.04469219547118736,0.04614801493576387,0.09104606677512377,0.6155381710602241,0.6187363164274107,1.1154089302077745,sexlimited,3,16,0.005866744610453835,-0.08564258033765451
-0.22256049879231368,0.6112802493961567,0.13187654949598263,0.43406172525200876,0.08662247641690228,0.4566887617915489,0.8338072178542868,0.7861959153014928,0.8163038939262743,0.3915867017709248,0.6199930728675094,0.4176632604649957,0.02406140001946104,0.38283651567684074,-0.02122173483109721,-0.8819825452356436,-0.05543289096542416,0.01337853068877598,0.17153870046331876,0.006761192777429477,0.5053763327763512,0.039414970261333344,0.010679994923534827,0.10138624065848441,0.0027323462737705462,0.25583778768934134,0.02694987264568126,0.04625171307021087,0.0436474422908327,0.08513899914043464,0.6020433628345635,0.5918103191686602,1.3297666302081466,sexlimited,3,17,0.005866744610453835,-0.08564258033765451
-0.25249872210436675,0.6262493610521834,-0.3162866807325218,0.6581433403662609,0.14026271813502905,0.4298686409324855,0.810833974276212,0.7549775077593254,0.8588196842029834,0.35287751283004015,0.6525217392511057,0.43028889615882837,0.03361963671280079,0.21661237093747082,-0.022115479354337532,-0.6578143465160344,-0.10209702824739209,0.02638422516112777,0.1476434621801894,-0.019084082161522877,-0.7233141032179982,-0.12925788842740613,0.017074103023771145,0.07889575643321155,0.005179483566005807,0.30335318691674484,0.06564971045547234,0.04690627240377622,0.0465210894652609,0.09126276900290664,0.6780906761442256,0.6476723633533914,1.1295514390686523,sexlimited,3,18,0.005866744610453835,-0.08564258033765451
0.004677194323055012,0.49766140283847243,-0.10872965769079136,0.5543648288453956,0.031827012575786975,0.4840864937121064,0.894990603315668,0.9050590644625853,0.8647263530664988,0.5965480089491618,0.7673548942868964,0.45957672872752037,0.049768990643105804,0.42344979998558757,0.0018478333806792853,0.037128206877453614,0.0043637601924529845,0.025912280684315253,0.1680023749146129,-0.00714602924755834,-0.2757777030365314,-0.04253528708263978,0.020076768713052057,0.08401393325207868,0.0012918746902703603,0.06434674367845375,0.015376909998894697,0.04412496908841254,0.047228048434537206,0.08906029006333653,0.5862662609084734,0.6003978304380456,1.1240396124125736,sexlimited,3,19,0.005866744610453835,-0.08564258033765451
0.045486326344837895,0.4772568368275811,-0.3127974660840702,0.6563987330420351,-0.27251971563682914,0.6362598578184147,0.8056143367856634,0.8415461427602904,0.8122730238318204,0.254736514230236,0.6177255323676546,0.28926935767848333,0.04605726137051827,0.27453450543628205,0.006616094296482872,0.14364932042437728,0.02409931781059278,0.02515941362495917,0.12447342824641801,-0.017426957127957176,-0.692661497908239,-0.1400054403053583,0.019074748846925626,0.06971714764355794,-0.011354842520027279,-0.5952813644441456,-0.1628701532380678,0.04462749703287155,0.04566964424155462,0.09425451240171273,0.5141659644347033,0.5099146930255558,0.9548870349171543,sexlimited,3,20,0.005866744610453835,-0.08564258033765451
-0.07053768283112884,0.5352688414155645,0.03869176660690211,0.48065411669654906,-0.09877686502776564,0.5493884325138828,0.9169180605659484,0.8779702248120889,0.8898463122918944,0.5461053025369177,0.5945740407556408,0.5431115306186866,0.057773444367757484,0.3133151122773706,-0.00923317462591883,-0.15981693193061083,-0.02946929230066922,0.03389486144896948,0.15685591439325117,0.002971152365138329,0.0876578996970251,0.018941921167788398,0.032753191614298315,0.08428301044916242,-0.0051982680654157135,-0.1587102755246125,-0.06167634541899983,0.05227657621526744,0.05045207448868567,0.10618974558327224,0.6460755840437928,0.6611310616425068,1.1048078751093529,sexlimited,3,21,0.005866744610453835,-0.08564258033765451
-0.055689618132878885,0.5278448090664394,-0.05022975938502405,0.5251148796925119,-0.12966901051465501,0.5648345052573275,0.8724862689588596,0.8964367283654577,0.9214945528295472,0.6801783140640756,0.4903447386275846,0.47222944605679934,0.05809731368264587,0.3534654086258915,-0.007686842325376591,-0.13230977196924532,-0.0217470851115515,0.03700152220436927,0.1701887644579533,-0.004323021277382324,-0.1168336062907122,-0.02540133181618089,0.027544289747288835,0.09801309676715722,-0.006583682827347788,-0.23902169515900534,-0.06717146018749083,0.048830262113372463,0.04993242927477021,0.08976403493006255,0.566567559962393,0.6241084019321909,1.0749177462823463,sexlimited,3,22,0.005866744610453835,-0.08564258033765451
0.15329423344393578,0.423352883278032,0.06275874837055251,0.4686206258147238,0.47745947055107907,0.26127026472446047,0.8834979419087716,0.8655273556552263,0.9049073193155328,0.5083868903595132,0.6689329664447292,0.3406475005281223,0.06193540007720614,0.3765591784165157,0.023267726634100528,0.3756773445411821,0.06179035850870663,0.049817832315267235,0.15829775137557517,0.0070115697212421325,0.1407441752356888,0.044293552247666325,0.03122625948956277,0.10242481667145545,0.02741176049685759,0.8778432301832322,0.26762811384652363,0.050494665166436664,0.049932397429436226,0.09064450054169641,0.6232303218872131,0.6933341680482087,1.2528045561958057,sexlimited,3,23,0.005866744610453835,-0.08564258033765451
-0.007390857582764097,0.5036954287913821,-0.06932235453021375,0.5346611772651069,-0.11381408506952154,0.5569070425347608,0.9259319295704178,0.9518216313402037,0.9268313100785688,0.4445519516311952,0.7128831858785486,0.4106230455479876,0.09977399271827944,0.4050736144357434,-0.0026044015432816364,-0.026103010136473048,-0.0064294524512772755,0.06106053619423263,0.21661631620529476,-0.007515538130313424,-0.12308339557331452,-0.03469516175868621,0.042826891066275206,0.08351213472607662,-0.007121095832103562,-0.16627627303330442,-0.08527019283438343,0.05240868785486635,0.04978944658393968,0.10449161003177106,0.6392340499978956,0.6080138953722924,1.2067744868626853,sexlimited,3,24,0.005866744610453835,-0.08564258033765451
-0.04738447394564936,0.5236922369728246,0.1215380773269551,0.4392309613365224,0.05486085379558737,0.4725695731022064,0.8727206323236292,0.878565415238551,0.9153017666532207,0.4579674572728915,0.6080828250509255,0.5354479663445022,0.05131661547014977,0.2594806000171593,-0.005588446395016243,-0.10890130504158,-0.02153704899189644,0.02846906249828639,0.14438304178205352,0.007583002902580585,0.26635941745665215,0.05252003842686139,0.02156742795963694,0.08387477845800306,0.0024145840406305705,0.11195512256488914,0.02878796325929584,0.04709128467492276,0.04079858289766252,0.08906391044474853,0.7568710904402087,0.6411339500677611,1.3857595815500392,sexlimited,3,25,0.005866744610453835,-0.08564258033765451
-0.2895003782650647,0.6447501891325323,-0.05633664122810339,0.5281683206140518,0.1827351832036043,0.408632408398198,0.8919757523317176,0.9006396953900428,0.9305740583066089,0.4772386536830965,0.7332804562515859,0.26414909195877756,0.0630695025664001,0.26420316700211793,-0.03725978948243622,-0.5907734795150603,-0.14102703576652256,0.04108321115296084,0.19709729883091967,-0.005123810808282151,-0.12471787536775546,-0.025996352251776024,0.03131913240012206,0.09643398832417722,0.009881440166942129,0.31550810669658325,0.10246843813743547,0.04836275432578262,0.04342900239591801,0.09591625830405238,0.6009549212847163,0.6042334445737358,1.0521330035921779,sexlimited,3,26,0.005866744610453835,-0.08564258033765451
-0.01287915550168753,0.5064395777508438,-0.35821454429885224,0.6791072721494261,-0.18897686490747695,0.5944884324537384,0.8100268145722266,0.7712966700927917,0.750491033118351,0.44837144235784343,0.6729326571633388,0.3506868434983377,0.034104193136529966,0.31186814088423886,-0.001417248972104608,-0.04155644340949244,-0.004544385226673959,0.016511313640900013,0.20983632837218216,-0.021373222160474718,-1.2944592190127937,-0.10185663429339792,0.012076409398658249,0.06341136811572774,-0.005246151976748235,-0.434413226942365,-0.08273204210282678,0.04285035341209853,0.041355597491235845,0.10255294386683185,0.6984512803221778,0.5883709421829201,1.0514112649388527,sexlimited,3,27,0.005866744610453835,-0.08564258033765451
0.0928382302443909,0.4535808848778046,-0.10928346899244046,0.5546417344962202,-0.028784010247473624,0.5143920051237367,0.7548917532008109,0.8853557925863685,0.7972403498259409,0.5571550992045593,0.6795321246725504,0.494805414526257,0.03753239672558216,0.2716746090723906,0.00998903568426694,0.26614435942638304,0.03676838155164237,0.021751478634165856,0.17735393910345734,-0.006796747531392138,-0.31247289647317283,-0.03832307061095122,0.01459892370185486,0.0803097023957801,-0.0011549783981213298,-0.0791139416650684,-0.014381554951223658,0.04482652009281883,0.04466997702236527,0.09543465380385895,0.6242143774334283,0.5907609724264962,1.0054692216144336,sexlimited,3,28,0.005866744610453835,-0.08564258033765451
-0.13903534085682773,0.5695176704284138,-0.10089702781719889,0.5504485139085994,0.016859197630864506,0.49157040118456774,0.8798149782256709,0.8758423216312086,0.8924642123837143,0.5955296268962135,0.6975203713397568,0.46351528812604403,0.06574576226879494,0.2492939580177533,-0.018273433497663038,-0.2779408568259341,-0.07330074761122653,0.036120236496041,0.12996300358149374,-0.006216126088790355,-0.17209538728993873,-0.04782996635571378,0.0252722373337867,0.10518613242799735,0.0005398252001661441,0.021360404028987437,0.005132094770531359,0.04839362122793655,0.04246827923034747,0.10087309452396213,0.6434152770073422,0.6288433323189921,1.126130932777726,sexlimited,3,29,0.005866744610453835,-0.08564258033765451
-0.05954728542541105,0.5297736427127057,-0.24749410122651827,0.6237470506132591,0.034368499431527776,0.4828157502842361,0.8232986716907502,0.8433353171460692,0.8004391789021695,0.49583790798516375,0.712689524836882,0.4314968636577999,0.03907203747372717,0.3299874134222627,-0.006902539080132064,-0.17666186680880083,-0.020917582911865035,0.018528206762586534,0.13599531122968822,-0.011954035244996625,-0.6451803673270238,-0.08790034845250622,0.013635438595627065,0.08615740367742789,0.0015305615266885037,0.11224879316895317,0.017764712739242988,0.04931761938145108,0.04849998120460792,0.09633780186840614,0.6347106276773183,0.6864614317001436,1.1458387858314458,sexlimited,3,30,0.005866744610453835,-0.08564258033765451
-0.10819256701090074,0.5540962835054504,-0.13589614280045756,0.5679480714002287,0.06624374943661795,0.466878125281691,0.925971331534128,0.9284455975027093,0.930022255716263,0.8077218348460652,0.7436205523915865,0.6669213457806559,0.07381356488146013,0.2922817328374406,-0.015089778580042377,-0.2044309688100771,-0.051627511694119166,0.04152826637851222,0.1859517512421529,-0.012773458061904084,-0.3075846688489119,-0.06869232463032864,0.032019170831450866,0.09832411412964785,0.00374395895138764,0.11692866661338189,0.03807772879042617,0.04269422837673043,0.049878287448670504,0.09227206082542373,0.586317948875379,0.6911051458228068,1.3156970269422172,sexlimited,3,31,0.005866744610453835,-0.08564258033765451
-0.2216750503842344,0.6108375251921171,-0.3400465531773944,0.6700232765886972,0.005157255701361278,0.4974213721493193,0.7559592365587939,0.7926753395731975,0.827180677912286,0.4983861522765837,0.6897519070314095,0.40850722663311767,0.03197381399828855,0.4185704810738439,-0.026379432828091923,-0.8250324102562153,-0.06302267842781317,0.02170873868968472,0.16665531535468806,-0.020197414224366543,-0.930381746866007,-0.12119273952577465,0.01765355623703494,0.07628123976051496,5.7999487270245046e-05,0.003285427960886964,0.0007603375017544878,0.044180740794169115,0.04405572785898808,0.09590472646606335,0.5950074113976814,0.660437078738404,1.3338266092463564,sexlimited,3,32,0.005866744610453835,-0.08564258033765451
-0.12420920052031212,0.562104600260156,-0.09354748033409666,0.5467737401670484,-0.010318900780920784,0.5051594503904604,0.8985245528071807,0.846913953407568,0.9014307594795218,0.34327058857608506,0.6356189404722007,0.1879897166520836,0.05239734012503736,0.4101228328742808,-0.016525503129700664,-0.3153882065437931,-0.040294033409172314,0.02408128523070786,0.12563288951079218,-0.004909328258953636,-0.20386487730702105,-0.0390767758193758,0.019939109210535527,0.09479114176341112,-0.001140919645897756,-0.05722019142635074,-0.012036142034720643,0.04850494416925188,0.043276052393234773,0.08691063853737988,0.6549412801664984,0.7305341655031352,1.2014756526957338,sexlimited,3,33,0.005866744610453835,-0.08564258033765451
0.037361423035911424,0.48131928848204414,-0.03213246498304206,0.516066232491521,0.030847174460520176,0.4845764127697399,0.8887958568065082,0.8914193108128357,0.8720825601804058,0.615434228163617,0.6252289541396577,0.5401195599215621,0.04856494274275581,0.34428439642020064,0.004545743491947342,0.09360133535059934,0.013203454873973555,0.03098213818825311,0.1195650293023135,-0.002462004255535112,-0.0794652790125564,-0.020591340711422164,0.02072456252809839,0.12360797598333365,0.0017013849009287348,0.08209509361763342,0.013764361784858741,0.0475125323371748,0.04849389771891915,0.09052303721711766,0.6138181939796135,0.648695539677453,0.9312866458890142,sexlimited,3,34,0.005866744610453835,-0.08564258033765451
0.2541173308098614,0.3729413345950693,0.08621254322983,0.45689372838508496,0.02916459572739423,0.4854177021363029,0.8833263208656502,0.9053387821987117,0.893159988245898,0.6413266034607572,0.6267818440638477,0.3885825381651188,0.05382674562979435,0.31611494019509817,0.03251980278934131,0.6041569559676453,0.10287334970397446,0.03561823647399244,0.24654306149967656,0.008203397419427591,0.23031453074375285,0.033273690078835794,0.026242298668813363,0.14907541695327037,0.0016574898291437715,0.06316100011137937,0.011118465156889907,0.04403274275928046,0.04546424460234238,0.0979505068105451,0.6258998287591778,0.6372023959007956,1.0821346010630923,sexlimited,3,35,0.005866744610453835,-0.08564258033765451
-0.138018313692384,0.569009156846192,-0.24386659636885197,0.6219332981844261,-0.09346382904786321,0.5467319145239317,0.8540728083661695,0.8248250487502743,0.8778905680534282,0.5528733886878245,0.6766854343524792,0.6025796001655009,0.04339810541308445,0.3120933829634649,-0.016313974830060078,-0.37591444775700844,-0.052272735407433706,0.02438913432831315,0.11505604236693814,-0.013123272952840706,-0.5380786696314187,-0.11405983278120937,0.02239494123527217,0.09876778174480054,-0.004044656679859076,-0.18060581795538344,-0.040951174648326046,0.049793917791747654,0.04265076584377076,0.10288804458880246,0.6708882836242481,0.6550711180147568,1.188904377911723,sexlimited,3,36,0.005866744610453835,-0.08564258033765451
0.09472446525095982,0.4526377673745201,-0.09849070794146834,0.5492453539707343,0.0270082808369843,0.48649585958150776,0.8470559675316057,0.8579193337792687,0.8194467143181025,0.4102719549120833,0.6420336361240704,0.46867542970931925,0.03343680078835715,0.38830498915011796,0.010658854948124196,0.31877615970471845,0.027449698680032934,0.021604104548387803,0.1379262635610214,-0.005298276278834211,-0.2452439658846954,-0.038413831724587726,0.01621701923756949,0.13336518020126167,0.0010276570150814213,0.0633690445837715,0.007705587121995276,0.04598865800860043,0.0435717238979746,0.09059828175655711,0.6147269825617898,0.6077206206696696,1.1962170536143315,sexlimited,3,37,0.005866744610453835,-0.08564258033765451
0.05744535608966732,0.4712773219551663,0.061788977677760544,0.46910551116111976,0.0005074460209462059,0.49974627698952695,0.9186528693200813,0.9540936058894631,0.9360144154329743,0.5769456164285776,0.737822381443511,0.6252691709465872,0.05609625523360175,0.26323250345646504,0.0059402428099565065,0.10589374968470786,0.022566524771660424,0.04216042102464925,0.17579186832330812,0.005396299096942447,0.12799443093292356,0.030697091671031268,0.029435907874872224,0.10786446093480702,-0.0006607701976804205,-0.022447760078923292,-0.006125930560945261,0.04641958127215939,0.04447947948093643,0.09667956877500017,0.7118400969237256,0.584395444930823,1.0178805547995198,sexlimited,3,38,0.005866744610453835,-0.08564258033765451
-0.20997309566235203,0.6049865478311759,-0.28728701657628236,0.6436435082881412,-0.04533767209827565,0.5226688360491378,0.8898697448423086,0.9459949481785382,0.9066133393997683,0.5312710922252675,0.6312166796420253,0.4519404045601532,0.06564858171313448,0.29463167255786255,-0.02916306421090375,-0.44422992012741414,-0.09898142978900693,0.04772112663760383,0.20182824381130232,-0.028433345128893533,-0.5958230061250964,-0.1408789205710825,0.031067019856655,0.12375344878057105,-0.0026139738890998024,-0.08413983385470594,-0.021122432666379063,0.04568349355715248,0.03834702565623287,0.09777130863743129,0.6621103033255523,0.6780680113142243,1.2365848764836362,sexlimited,3,39,0.005866744610453835,-0.08564258033765451
-0.043529443204129804,0.521764721602065,-0.10684476054982711,0.5534223802749136,-0.2549594951299118,0.627479747564956,0.908972186686363,0.9105602321306085,0.8486488866850299,0.31703355859134646,0.5312342867210892,0.46281874683093055,0.051865534738349296,0.20849567350991324,-0.004228607797485379,-0.08153020727189673,-0.020281513406484777,0.028926743676145485,0.1411942849373537,-0.006590735670722864,-0.22784229516155086,-0.046678487543933514,0.025310688320778624,0.08422247596498147,-0.01178118015599495,-0.4654626538276826,-0.13988166485266237,0.04138022950321867,0.040184788472426035,0.09524313386010823,0.5921764804410922,0.6425471130514613,1.1050672006484692,sexlimited,4,0,-0.18783817167795486,-0.11473822904826998
0.09338481653028241,0.45330759173485874,-0.08818994979184873,0.5440949748959244,0.2476124688403643,0.37619376557981793,0.7461763037084003,0.8429773179689466,0.7918606206293648,0.41778276347320825,0.6913865035101163,0.4989119798467242,0.031344811217102364,0.17742064590227508,0.00689524610398296,0.2199804636315938,0.0388638315959064,0.020624046549794228,0.11675016950140597,-0.0049612486865435465,-0.2405565112823626,-0.042494573735790596,0.012651382398354769,0.0736227084642216,0.007336127898235,0.5798676909164501,0.09964490645980696,0.046329439773360535,0.041998884861604746,0.09120960183616991,0.5150209766062585,0.4945739543571854,1.1322997420366145,sexlimited,4,1,-0.18783817167795486,-0.11473822904826998
-0.2642525067102699,0.632126253355135,-0.3984187425844065,0.6992093712922032,-0.10186414777379019,0.5509320738868951,0.838124289680965,0.8824268217219609,0.8721102651549649,0.4561101735709061,0.7878443943646547,0.4086269416291593,0.06521144341056327,0.4317098822792523,-0.04283818790804819,-0.6569121256578266,-0.09922911118429815,0.04832878400150215,0.21818975047331463,-0.041097246067387266,-0.8503678897882033,-0.1883555298919213,0.027718231691307615,0.08876658427181895,-0.004668288632721505,-0.16841942461233814,-0.052590607952496864,0.046884270453271856,0.04590702661876652,0.09423276800902618,0.670893527299478,0.5666047330990599,1.2279254913418207,sexlimited,4,2,-0.18783817167795486,-0.11473822904826998
-0.37999940930784537,0.6899997046539226,-0.10062411980451112,0.5503120599022556,-0.16071363014093784,0.5803568150704689,0.8550084657586495,0.8839240160585841,0.8054235953541223,0.34310752180081583,0.6627751535008214,0.30185464645983995,0.043449802241803746,0.3163623681749433,-0.04585672148802834,-1.055395401636808,-0.14494998805505943,0.014391566126612696,0.15873713804620807,-0.004587105503316782,-0.3187356721958402,-0.02889749405700816,0.013706312349717219,0.062432162416904004,-0.004768582979462039,-0.3479114482284815,-0.0763802308755352,0.04541533633293946,0.04441991423888414,0.09414098420223652,0.5630141739476419,0.5984151254390481,1.1813419118667645,sexlimited,4,3,-0.18783817167795486,-0.11473822904826998
-0.3714128122229408,0.6857064061114704,-0.3308937361504241,0.665446868075212,-0.43795766064357516,0.7189788303217876,0.9277873305861932,0.9193721912948453,0.8966192228569018,0.7664200086421896,0.7272732460483962,0.7116408283131384,0.0716410180724047,0.45514970206757893,-0.06647284419895853,-0.927860128003445,-0.14604611163535133,0.0422450294795186,0.17586872042679444,-0.028564649966737177,-0.6761659375947648,-0.1624202979211829,0.028863055418741967,0.11417698389676945,-0.02512860599787622,-0.8706148962163994,-0.22008468905252992,0.0451015292960436,0.03932284235658202,0.08287037776691303,0.6464480766853998,0.6049543877815687,1.2500923582111099,sexlimited,4,4,-0.18783817167795486,-0.11473822904826998
-0.2894774225933581,0.644738711296679,-0.14857490805138013,0.57428745402569,-0.1362971790267493,0.5681485895133748,0.7860549488633177,0.8448537255970916,0.8334860435276343,0.4871827456807419,0.5467961602081635,0.5514499331186998,0.04199100842192717,0.3769990632967766,-0.03601438615355189,-0.8576689988408479,-0.09552911309278528,0.023316092264638686,0.12488877749193872,-0.008999009806703458,-0.3859570336471608,-0.07205619261734164,0.019901487054985744,0.1263410348290211,-0.006597454462685462,-0.3315056027952775,-0.05221941130697465,0.044467535788033495,0.042357584675377355,0.08095906043990139,0.6551716469826634,0.6195875128251033,1.2332357403583931,sexlimited,4,5,-0.18783817167795486,-0.11473822904826998
-0.2727604314526853,0.6363802157263427,-0.23135617628439104,0.6156780881421955,-0.21931754557911323,0.6096587727895566,0.8953887568244172,0.9212124398404341,0.9075792897478957,0.5705860519144883,0.5965979945070137,0.40052562178730916,0.06516897667996319,0.2763878313011452,-0.03600411597320444,-0.5524732442864067,-0.13026664670332488,0.040590037462499694,0.12401856226718888,-0.01645709401340442,-0.40544663277556203,-0.13269863569252496,0.027156663530282874,0.08474938235036697,-0.01015630772236775,-0.3739895260344583,-0.11983931257905826,0.04375499640846707,0.04080691888428239,0.08667690516357016,0.6585546174412195,0.6517196190617834,1.0800586903477174,sexlimited,4,6,-0.18783817167795486,-0.11473822904826998
-0.3329756048518392,0.6664878024259197,-0.3546354594484166,0.6773177297242082,-0.36315019963940015,0.6815750998197,0.8958755541147813,0.8582655445434828,0.8781258416963632,0.6714624100792852,0.6611667879681699,0.7692131850878041,0.0503971754001586,0.3116123216900198,-0.04229817368658228,-0.8392965151465446,-0.1357397340938877,0.028883853177814712,0.13613684954955277,-0.02240403404793504,-0.7756594630921081,-0.16456994650651252,0.02627607126863239,0.10577132062587824,-0.01906496068529549,-0.7255635932170228,-0.18024697595229813,0.049463290993774466,0.043525276674022444,0.09339077784075084,0.676092922693534,0.6009152375142194,1.2052506944659929,sexlimited,4,7,-0.18783817167795486,-0.11473822904826998
-0.21914672881949668,0.6095733644097483,-0.20198715271325587,0.600993576356628,-0.1358588396959486,0.5679294198479744,0.9083222349261981,0.9041068903651299,0.8669249375603537,0.48671324690225926,0.6138333319183376,0.5491734725795495,0.048758764536005895,0.329298217850232,-0.028150114856670162,-0.5773344571904138,-0.08548517219571806,0.025053140688676683,0.1560358816980716,-0.012623453035863168,-0.5038670876729086,-0.08090096264069227,0.025251049007625034,0.11850915598681233,-0.00785124719600925,-0.31092756556919343,-0.06625013173566888,0.04513515062640485,0.04978820917358863,0.08656394142920847,0.6742813432989019,0.5538521065569596,1.0564906943319297,sexlimited,4,8,-0.18783817167795486,-0.11473822904826998
-0.1680402709836589,0.5840201354918294,0.09028873626295285,0.45485563186852357,0.05486145279249832,0.47256927360375084,0.8845008887843557,0.909607546358051,0.9265031549817083,0.7052722173654229,0.7685921474108663,0.6386090155476642,0.06496259766593364,0.37684224276047174,-0.026596332677619527,-0.40940993176396073,-0.07057683470620005,0.04063532201112414,0.22841003586517394,0.00953595498995349,0.23467157433483538,0.04174928196054564,0.028301578921521547,0.13033054963696342,0.0028896282431619276,0.10210130859393676,0.02217153423515059,0.04723644355830917,0.05104009327804003,0.09148095887519862,0.6009273072796315,0.6030885888425366,1.1671535329292146,sexlimited,4,9,-0.18783817167795486,-0.11473822904826998
-0.21760834187554748,0.6088041709377737,0.020820065266478543,0.48958996736676086,-0.10038841465020126,0.5501942073251006,0.8990554750402712,0.9229239076686859,0.9042866107250973,0.5210956900423641,0.431468440588109,0.6045492693566561,0.05159273658120974,0.18773759291429798,-0.024723568145803523,-0.47920637252663073,-0.131692154789104,0.03974010404471036,0.13940917583455348,0.0015577186731577319,0.039197649593599226,0.011173716965419725,0.024841749612640133,0.10985179167433906,-0.004873361973223502,-0.19617627780709165,-0.044363063168517264,0.04995914785538803,0.04533327978714014,0.09252680114932238,0.6141319641466806,0.6869416473610533,1.1657998047259617,sexlimited,4,10,-0.18783817167795486,-0.11473822904826998
-0.13200396487134428,0.5660019824356721,-0.178547853490755,0.5892739267453775,-0.2198089777066943,0.609904488853347,0.8816487598128695,0.9167465984569062,0.9492727621539507,0.40543454998453077,0.5227635556550122,0.2340037746364897,0.0656905198450193,0.24607705211899153,-0.01596848778858357,-0.24308664060289537,-0.06489222644321155,0.03591802575054467,0.17881387235474988,-0.01406559444823771,-0.39160266062297194,-0.0786605326701549,0.02907305693625361,0.07812829556769797,-0.01046020424932251,-0.35979031280604046,-0.1338849666860935,0.044098491182704334,0.04574558345645854,0.09592139070606244,0.5438804545435,0.6063534781213227,1.286392829374154,sexlimited,4,11,-0.18783817167795486,-0.11473822904826998
-0.30465448599773,0.6523272429988649,-0.3603736899753812,0.6801868449876907,-0.17550115949172995,0.587750579745865,0.8100855472914097,0.8434216405891953,0.8072498305948286,0.501425158762427,0.7072189777458118,0.4374935456083599,0.0416642145748794,0.39741055588501406,-0.03983876109546076,-0.956186538062828,-0.10024585533905049,0.028621657383082456,0.15009717811857975,-0.023625553304022443,-0.8254432295030866,-0.1574017153430945,0.01840902114612955,0.09537832509901929,-0.006998039967605168,-0.38014188326773085,-0.07337138663674357,0.044227523303835545,0.04901018913915143,0.08452487805046786,0.7149096027252083,0.6189173939206898,1.2269921213881345,sexlimited,4,12,-0.18783817167795486,-0.11473822904826998
-0.36422119733365477,0.6821105986668273,-0.2604022331313953,0.6302011165656977,-0.26898947652967936,0.6344947382648396,0.891105266150234,0.9122760344428436,0.9323099286434355,0.6227199671127049,0.72093085370651,0.5291085278224221,0.0517892070194381,0.43200090165692634,-0.05386399637175898,-1.0400621958073648,-0.1246849165480101,0.02944865375756342,0.2180352624433073,-0.020659446782939538,-0.7015412980511371,-0.09475277783707729,0.02645901896439479,0.14961683149444033,-0.017029479444606786,-0.6436171903245131,-0.11382061279141305,0.04555329591075203,0.03765917181747503,0.09556537566845315,0.6238129860386519,0.7317519023307202,1.345639811270034,sexlimited,4,13,-0.18783817167795486,-0.11473822904826998
0.3274891887849493,0.3362554056075253,0.1401218794843803,0.4299390602578099,0.26290798019119155,0.3685460099044043,0.8179183577941811,0.8392080745306866,0.9219485717820993,0.3251978866297198,0.6162937445512764,0.304773862634954,0.034824108667859476,0.2789783039500152,0.033884887252124234,0.9730295633782556,0.12146065400912115,0.0311401211294151,0.16494553115979893,0.00943479541712386,0.30297876420948505,0.05719946063881808,0.024857815289105915,0.05871829659513479,0.009836051377188645,0.39569251210501,0.16751254630236717,0.04866612844467649,0.04212216904147041,0.08560898744918506,0.5975138020933948,0.6138884461229558,1.1060420111110598,sexlimited,4,14,-0.18783817167795486,-0.11473822904826998
-0.22887435509896278,0.6144371775494814,-0.11151712213363471,0.5557585610668174,-0.2710031022302978,0.6355015511151488,0.8609153492439987,0.8419002032934907,0.8344610278354084,0.4708211588406164,0.5205902741006663,0.3811605839096149,0.03013039064657816,0.3818315141997949,-0.023650055484033504,-0.7849236261634526,-0.06193845872988503,0.026482766663999336,0.1181448998519041,-0.006159224044405816,-0.2325747956227951,-0.05213279669394506,0.019006124352740635,0.07924205818465996,-0.010491955567344417,-0.5520302494407022,-0.13240387500908574,0.048550241497662995,0.0427527342626636,0.08873290805336351,0.5499916803177596,0.6271309705517832,1.2015456412260228,sexlimited,4,15,-0.18783817167795486,-0.11473822904826998
-0.0790022934571804,0.5395011467285902,-0.0819272402218841,0.5409636201109421,-0.14982565343597257,0.5749128267179862,0.8397335178702245,0.8507628435344293,0.8919224616531758,0.5613336939521911,0.6352427735112919,0.435548490081798,0.05134939569662473,0.29627855885127063,-0.010743650368418657,-0.20922642268066366,-0.036261990776767214,0.025980105126220458,0.12717554180619264,-0.0046247550790540805,-0.17801140744371122,-0.03636512975192911,0.02196667059707932,0.09631780541703322,-0.007007382617386497,-0.31900066905533675,-0.07275272299909862,0.0451221574934523,0.0498775965869498,0.09786525047781842,0.6097804154776484,0.6907481303654711,1.008473132510217,sexlimited,4,16,-0.18783817167795486,-0.11473822904826998
-0.22770705130564975,0.6138535256528248,0.12500738060508101,0.43749630969745956,-0.06698704074429113,0.5334935203721456,0.8453232587754984,0.8551769635253333,0.8511514887123591,0.5783935668505241,0.5209700732286898,0.36789966012400493,0.026804668760511585,0.20514740887071703,-0.01642786920455431,-0.6128734270634117,-0.08007836557617493,0.0216510674991042,0.09664628051410178,0.005587246986488899,0.25805873020903325,0.0578112986528608,0.016980426950607003,0.09669451951995137,-0.002243963985298565,-0.132150033201512,-0.02320673391252085,0.03865818478608525,0.04182022396445257,0.09439905562472453,0.5737535080032882,0.589525453654787,1.006823200972328,sexlimited,4,17,-0.18783817167795486,-0.11473822904826998
-0.3190854622578329,0.6595427311289165,-0.2090097655268799,0.6045048827634399,-0.2561805984144241,0.628090299207212,0.876667539475534,0.9325853050688518,0.9010472753659221,0.6590306933790361,0.5453457185536243,0.5672142329179068,0.06966595535893445,0.3477323495681313,-0.05075144848117509,-0.7284971291887461,-0.1459497471092529,0.03426936072961164,0.14267903031133605,-0.01493172540222193,-0.43571648505598326,-0.10465255734945643,0.021970245888050213,0.1392020965063819,-0.014245196653085188,-0.6483858544720822,-0.10233464157942548,0.048420892387634536,0.04834885481385977,0.09446138085214081,0.7432063700185547,0.6404117231751161,1.231458712730614,sexlimited,4,18,-0.18783817167795486,-0.11473822904826998
-0.24370114132013043,0.6218505706600651,-0.27798189137302354,0.6389909456865117,-0.14899111037686527,0.5744955551884326,0.844900572852412,0.9076470605853111,0.8807407780349156,0.5270715284428453,0.6236592180689834,0.4186332936622804,0.06549122346520729,0.27623185724326565,-0.03273134707511211,-0.499782189784573,-0.11849229629690035,0.036915143054154796,0.1713872940834923,-0.021952975854500303,-0.5946875465793298,-0.12808986787436988,0.024537847806947483,0.09440629634688395,-0.005580994445124966,-0.22744433370985376,-0.059116760863261814,0.04395923384790633,0.04955483785291295,0.08780188587847769,0.5331208796620203,0.5922603876779964,1.091803437794355,sexlimited,4,19,-0.18783817167795486,-0.11473822904826998
0.27589587502916496,0.3620520624854176,0.1596744619323267,0.42016276903383665,0.23930395107536243,0.38034802446231886,0.8810533330903576,0.8736489917991739,0.8849906925054798,0.4472123362139676,0.7255425759414839,0.5202527439493861,0.05344202646098925,0.37650891982083357,0.03833561512358718,0.7173308660286449,0.10181861067681917,0.030787809541636523,0.1684287770965766,0.010901397323323013,0.3540816149515374,0.06472407810140532,0.02084209598180094,0.10042829581480438,0.01117530865358528,0.5361892903354548,0.11127649396932116,0.050370304975466094,0.03941810641403702,0.09372183884246582,0.6236422461496834,0.7190158375528015,1.2343939283929908,sexlimited,4,20,-0.18783817167795486,-0.11473822904826998
-0.07128611651938904,0.5356430582596945,-0.4455155008584201,0.7227577504292101,-0.09463099208952311,0.5473154960447615,0.8263133111998515,0.8727480802960876,0.8879657081403521,0.3396139302192953,0.7146190895342333,0.5368798213902936,0.045441194425216304,0.33178376078249233,-0.009383435472749288,-0.20649623302027942,-0.028281780430178417,0.02516654240767496,0.12893889217308016,-0.02558290219945324,-1.016544179372503,-0.1984110594428888,0.01655227261458696,0.13063540182031905,-0.003667658977517896,-0.22158038735331798,-0.028075536389152268,0.05326383592130203,0.04533623370874534,0.09327175390861751,0.6317906365595062,0.6004875665235275,1.0740497078348794,sexlimited,4,21,-0.18783817167795486,-0.11473822904826998
-0.37603066265855284,0.6880153313292764,-0.29555185241303117,0.6477759262065156,-0.2494395452601791,0.6247197726300894,0.807277507375302,0.8315664210495666,0.8570085372932007,0.5555496305208192,0.6109832744198797,0.3983544380012305,0.041754330790384056,0.3493327038891488,-0.04516872622171419,-1.08177344401641,-0.12930002178109054,0.0241724339513591,0.1257096672801997,-0.01629087598940828,-0.6739443790472048,-0.1295912744172399,0.024684501143100362,0.12561000279138704,-0.010963954823497303,-0.44416351620546607,-0.08728568250815365,0.043599357164516066,0.038869553573085955,0.09548908515589928,0.6720348807825969,0.6401405388759261,1.0333105367837094,sexlimited,4,22,-0.18783817167795486,-0.11473822904826998
0.16019536921171992,0.4199023153941401,-0.05973637846422296,0.5298681892321115,-0.16087604481250986,0.5804380224062549,0.8883575454797431,0.8847290811655055,0.8748289787608834,0.567240789664751,0.667754631930884,0.4839099142881039,0.06227619705045711,0.4626783238798677,0.026030676075515864,0.41798756681345556,0.056260850642907166,0.030987405766408408,0.14065384327867667,-0.004367023631245498,-0.14092898463864073,-0.031048022076390326,0.02996044975527498,0.09819351578786734,-0.008607083117211138,-0.2872815057022211,-0.08765429212052532,0.04778154217347162,0.05070839253610991,0.09168408994161793,0.6825476386670346,0.6172858277229825,1.323735233055435,sexlimited,4,23,-0.18783817167795486,-0.11473822904826998
-0.20403577380735854,0.6020178869036792,-0.35940748994409394,0.6797037449720469,0.14727376458639696,0.4263631177068016,0.9262229504729235,0.8974944472191406,0.8611337989771121,0.1305476313733915,0.6125853523777611,0.2160620545012287,0.060514979027138406,0.30708753069200007,-0.028176500205093727,-0.46561199653490354,-0.09175397041227944,0.029623514993016953,0.12913306229742627,-0.02172407168717643,-0.7333387578178137,-0.1682301286802939,0.023193111939283344,0.06805873837689441,0.005706136790833376,0.24602721729500232,0.0838413542025131,0.047526511242595534,0.04414485734522727,0.07817772825726554,0.5439418221833551,0.6285597630877728,1.0457871089000934,sexlimited,4,24,-0.18783817167795486,-0.11473822904826998
-0.1667348837232844,0.5833674418616421,0.08475477703137645,0.4576226114843117,-0.0471653159252535,0.5235826579626267,0.8634659367927946,0.8916213266286372,0.8768696354478414,0.430069399092302,0.6117745216048049,0.32397917742372445,0.042265736479164706,0.28474395526208496,-0.01873592099792497,-0.4432886436785745,-0.06579918783764872,0.027517415156245104,0.12775659165898995,0.005050285529561972,0.18353052061344524,0.03953052804541217,0.016172578197534072,0.12984678872605582,-0.0024695979641702033,-0.1527027993932815,-0.019019322606278973,0.04491719523901602,0.03980090837710136,0.08792975513428503,0.6680595925384275,0.6257056191333868,1.083283689960448,sexlimited,4,25,-0.18783817167795486,-0.11473822904826998
0.011040519057833008,0.4944797404710834,-0.0027592455939925617,0.5013796227969963,-0.1395224605528432,0.5697612302764217,0.8458125602142434,0.8346763646648151,0.8693383075708387,0.625916573596933,0.73371036977959,0.584665118100613,0.04392503029433124,0.4054086694282718,0.0007726439469449292,0.01759006065033137,0.0019058397247265371,0.0265289995878143,0.1855768502411334,-0.0006659020741029046,-0.02510091162309704,-0.0035882820149046066,0.015578338337814954,0.15873101379170787,-0.006608240757934607,-0.4241941993193024,-0.04163169250973323,0.050808431989884606,0.04593721433271135,0.09334445595284327,0.6688388586900619,0.6624439270729034,1.0429468233741883,sexlimited,4,26,-0.18783817167795486,-0.11473822904826998
0.30341741353771046,0.3482912932311447,0.2887108833826201,0.35564455830868996,0.026332998049630095,0.486833500975185,0.7446912398347012,0.8552671616513753,0.7464375699317568,0.32566461374014244,0.5380101031275382,0.4466813138628541,0.030836646918562676,0.21111473257253388,0.02371286928186717,0.7689833899415562,0.11232219084340789,0.02214056529844158,0.12722794018254868,0.015522332131279184,0.7010811116178575,0.12200411410424072,0.01489747922862584,0.09903325924865797,0.0007666342232928506,0.05146066737382964,0.007741179368518455,0.03923527984673224,0.04308312647689792,0.092387641478947,0.6147377393619314,0.6212070539805592,1.1190806024906226,sexlimited,4,27,-0.18783817167795486,-0.11473822904826998
-0.11535039959761523,0.5576751997988075,-0.3040817017513931,0.6520408508756966,-0.08106801899332013,0.54053400949666,0.8837796733154519,0.8103763132518207,0.8647051681261656,0.3875043324329911,0.4926812493480283,0.5733095421299835,0.033153521805254084,0.23074637879986112,-0.010443291294230187,-0.3149979466909956,-0.045258744031204154,0.024665580039606623,0.18925913255911703,-0.020861815512946115,-0.8457865365196102,-0.1102288446050534,0.018745657327107406,0.09407290731669475,-0.0032315792020370638,-0.17239081807838214,-0.034351858512866096,0.041319630261379615,0.041206181421064074,0.08806521214440248,0.6013478425258086,0.617080505872867,1.2578048086096096,sexlimited,4,28,-0.18783817167795486,-0.11473822904826998
-0.3558255456692142,0.677912772834607,-0.23882634918895893,0.6194131745944794,-0.14416969094559937,0.5720848454727997,0.8515228172555231,0.8397911571592518,0.7281307636629474,0.34319301460407037,0.5763144560350825,0.32296998744754696,0.03305518727957247,0.305744414755554,-0.036020685135575936,-1.0897135396911242,-0.11781306018091899,0.0169354699048068,0.13386715808840527,-0.011192815834386766,-0.6609096704904482,-0.0836113651340464,0.014177978842005034,0.06914409330671753,-0.004668374205082841,-0.3292693730965284,-0.0675166016621885,0.04952757408913852,0.03996643062722717,0.0853666037847226,0.6085744851886713,0.5687745108817079,1.2553089646676858,sexlimited,4,29,-0.18783817167795486,-0.11473822904826998
0.03818025016370575,0.4809098749181472,-0.14605087882914677,0.5730254394145734,-0.12168390075556415,0.5608419503777821,0.846936567048736,0.9204237855784212,0.8318231821872093,0.6255511490426309,0.5297007845072922,0.627575790542725,0.05565544441121826,0.3400962071851108,0.005653623933029818,0.10158258536680086,0.01662360183262088,0.03387481353884739,0.1624078968172965,-0.010338405682628527,-0.3051944675879181,-0.06365703814426518,0.024817907779690503,0.1264186416216093,-0.006493879467729618,-0.2616610362717127,-0.05136805287915379,0.04453329504465345,0.05390960740074455,0.09011372186683705,0.5945576906393977,0.583608526764847,1.1893893604668588,sexlimited,4,30,-0.18783817167795486,-0.11473822904826998
-0.06649109845273908,0.5332455492263696,-0.11588722931555258,0.5579436146577763,-0.30098937564036976,0.6504946878201847,0.9003144419494742,0.8744658015340104,0.9119707674326193,0.5216660236802851,0.6159166193300772,0.49974307087105885,0.05938683194564988,0.38401660682762506,-0.010682743053538614,-0.17988403663821187,-0.027818440305978267,0.03922508925404367,0.222442641612688,-0.009897310348882759,-0.2523209134027007,-0.04449376377266607,0.03139069523774016,0.1299536641882777,-0.018943332119925382,-0.6034696580135104,-0.1457698960491038,0.04579578620633214,0.04284559680128989,0.10920340284507549,0.5985110015279624,0.7427220476877958,1.1752070726779003,sexlimited,4,31,-0.18783817167795486,-0.11473822904826998
-0.2862769156168869,0.6431384578084435,-0.4354465025595478,0.7177232512797739,-0.3378365529054139,0.668918276452707,0.86993678199777,0.9139975432498926,0.913975974288336,0.516307495069479,0.664238807464429,0.6066808935241071,0.05125982469934234,0.34470660553493565,-0.03703011651441953,-0.7224003736184181,-0.10742502731258675,0.0392207959411097,0.134244463125054,-0.030793518423237326,-0.7851324197875538,-0.22938389939071044,0.027187471575575047,0.1127113999458453,-0.0187933859265731,-0.6912516993105342,-0.16673899832317582,0.04653949247340935,0.04506177835242139,0.08387178423130912,0.6483773373245304,0.6162248185492627,1.1755340183047447,sexlimited,4,32,-0.18783817167795486,-0.11473822904826998
-0.1268728859720221,0.5634364429860111,-0.03976391214042685,0.5198819560702135,-0.18873088569065827,0.5943654428453291,0.8778650284185683,0.838322708727693,0.8103383640172238,0.6667531525045575,0.8287398207260062,0.45145394228837077,0.0476442490896987,0.281066927059811,-0.014750459239310442,-0.3095957963686258,-0.05248023804725892,0.029154192594883877,0.1718939845939358,-0.002894551905490094,-0.09928424174566386,-0.016839169284067024,0.01947598266686084,0.10478002523531237,-0.007476528765396455,-0.38388454607315226,-0.07135452342758893,0.0474924296238899,0.044585480186686045,0.08307728436116155,0.6219611524751278,0.6459064466459594,1.062119460190751,sexlimited,4,33,-0.18783817167795486,-0.11473822904826998
-0.3682068555505009,0.6841034277752505,-0.28011535257035386,0.640057676285177,-0.058894162918815475,0.5294470814594077,0.9137211922147431,0.8783861584826793,0.8504349945926466,0.6477816887849492,0.8144041766840768,0.6447279872970629,0.06153484392420438,0.41842161627279073,-0.059220283906647686,-0.962386188540469,-0.14153256333687816,0.0320700762315725,0.21393210395797044,-0.02250142378221492,-0.7016329995518568,-0.10518021075806182,0.02942528811153364,0.10994927243132402,-0.0038380910806482147,-0.13043512322123443,-0.03490783518413498,0.04718960925669035,0.045059371164113626,0.08908032265326397,0.617445983972925,0.6671499355793288,1.2395132242881566,sexlimited,4,34,-0.18783817167795486,-0.11473822904826998
-0.20882407452773294,0.6044120372638664,-0.26699557552148506,0.6334977877607425,-0.1721368131999665,0.5860684065999832,0.8417508503532004,0.8813345358063809,0.7909183571797916,0.44192845533448694,0.7467525882020698,0.557030528135904,0.0470869944795142,0.30270077184086036,-0.025546272942180377,-0.542533521719986,-0.08439447572869382,0.024254832417796916,0.1630828170449093,-0.01647320825976373,-0.6791722150871906,-0.10101130553335601,0.021262445419663146,0.09006305960272937,-0.00763228979512319,-0.3589563497745644,-0.08474384313379348,0.04819408884450336,0.045414066711934896,0.09670981960147977,0.6498858847371394,0.7295188080180243,1.054474662727314,sexlimited,4,35,-0.18783817167795486,-0.11473822904826998
0.19485070078944008,0.40257464960527994,0.05944716869826686,0.4702764156508665,0.12034882412509627,0.4398255879374519,0.8977294318819283,0.9303888861697666,0.8988396634083743,0.306609625267767,0.7353293871002297,0.35245313364676045,0.05697330112686419,0.3767136477055525,0.02981066023773535,0.5232391251360886,0.07913347557037807,0.033390278935915375,0.16676196129417262,0.004511692223502186,0.13511993212639212,0.02705468434461165,0.026013880928577846,0.06686181016546605,0.004615424499549326,0.17742160472792043,0.06902930818246349,0.04664860966610404,0.04694301421232843,0.09881513398381592,0.5775159629414881,0.6356747021341155,1.156488996832392,sexlimited,4,36,-0.18783817167795486,-0.11473822904826998
0.13420192040951032,0.43289903979524486,-0.07094277273301644,0.5354713863665082,-0.25107680945439903,0.6255384047271995,0.8619818218586761,0.8763855255489539,0.8986933676626169,0.35857756267427254,0.6286236354936563,0.6077528748299367,0.04481984060030101,0.3437595422636505,0.01714470163486976,0.3825248239449253,0.04987411119404047,0.038170031934848414,0.1570023406310827,-0.0053943284456938745,-0.14132365555526216,-0.03435826767939233,0.025617525137036568,0.08599858032262707,-0.011663334532108046,-0.45528732653591764,-0.13562240781594984,0.051665439658209494,0.04715853859469974,0.08435239639171326,0.6457805433250228,0.5895368195957476,1.1221493001533231,sexlimited,4,37,-0.18783817167795486,-0.11473822904826998
0.10017378960994183,0.449913105195029,-0.050620034677821175,0.5253100173389106,0.050935085022468296,0.4745324574887659,0.8390753382686661,0.861649584679404,0.8636755520308063,0.4740959554205005,0.690012192363962,0.42452066044603515,0.04478342966951309,0.27668285796528896,0.01084974161146689,0.24227134213557108,0.03921363864481997,0.030151333385982942,0.22445983672395092,-0.004590756561511636,-0.1522571656365232,-0.020452463249171476,0.01974587701024405,0.08912649101499752,0.002376513449670011,0.12035492008975288,0.026664501458607964,0.047483928818173066,0.04279342806804552,0.08195236671078293,0.6077909567828109,0.7122300536207339,1.1074394485206203,sexlimited,4,38,-0.18783817167795486,-0.11473822904826998
-0.04824900708450951,0.5241245035422547,0.35140052494718627,0.3242997375264069,-0.0604557688393062,0.5302278844196531,0.8440058832040872,0.7934981808254234,0.8442889642682206,0.43189247913334916,0.7554296534076258,0.4009890153594744,0.03979745436403159,0.3391537594381924,-0.005569040696632929,-0.13993459595913638,-0.016420400899751296,0.022212195638937532,0.2188630043246998,0.02449074424153323,1.1025809712661385,0.11189988146740122,0.01925390554317433,0.12152341678248141,-0.002822441176225689,-0.14659057976038883,-0.02322549226276007,0.042814123770731176,0.04412429678583148,0.09414734597091542,0.5794860731279616,0.7017760533457454,1.0960906421148913,sexlimited,4,39,-0.18783817167795486,-0.11473822904826998
0.1373570813180299,0.43132145934098504,0.12379689752284678,0.4381015512385767,0.17350960355327777,0.41324519822336114,0.8182075790697735,0.8550149764121636,0.889423638638956,0.07296639019144346,0.4094618466251434,0.3861500923512516,0.05869774874622471,0.2715371603085179,0.01826278670249165,0.3111326599841066,0.06725704386737215,0.029471703222635523,0.10737832542705829,0.007096818403977179,0.24080109487959694,0.06609172173017377,0.028975867260097717,0.07025695187874434,0.008164121918174222,0.2817559124249898,0.11620375919901259,0.044088717029343034,0.04440208139600605,0.08630501191090134,0.516541866323353,0.6317588416304136,1.0910486980665461,sexlimited,5,0,-0.04165977605399006,-0.07265763383719584
0.1752580347745719,0.4123709826127141,0.4261407775986047,0.28692961120069765,-0.10376836242467714,0.5518841812123386,0.8825988047571588,0.8935624372834055,0.9200055284346552,0.1009728953115823,0.5733105283029171,0.1211722446581808,0.048433964213249386,0.2359255045076651,0.017047959294478252,0.35198356300999795,0.0722599251405834,0.037879508845465475,0.1200302930756004,0.028814856606754556,0.7606977356625351,0.2400632029499893,0.025809434772584895,0.06943331186601684,-0.003999726465733698,-0.1549714862404603,-0.05760529576137513,0.04104405410031951,0.0471474175531056,0.09660711681651356,0.5898461012679898,0.5986731831087622,0.9635263719694745,sexlimited,5,1,-0.04165977605399006,-0.07265763383719584
-0.0591734285280348,0.5295867142640174,-0.04934280280750497,0.5246714014037526,-0.31151283004988634,0.6557564150249431,0.8793887612739103,0.9144872701413591,0.9335192043397668,0.22846224310639604,0.4313367223221852,0.48273587630377546,0.05677692633148568,0.22795746320747076,-0.005116653387064845,-0.09011853437066744,-0.02244564979391804,0.03546271065046156,0.09384895103653329,-0.003068207019335939,-0.08651924692327503,-0.03269303476968597,0.024449877398092203,0.06455785249996791,-0.012224956280339724,-0.5000007190749195,-0.18936435781140334,0.03986395850852474,0.04157331640179203,0.09738220438724673,0.6335679361622045,0.5539357946325201,1.0104656972476707,sexlimited,5,2,-0.04165977605399006,-0.07265763383719584
-0.12589281954667791,0.5629464097733391,0.23599726697689075,0.38200136651155475,-0.08443773937180447,0.5422188696859022,0.8509812196918833,0.8998500935418419,0.8963397347220816,0.38589495501461346,0.2751409020509353,0.25538677306895413,0.05560349093693186,0.22875697314099802,-0.01418687395340484,-0.25514358387131253,-0.06201723059458622,0.029872360154845595,0.14960519063096517,0.015690366381979407,0.5252469607572763,0.10487848928105191,0.024080452431879524,0.06160116068644142,-0.003401705834087471,-0.1412641994044944,-0.05522145680667662,0.044126511179349515,0.041551963726148944,0.09619039311226611,0.5240732880572697,0.5783969582966457,1.0327639949981273,sexlimited,5,3,-0.04165977605399006,-0.07265763383719584
-0.1904426964141349,0.5952213482070675,-0.22233938566010616,0.6111696928300531,-0.12310885103926404,0.561554425519632,0.9228823719053516,0.8949254461932413,0.90925622887626,0.434622675431452,0.6683500613585284,0.5932231162846894,0.04688006856853247,0.2887247548611667,-0.022570044413242136,-0.48144222272729215,-0.07817149043591687,0.02934219554063956,0.207070405437522,-0.017328965253947747,-0.5905817521373533,-0.08368634434907841,0.023815612932479493,0.10757258150122627,-0.005893188728529342,-0.24745064278787762,-0.05478337180615269,0.04157309917099735,0.03945024398447819,0.07924668155315644,0.6404198543609569,0.6249720091929191,1.1863688023818428,sexlimited,5,4,-0.04165977605399006,-0.07265763383719584
0.08774373308110338,0.45612813345944836,0.09845336468917758,0.4507733176554113,0.08441382433694726,0.4577930878315264,0.8441455406760225,0.853090692542794,0.8640046077049266,0.43943756280507235,0.4381696146134531,0.3918891986985261,0.045418677325197256,0.31290997759536343,0.010159168789375407,0.22367821758955825,0.032466746082838685,0.021202669514017343,0.17827177838481423,0.006196323582095409,0.2922426149216232,0.03475773696900099,0.016520302095169595,0.11865072460753627,0.003857319370054085,0.23348963885968735,0.0325098677889497,0.047128969338275116,0.040968017859646454,0.09495252432824991,0.6348540920484949,0.5728497188136374,1.2022560211551505,sexlimited,5,5,-0.04165977605399006,-0.07265763383719584
0.2381619444552042,0.3809190277723979,0.2091176567159959,0.395441171642002,0.2062273580041407,0.39688632099792964,0.8739568313277243,0.8757924173763085,0.8577545314567484,0.6013911835901031,0.5805759524376713,0.5378327224658134,0.05499899291119152,0.36411647678706166,0.03338236735132886,0.6069632475858665,0.09168046347666696,0.028973079532320558,0.1339845596331648,0.013184165116420836,0.4550488014818516,0.09840063028544223,0.01859673381493607,0.1842717577521002,0.01218792665587376,0.6553799595757487,0.06614104518539467,0.04990328002819339,0.03938465927925759,0.10016026926797361,0.5850499286403444,0.6532656374119198,1.3610076705372505,sexlimited,5,6,-0.04165977605399006,-0.07265763383719584
-0.21623411789907213,0.608117058949536,-0.0822622846441481,0.541131142322074,-0.12366239203872104,0.5618311960193606,0.9264096795110527,0.919858822856302,0.9250148697061289,0.2412566869134549,0.6988114282953205,0.4411549773433703,0.06912634362906012,0.28411114650745267,-0.030248389986790514,-0.4375812230009856,-0.10646674851948146,0.04158571901985303,0.1513275778810829,-0.006506275857438373,-0.15645457168438703,-0.04299464743003534,0.026187371262416777,0.08632266291973434,-0.006029784215330932,-0.23025542177975963,-0.06985169376595372,0.043384078978564215,0.041236994825415624,0.09219611639586733,0.5079014982473229,0.6415515991232237,1.2215111800156684,sexlimited,5,7,-0.04165977605399006,-0.07265763383719584
0.009682070960833143,0.49515896451958347,0.001100699180165179,0.49944965040991735,0.17260597429555863,0.41369701285222077,0.8243050248379874,0.872690434450775,0.8940175218051658,0.3785704051523095,0.6539787650477733,0.43746118222642444,0.03304486093345971,0.2650249389847396,0.0009783091119108765,0.029605484310581125,0.003691385103826808,0.02447964189209769,0.20281613418234115,0.0002278086510253948,0.009306045081441084,0.0011232274589189448,0.01976757310331358,0.10531028925169665,0.0074073484713226565,0.37472219946316954,0.0703383166446228,0.04976052898458726,0.046359660499150405,0.08742228253058072,0.654945164916213,0.5357882468904861,1.0554155824530123,sexlimited,5,8,-0.04165977605399006,-0.07265763383719584
-0.16590496355681847,0.5829524817784092,-0.10728942561113813,0.5536447128055692,0.030991602671522643,0.48450419866423866,0.9257787107059914,0.939842519459875,0.9314923970857686,0.33789307182865036,0.2856494850879488,0.3769222733290869,0.10483466141894186,0.20647449188488667,-0.024130193186281932,-0.23017380759072123,-0.116867671962767,0.058166023422779746,0.1289957574140951,-0.009096042171608167,-0.156380677865729,-0.07051427391064151,0.041782717202705606,0.09609844928562047,0.002229755557018329,0.053365499093820136,0.02320282557724867,0.04716980039134311,0.046061408491838186,0.08874084567492335,0.6009490584659727,0.6120141272068645,1.1318668689170244,sexlimited,5,9,-0.04165977605399006,-0.07265763383719584
0.13008784880569135,0.4349560755971543,0.19575302080294316,0.4021234895985285,0.04872009820313546,0.4756399508984322,0.792512110798588,0.7687802187883089,0.7913859759668701,0.41855814875555375,0.6548498062093202,0.5508546147744826,0.037879476310872406,0.30866262231312147,0.013855225514835394,0.3657713058419073,0.04488792783202632,0.026422730973809514,0.15187245667915486,0.012653210992655817,0.4788759725555171,0.08331471860883201,0.017773009074672264,0.10765312586982609,0.0015252118367523773,0.08581618511217141,0.014167836042184785,0.04354891043947622,0.04840172399004721,0.09161599715884018,0.5764066886241738,0.5787576971314677,1.1693617438154673,sexlimited,5,10,-0.04165977605399006,-0.07265763383719584
-0.20766305675233807,0.6038315283761692,-0.34082881751315736,0.6704144087565787,-0.2723394774653908,0.6361697387326954,0.8694253913281337,0.8504914565401871,0.920295383141047,0.45187765561841053,0.7063538001674926,0.6798844229788984,0.0417666809385608,0.3485026175950633,-0.0247519323694406,-0.5926238765740313,-0.07102366272095176,0.027661781027137088,0.18680127056107637,-0.024421320204035073,-0.8828542233082165,-0.13073422964781334,0.018822876709256572,0.11793510030661694,-0.012662075580595018,-0.6726960908354757,-0.10736477560688175,0.040916118134786184,0.04814948742117785,0.09091568310688876,0.5949477487532298,0.699391750206277,1.1076313715597115,sexlimited,5,11,-0.04165977605399006,-0.07265763383719584
0.056662678221037426,0.4716686608894813,0.23268273997980238,0.383658630010099,0.019572302439770716,0.4902138487801147,0.882083853166315,0.9291698588477674,0.9014988814025734,0.4395978882937243,0.5758060554118258,0.38780869319465455,0.07472768191561496,0.3344673918914589,0.011203084253508883,0.14991879804541222,0.033495295879678755,0.04569192858396915,0.13343365131435703,0.017967710378414804,0.39323598139209887,0.1346565143157522,0.02901325868064813,0.09612903814826429,0.0013569808134905725,0.046771058309133674,0.014116242496857586,0.045124023954604256,0.042312103122710436,0.09673750626983817,0.5585080605417198,0.6239564912700413,1.1171878052531958,sexlimited,5,12,-0.04165977605399006,-0.07265763383719584
-0.07872724269749251,0.5393636213487463,-0.10736273514996786,0.5536813675749839,-0.22412014746978343,0.6120600737348917,0.9084877745653132,0.918705250887933,0.9332646256745127,-0.014749266701980467,0.34044769517282447,0.21473910972082408,0.05719452609673343,0.13525353793865635,-0.0065018606774639035,-0.11367977184507604,-0.04807164955945769,0.033932600240222176,0.10686798226432823,-0.006377949522800923,-0.18795935111511994,-0.059680639492431374,0.026809322199031028,0.06951254355480772,-0.009412985118435238,-0.3511086572257859,-0.13541419486417575,0.04085391825375656,0.04264593023724315,0.08561359709560531,0.442749161096086,0.571624442160162,1.0549877605799278,sexlimited,5,13,-0.04165977605399006,-0.07265763383719584
0.05817150259961419,0.4709142487001929,0.2262828343670518,0.38685858281647406,0.04963172437333951,0.4751841378133302,0.8710274198618287,0.8840588380792512,0.8776245969838642,0.25835889441246385,0.6889643793356318,0.3257728510874655,0.06175869316406533,0.3430985903220744,0.008556529126075385,0.13854776854400885,0.024938980711180357,0.04000373389707218,0.1631827314081417,0.018474929805071778,0.4618301344721207,0.1132162064309582,0.025922472851091796,0.061110243769964795,0.0015577385073970958,0.06009220325334384,0.025490628269473736,0.04481224753273618,0.041250753378407015,0.07959736354184005,0.6640969956614173,0.641185649093319,1.085862165866059,sexlimited,5,14,-0.04165977605399006,-0.07265763383719584
0.10975058682919352,0.4451247065854032,-0.27653099395156033,0.6382654969757801,0.011894785112622649,0.4940526074436886,0.9191377727548409,0.9123115423203635,0.9173416962644362,0.62281994737968,0.6273117844425289,0.35566245558584214,0.0838198037109917,0.19834376604117998,0.013406076671150968,0.1599392515565264,0.06759010852081737,0.04181777946341264,0.12018225180163136,-0.01981122318345119,-0.473751199553398,-0.1648431684917246,0.03233534893918374,0.07716546951175023,0.000784639524253137,0.02426568909860492,0.010168272534564926,0.04293050520527246,0.04625602780412868,0.09461937560187017,0.585409189567932,0.5743237442761122,1.216449923188747,sexlimited,5,15,-0.04165977605399006,-0.07265763383719584
0.24272828344929495,0.3786358582753526,0.20878655524252493,0.3956067223787375,0.15472258772403516,0.42263870613798243,0.8471265563043907,0.8780924865130011,0.8653845805251112,0.12365994917098747,0.7082741218723078,0.26313670098013836,0.03585130894753943,0.18121187072823847,0.018721595773502315,0.5222011782302646,0.1033132967408018,0.021944519827535383,0.1306914866778369,0.010847125425251469,0.4942976884662016,0.08299794960623828,0.018842007446470126,0.05819404774508383,0.005462177791825576,0.2898936223936619,0.09386145153113215,0.048349229419222234,0.03960168762149276,0.09299680713831468,0.6207866774859907,0.6264285101122687,1.1625259513683988,sexlimited,5,16,-0.04165977605399006,-0.07265763383719584
-0.3114522566239453,0.6557261283119726,-0.05633455096096307,0.5281672754804815,-0.039770852930677954,0.5198854264653389,0.9095264449627413,0.8925404930655473,0.8863039109075076,0.41452963209379107,0.3916690425850519,0.5017587646466786,0.05027682885322815,0.2688170726094682,-0.03367136548727834,-0.6697193569143807,-0.12525754097544017,0.023512327439326873,0.08052457188925931,-0.0024444235671686396,-0.1039634878119331,-0.03035624418507075,0.019757669857723467,0.10579206415897639,-0.001917907429668353,-0.09707153948210265,-0.018129029288872417,0.044838273099254665,0.04161772993645363,0.08700841562757866,0.5484645865704828,0.6104136170232103,0.9993339975360589,sexlimited,5,17,-0.04165977605399006,-0.07265763383719584
0.002049444223800842,0.49897527788809953,0.10756185234914424,0.4462190738254278,0.0839267261780422,0.4580366369109788,0.9420575445801099,0.9043959735646001,0.8808686528435068,0.26624225726466005,0.5195832184597994,0.3362498789913474,0.08458065208729539,0.2708544676628747,0.0003527955930026414,0.004171114602409572,0.0013025282397843133,0.035265663220677895,0.12923727364009907,0.007730637416290365,0.21921145698906164,0.059817397864788624,0.03283176452274548,0.07277734511758972,0.004397317944498543,0.13393486486089198,0.06042152179903778,0.04929838345054086,0.043445691076073156,0.09135689006077345,0.6498846229647852,0.6690879652977779,1.276896846767365,sexlimited,5,18,-0.04165977605399006,-0.07265763383719584
-0.07148432424143022,0.5357421621207151,0.1448533577033477,0.4275733211483262,-0.09419067047397883,0.5470953352369895,0.8323570365869982,0.9050677288224561,0.8662410437169733,0.5414850363276166,0.5600393539067587,0.4475469420523847,0.06113055583597409,0.28446282123355376,-0.010190107226459242,-0.16669416934145675,-0.0358222813873199,0.031945660007534904,0.2021858095376464,0.011759749421646083,0.3681172784933025,0.05816308003285687,0.022528503063791203,0.06619628939242378,-0.002884590645257854,-0.12804182493128424,-0.04357631933351234,0.0471122658945183,0.043147488794466234,0.0884669099835514,0.5371487562715818,0.6347276949978516,1.1951463330028933,sexlimited,5,19,-0.04165977605399006,-0.07265763383719584
0.07354749975517325,0.4632262501224134,0.158220769710827,0.42088961514458656,-0.02746973578003431,0.5137348678900171,0.9063890291416933,0.917083125533914,0.9187053527373781,0.6331533835449967,0.6885838543729123,0.4794120768833876,0.07010341939552162,0.34700761808756897,0.012383507372680774,0.17664626746397857,0.0356865576638601,0.04092780657154916,0.13788395620530436,0.011250027432597103,0.27487491695725336,0.08159054716885414,0.02409261691220846,0.09813046500819826,-0.0012359675658896376,-0.051300677315104584,-0.012595146326743476,0.04694700920860383,0.043637247062147534,0.09428757184083729,0.6300916542307797,0.7018542194286556,0.9823988715889962,sexlimited,5,20,-0.04165977605399006,-0.07265763383719584
-0.25959461958334995,0.6297973097916749,-0.28472418041566033,0.6423620902078301,-0.2017856824070425,0.6008928412035214,0.9293906189927214,0.8988735769282563,0.9345726010399249,0.3028463322045492,0.6261321877410007,0.28309897920934424,0.07439926674077797,0.3158777896489447,-0.038716462141216296,-0.5203876844124318,-0.1225678519032452,0.05991450759870514,0.17128609103769463,-0.02871466050207848,-0.47926056063755507,-0.16764151909894012,0.037033341412256504,0.09656234950540496,-0.012224411283873401,-0.33009204186548574,-0.12659604231346044,0.037950840377473455,0.04662608885004323,0.08707294448059086,0.6139386318467495,0.5876808491785742,1.1738811920462924,sexlimited,5,21,-0.04165977605399006,-0.07265763383719584
-0.13361834744099318,0.5668091737204966,-0.3504448967671369,0.6752224483835684,-0.08259441304722646,0.5412972065236132,0.9060647767304966,0.9347702026892067,0.8878023745795339,0.3418195823152047,0.654040992138799,0.4827389294182633,0.06017041753747761,0.2778571060562319,-0.019327891184026568,-0.3212191634200983,-0.06956054303723673,0.03508984713765083,0.1543595020931119,-0.025969932991980308,-0.7400982081827024,-0.16824317673890182,0.028756150743229313,0.11366312759258312,-0.0047661717441679595,-0.16574442757399174,-0.04193243530348682,0.04611951506672492,0.0402787568679904,0.09054608095486674,0.5655226636672399,0.6692493710160763,1.199228033823651,sexlimited,5,22,-0.04165977605399006,-0.07265763383719584
0.24033742680915485,0.3798312865954224,0.0799614829200207,0.46001925853998965,0.26502323339315104,0.3674883833034245,0.8444580348724171,0.9091580935682685,0.899844019138338,0.37543480200866064,0.5662823961130649,0.5282707577493245,0.05580228329346401,0.21041855115945787,0.025990216283625026,0.4657554270125932,0.12351675334903958,0.018935913798772686,0.11589144149213434,0.003887181018210513,0.20528087841540857,0.03354157104409077,0.019779205147197287,0.10265090040453823,0.01151681583712135,0.5822688905551537,0.11219400698615,0.0414525552134292,0.04785602634183767,0.09514338381233857,0.5678296078936699,0.6327029310174374,1.1699436231492306,sexlimited,5,23,-0.04165977605399006,-0.07265763383719584
0.19226445244032345,0.40386777377983835,-0.042807161033412026,0.521403580516706,0.02310207076814285,0.48844896461592857,0.8352730933239834,0.8093487758089035,0.8636983681683182,0.30855265015959077,0.6014716013372536,0.49360732242189326,0.04479878987976137,0.3698953578218675,0.025459960263796454,0.5683180356462805,0.06883016973697016,0.02658577294516736,0.17740396158812174,-0.0035854525660276135,-0.13486358186472666,-0.020210667980188335,0.02049095788362676,0.09717695272298395,0.0011213391330445082,0.05472360733026107,0.011539146902877651,0.047747317259083544,0.03731265203697257,0.09596750339026863,0.5204045927597799,0.5894224640020413,1.1599018398595202,sexlimited,5,24,-0.04165977605399006,-0.07265763383719584
0.24311961059110326,0.3784401947044484,0.007559469302275952,0.496220265348862,-0.08287707527735177,0.5414385376386759,0.8772574283234219,0.8829616681492172,0.8801105087421015,0.07108982813797296,0.6438627620669329,0.1997955403533827,0.04527729280376429,0.3067412201957239,0.027942340928875913,0.6171380663146191,0.09109418326968446,0.027354469425935522,0.10910092428026634,0.0009656643931675986,0.03530188716627147,0.008851111019801539,0.02798762368294306,0.06577559390787466,-0.003427631043205726,-0.12246952731805813,-0.052110985846915626,0.044791112475177815,0.04342684126964364,0.08953243537776265,0.6059566188332014,0.5872138677355043,1.1874598069470483,sexlimited,5,25,-0.04165977605399006,-0.07265763383719584
-0.11309154268301559,0.5565457713415078,-0.20147440086913068,0.6007372004345654,-0.04532926415156186,0.522664632075781,0.9344304177241738,0.9329878407013208,0.9425940431224933,0.2977569558485718,0.5696859845560988,0.46924256683727583,0.08436275713362966,0.20741327106824917,-0.01494024182113639,-0.17709522932579377,-0.07203127236839303,0.05197149313169692,0.12143600688670099,-0.016989770957666735,-0.3269055771519644,-0.13990719386481543,0.04166043981948039,0.11906106300800544,-0.003085312009669064,-0.0740585558635023,-0.025913694466692384,0.04064842798262473,0.050218847633673895,0.08427686630446059,0.5869681172570659,0.6093593721499073,1.0409589915901372,sexlimited,5,26,-0.04165977605399006,-0.07265763383719584
0.05323391376435538,0.47338304311782226,-0.01746799939266254,0.5087339996963313,-0.17100033762434652,0.5855001688121733,0.9157242836254015,0.9083414763035075,0.91313762267644,0.4084069937575088,0.5296645397079055,0.23870997765504942,0.05076165244593088,0.31909333432221965,0.006395525338965209,0.1259912755160492,0.020042804568606326,0.02778432803652096,0.15484669164223785,-0.0005115068194765597,-0.018409904274244545,-0.0033033112561317063,0.019784431312809405,0.0639676411531303,-0.006287193674227574,-0.3177849074770695,-0.098287095801717,0.0491299156077453,0.04136841375488503,0.0939860753718151,0.6775951080299041,0.650119112510211,1.071746851540036,sexlimited,5,27,-0.04165977605399006,-0.07265763383719584
-0.15307836515743972,0.5765391825787199,0.10142632922167548,0.4492868353891623,-0.27512627880096363,0.6375631394004818,0.9314678737831645,0.9065981886063443,0.8970225989724288,0.5072208388406071,0.6494158148892524,0.5020391523180091,0.07237178783859662,0.26761090304276697,-0.02172764524830064,-0.3002225853084849,-0.08119118093192317,0.04256789044016229,0.11639020620595282,0.007827378077840012,0.1838798680625943,0.06725117458757177,0.03200831535538367,0.0972422458254241,-0.015174513307364388,-0.47408034877449734,-0.1560485689995962,0.04345727029605371,0.03737811886634785,0.0845491889334547,0.6791035647338276,0.6307489421158927,1.0390187202649095,sexlimited,5,28,-0.04165977605399006,-0.07265763383719584
0.21602465332588905,0.39198767333705553,0.11129537491207019,0.444352312543965,0.18521344014339988,0.40739327992830016,0.7618307456356669,0.7824769216881183,0.7893443194273638,0.4631895079643425,0.5376504103813817,0.5361039989600939,0.034478175266838024,0.3131830920282955,0.02313933680889939,0.6711299722162323,0.07388437434166718,0.02070010163689077,0.12868273275143127,0.0060567653886840446,0.29259592512772764,0.04706742901072466,0.014860097752629572,0.10901659098722347,0.007286878272821017,0.49036543326449955,0.0668419201777739,0.05031681589100331,0.04434433122820098,0.08907448761229429,0.6429668918301689,0.6018592238607954,1.1130402752823194,sexlimited,5,29,-0.04165977605399006,-0.07265763383719584
-0.32058625010775016,0.660293125053875,-0.0573551140365464,0.5286775570182732,-0.06730943011281249,0.5336547150564064,0.8851454111244079,0.9275968358710862,0.9126658635403885,0.39661555500700496,0.5842317144447324,0.563465675503252,0.053217735457497556,0.27503684997375205,-0.03790702967888153,-0.7123006898547205,-0.1378252757130514,0.03930445711712967,0.1148985401190497,-0.0027945575694306546,-0.07110027142984582,-0.024321958891167225,0.02794405503830454,0.08525227467858051,-0.0031932959948538864,-0.11427461012643476,-0.037457018090054514,0.04560742883611148,0.04037636535784196,0.09672797107412667,0.6751640456916221,0.584798476359262,1.3055317586569426,sexlimited,5,30,-0.04165977605399006,-0.07265763383719584
0.16345948702027524,0.4182702564898624,-0.024761479215712454,0.5123807396078562,-0.11859222130415596,0.5592961106520781,0.9058753456496821,0.8886525680997932,0.8788895967710474,0.4676609419210936,0.7151593378126969,0.4845457310050873,0.05669293334831673,0.22934564813044025,0.018730448163129944,0.33038417765493994,0.0816690803414635,0.035961363088776274,0.11992425799059787,-0.0015723973056168124,-0.04372463028542891,-0.013111586696163583,0.027016998451816966,0.09234804166419927,-0.005490905485499403,-0.2032389162434928,-0.05945881890452769,0.038812344000934,0.04437522594250268,0.08665180129713294,0.5813051642965726,0.6662736811975959,1.1613734150128132,sexlimited,5,31,-0.04165977605399006,-0.07265763383719584
0.08622890945182826,0.456885545274086,-0.10104486262190471,0.5505224313109524,-0.059274732283198905,0.5296373661415994,0.9157867479370966,0.9114623418212389,0.9321515667330909,0.40585531408116443,0.5907521408686767,0.3716424177362727,0.07683111516052998,0.32071189729559574,0.011074357298762279,0.14413896343458837,0.03453054717379317,0.05346830223429252,0.1448678416591522,-0.008962291016601643,-0.16761876929119274,-0.061865289866665445,0.03336534792212507,0.08739471305492237,-0.0030620852311857177,-0.09177441333243831,-0.035037419589230526,0.04166022627179595,0.03920483361278842,0.08710750045674595,0.6724037049946426,0.6944427482121298,1.310562308473449,sexlimited,5,32,-0.04165977605399006,-0.07265763383719584
0.22469478654990824,0.3876526067250459,-0.1571635345203023,0.5785817672601511,-0.06561407055642145,0.5328070352782107,0.9139102385181281,0.9087478392973802,0.9072403062772252,0.47200378973901397,0.6530009520063876,0.5916262698034157,0.0643146626608067,0.3069082142861507,0.030359931147559673,0.47205302634761376,0.09892185915640925,0.04342170659439787,0.13263812860451776,-0.012229540519654141,-0.2816457822326117,-0.09220229995945219,0.030516509753315647,0.10116658589063314,-0.0038750740172746904,-0.12698287086561924,-0.03830389236880907,0.04734366706167796,0.03624377672466141,0.08539715702606332,0.5478308284371859,0.667623617093895,1.0641867016583657,sexlimited,5,33,-0.04165977605399006,-0.07265763383719584
-0.27465069066411735,0.6373253453320586,-0.14437006202624855,0.5721850310131242,0.040003218272707225,0.4799983908636464,0.9136009317246211,0.8790771467230682,0.9271187567461467,0.21973548798745307,0.6380685957052922,0.12861902618881926,0.06023099806729709,0.2808585688050995,-0.035494902686217335,-0.5893128758477203,-0.1263799884661837,0.03360814350632562,0.14482710859283474,-0.009779945088323607,-0.29099926589169844,-0.06752841497249545,0.02660357792586842,0.05391441037788567,0.0012905205709364694,0.048509286026584074,0.02393646822604979,0.045454211401122484,0.04439483474684705,0.08385503479038592,0.6994293279660452,0.6307034886341736,1.1440730631412135,sexlimited,5,34,-0.04165977605399006,-0.07265763383719584
0.011378381274481798,0.4943108093627592,-0.1768129517237743,0.5884064758618871,0.19159877957600385,0.40420061021199805,0.8622597107675067,0.8574128847937467,0.8562660957735627,0.46439748139484044,0.5574386133754597,0.6342895629517465,0.03562722594852128,0.2391812715630013,0.0015082470135545252,0.042334113122751434,0.0063058742170673966,0.022888011874165767,0.10894240675231581,-0.008967027335630564,-0.39177834164582276,-0.0823097965516532,0.01729303117525245,0.08010506129196539,0.007070320233312224,0.40885372620101174,0.08826308998806526,0.0431372447234429,0.04732730003252042,0.09556519306143672,0.5690502614290128,0.5756459508604816,1.0916279338407828,sexlimited,5,35,-0.04165977605399006,-0.07265763383719584
-0.03795194580699577,0.518975972903498,0.06521720721340536,0.46739139639329735,0.03118167214781217,0.4844091639260939,0.8571589533383996,0.8320306153423406,0.9029091166775084,0.27682130080721684,0.6082471787865914,0.13849479551004654,0.052276846305196,0.24905845150537118,-0.0038157947304927877,-0.07299206054274779,-0.015320880329212585,0.030506846298801873,0.10581744489713511,0.0038975659091279404,0.12776036798274404,0.03683292403172988,0.02504355555555555,0.04340030087799273,0.0010784976935928963,0.043064879154256,0.024850004994775902,0.04657245280711321,0.03792499364093999,0.08714804820079958,0.6163944776577763,0.6339994050219582,1.199553468950331,sexlimited,5,36,-0.04165977605399006,-0.07265763383719584
0.16691096139919867,0.4165445193004007,-0.08104428845687434,0.5405221442284373,-0.04322165795004865,0.5216108289750244,0.8752453144000777,0.8658560720346855,0.8769142656006925,0.40974442723524485,0.5909395260628418,0.5092761465419663,0.05649323470713276,0.20334896122880072,0.019516001669443808,0.3454573237064038,0.09597295974128496,0.03464550458198275,0.16014676309045814,-0.005920638160268757,-0.170891959338002,-0.03697007698447525,0.021312623716796306,0.05669585005250954,-0.0014513797335506226,-0.068099533536399,-0.025599399818618293,0.04579215159337746,0.04698399266044215,0.08616085461485316,0.5333622888107781,0.6184598176858093,1.233296322257686,sexlimited,5,37,-0.04165977605399006,-0.07265763383719584
-0.20332154379186088,0.6016607718959305,-0.019728871540219847,0.5098644357701099,-0.20506992854497566,0.6025349642724879,0.8886468796927405,0.9108065369548519,0.9014015532049039,0.5222945660864441,0.6284715769029324,0.45125232445406116,0.06670707149774562,0.4376333308373811,-0.03498524282120075,-0.5244607810790058,-0.0799419065139735,0.032475701915636535,0.1509640307912375,-0.0013733374248881146,-0.04228815218392168,-0.009097116827698192,0.022597777952798496,0.08258275319746448,-0.008624598496854288,-0.38165692728148176,-0.10443583148931739,0.040962612752619615,0.040360782380118594,0.1009239359952936,0.5644006011307493,0.5601836883349781,1.1427220892887662,sexlimited,5,38,-0.04165977605399006,-0.07265763383719584
0.10298354273038818,0.44850822863480594,0.16500944486116126,0.41749527756941934,0.24223994989197203,0.3788800250540139,0.8851740809307982,0.900172391807152,0.8990065529725463,0.6100291674084946,0.5410838275726547,0.35071090512137215,0.06055317699974836,0.32732845853208475,0.014921003908180956,0.24641157817768938,0.04558419385559902,0.03369886966149552,0.11306557376553308,0.010129376197201344,0.3005850433249165,0.08958850921507626,0.028343046684217655,0.1027193479142938,0.01292648467522224,0.45607251821732114,0.12584274469896112,0.04000344437645204,0.0437580022868564,0.08931364181681331,0.5476845360257951,0.7043083707662209,1.1126946324982017,sexlimited,5,39,-0.04165977605399006,-0.07265763383719584
-0.83448952164447,0.9172447608222352,-0.7469322703323981,0.8734661351661992,-0.5736929173335238,0.786846458666762,0.8074743956557857,0.8393678351828391,0.8356613335156965,0.4268466097473842,0.7587028791198392,0.4680927977949303,0.04148257867854127,0.31231396515236987,-0.09460287211991349,-2.2805446318324245,-0.3029095163060006,0.03154127150586155,0.18077892340190888,-0.056307163302406135,-1.7851900260882683,-0.31146973465055816,0.018998980800902808,0.11470104583682912,-0.027081236786180754,-1.4254047135462071,-0.23610278867645074,0.05198561456544645,0.042887146205378174,0.09740223270694019,0.6094385292944436,0.614353679325637,1.1636174375882995,trueSA,0,0,-0.9999582531770168,-0.9999463237425588
-0.8317771765024075,0.9158885882512036,-0.816117421671169,0.9080587108355846,-0.5349652658389664,0.7674826329194832,0.8678520314676342,0.9534638587067248,0.8675436062767627,0.6720544592423382,0.7380857026768078,0.5499513872027042,0.09136288869718819,0.24303291905426203,-0.12412368025570837,-1.358578762402118,-0.5107278501148038,0.051470469120933726,0.1764900140079458,-0.07769576797959744,-1.5095212712564443,-0.44022755857506746,0.03271814185723888,0.07238696480310436,-0.0253743676569393,-0.7755442765563175,-0.3505378036772044,0.04946366957814111,0.043439779841426523,0.09503804568906853,0.4861444572766851,0.5773237765705095,0.9948922735093748,trueSA,0,1,-0.9999582531770168,-0.9999463237425588
-0.7834907047149269,0.8917453523574633,-0.7746599499342763,0.8873299749671381,-0.48214184010169786,0.7410709200508488,0.8736798131921986,0.9101237111550413,0.9183797943088865,0.42961118324261716,0.6517294135058059,0.4133402548179797,0.05334150663808673,0.295449730237694,-0.09816765261966132,-1.8403614522122995,-0.3322651624717473,0.03560358645871189,0.1757567362458433,-0.061541463603886466,-1.728518661322329,-0.3501513792211304,0.022954039671081783,0.10046432631899554,-0.023148118629062218,-1.0084551112031466,-0.23041132586269508,0.041345859036049,0.04129617497439913,0.08719068537823614,0.5843659338364336,0.665234246581666,1.2052782559632316,trueSA,0,2,-0.9999582531770168,-0.9999463237425588
-0.8587803860152565,0.9293901930076282,-0.7452178334992142,0.8726089167496072,-0.5155701957838481,0.7577850978919239,0.9046229727988928,0.9044315504763922,0.8617028585120805,0.5621477247150657,0.718925506276553,0.4601079970943878,0.0600479632657246,0.37487654909445245,-0.12860864702927358,-2.14176534947828,-0.3430693313303784,0.036702259962438914,0.16107692892382558,-0.05747406248236087,-1.5659543183765745,-0.35681126320418466,0.02794587176970549,0.09625224511892677,-0.02675137325028667,-0.957256709353626,-0.27792986249030727,0.0470852377351563,0.045595300800926074,0.08928113272358999,0.6090195647857743,0.6251816769302312,1.258015823821579,trueSA,0,3,-0.9999582531770168,-0.9999463237425588
-0.8115126623928819,0.9057563311964408,-0.8524262881941987,0.9262131440970994,-0.6042489233878079,0.8021244616939038,0.9048927155120501,0.8722787147135176,0.9152964603121448,0.5513529584852329,0.7330435061985024,0.6013412873275465,0.060781361759283205,0.28201645701431177,-0.10627407585240765,-1.748464871078284,-0.376836433510029,0.036260543986268275,0.19973361515745247,-0.07245444214414011,-1.9981620289970918,-0.3627553733858138,0.018084643147449675,0.10795872028666822,-0.026878889154960783,-1.4862825290943762,-0.24897376593190357,0.04767582759096417,0.04114936623485836,0.09982930330500023,0.5987134581260413,0.6356898757704222,1.08706421332909,trueSA,0,4,-0.9999582531770168,-0.9999463237425588
-0.8138166125221503,0.9069083062610752,-0.7603338467229405,0.8801669233614703,-0.4325593648807016,0.7162796824403507,0.8415755510668614,0.846733129008387,0.8844749480176441,0.3943447567491266,0.7580443865089161,0.24311560698598203,0.048376213994480666,0.45270659971320876,-0.12070376340935471,-2.4951056199463237,-0.26662691351489237,0.03403515761230355,0.15551676965174543,-0.056603108995314226,-1.6630776222658792,-0.36396788026183735,0.024379147055694297,0.07687525414283697,-0.018745735315277103,-0.7689249862783291,-0.24384615731411902,0.04169384923886238,0.04420586004651191,0.08401317822224243,0.5612805840841565,0.6797102604570147,0.9614512960709468,trueSA,0,5,-0.9999582531770168,-0.9999463237425588
-0.7805119335574985,0.8902559667787491,-0.7130627652319127,0.8565313826159562,-0.5526724912883669,0.7763362456441835,0.8245886230296445,0.8553865316617466,0.9046672190287325,0.5038215836185557,0.6089580116274135,0.42196015203710624,0.05303101331080726,0.3170240880208047,-0.10084054014763459,-1.901539002406431,-0.31808478900510845,0.03160885243817189,0.18038666463423506,-0.05444960471489922,-1.7226061851313557,-0.301849390171414,0.02541509795160206,0.11033784970350148,-0.029365928342220477,-1.1554521016657886,-0.26614555586439503,0.050827236995037724,0.042260793074257196,0.09202700718116522,0.6351080833772746,0.5981103573769015,1.0022042697610722,trueSA,0,6,-0.9999582531770168,-0.9999463237425588
-0.7750858923754678,0.887542946187734,-0.8852747973268669,0.9426373986634333,-0.4971905036800447,0.7485952518400223,0.8783158051701297,0.8559614977241038,0.920092172167826,0.42082245152023406,0.797614053508628,0.4661449755113563,0.0783748984984895,0.2923552049386334,-0.11781926335025204,-1.5032780342614767,-0.40300039595663373,0.04082228879307344,0.15387276623543342,-0.06977444650184031,-1.7092242636253006,-0.45345546329544595,0.031292264364177445,0.10902788020173776,-0.028115999825776172,-0.8984968137353021,-0.25787899181156454,0.049661202417984836,0.04428314528015979,0.10721826681812882,0.6425952438217452,0.6376713183920475,1.1568112213033996,trueSA,0,7,-0.9999582531770168,-0.9999463237425588
-0.7971960628454017,0.8985980314227009,-0.6602786306945965,0.8301393153472981,-0.6651511042049754,0.8325755521024878,0.8482416961032745,0.8393019016942249,0.8550778003888336,0.7287036994951855,0.5759561992572982,0.7211546450354716,0.05503170959296707,0.4157742896804637,-0.12051507373288833,-2.189920586226707,-0.2898569650025935,0.026111954200951148,0.14354287478944902,-0.04074938801177849,-1.5605644716661675,-0.283883042411895,0.02205242401030123,0.09233166099740552,-0.030364180774157753,-1.376908985605115,-0.3288598996936812,0.04127254059607789,0.042400736713639434,0.09776409381458175,0.6749459450265481,0.6978799653726822,1.2344244401774391,trueSA,0,8,-0.9999582531770168,-0.9999463237425588
-0.8090841674440791,0.9045420837220395,-0.7642437837636995,0.8821218918818499,-0.6577215017459964,0.8288607508729982,0.8965770054237551,0.8669314612762213,0.8901377207465005,0.62929793110358,0.7542737733163289,0.6184178968483249,0.06573812538791356,0.4128829252749598,-0.1334050983287661,-2.029341383581553,-0.3231063581520714,0.03551016782406863,0.2013991546202598,-0.06463815180935278,-1.8202716509140613,-0.3209454971706743,0.030264841882806086,0.10631063907277831,-0.036812299723752724,-1.2163387427002006,-0.34627107921486294,0.044077431215663015,0.04166630943488102,0.09090009912416304,0.5553222490951321,0.6236272347565293,1.0494648147809504,trueSA,0,9,-0.9999582531770168,-0.9999463237425588
-0.8287135162286986,0.9143567581143492,-0.7954068069120729,0.8977034034560365,-0.5216177250957394,0.7608088625478697,0.8964314111932716,0.9103108176503084,0.9121416649417817,0.5093628426087609,0.7146052935103605,0.5275418167227695,0.07097581017350367,0.25182763632800154,-0.11067025951534577,-1.5592672946572526,-0.4394682852488815,0.04008459847948963,0.14635352298807966,-0.060625908084894924,-1.5124489301275106,-0.41424290202998965,0.030970402273836493,0.09075236773139139,-0.027800660088266167,-0.8976525342633959,-0.30633536934871475,0.0509415469399709,0.044810122773784926,0.10017250874086728,0.638478730697953,0.6762491306533033,0.9094302372137267,trueSA,0,10,-0.9999582531770168,-0.9999463237425588
-0.8291770316981439,0.914588515849072,-0.7742537022077121,0.887126851103856,-0.5211748129062488,0.7605874064531243,0.8747272739926528,0.9206846783085579,0.9012788534899286,0.48865397236458247,0.6874652410317132,0.5375392332397879,0.06548143155104412,0.25609061970213126,-0.10745407015035062,-1.6409853542463861,-0.41959393231714043,0.039639226602282904,0.11271708395713498,-0.05185479260834532,-1.3081686262102525,-0.46004377320535644,0.03498260306611632,0.09115563254708817,-0.030252711032266594,-0.8647930222656576,-0.3318797773317955,0.046189647580613676,0.04693843722885473,0.0894965380679305,0.51051500823763,0.6170820772786119,1.1115415411990826,trueSA,0,11,-0.9999582531770168,-0.9999463237425588
-0.7704211708062926,0.8852105854031462,-0.7140117078524995,0.8570058539262497,-0.6786785316164959,0.839339265808248,0.8192342291466959,0.8407508727191342,0.8575971290128225,0.5339820022520245,0.7408112098981458,0.5250931460828467,0.05248513302794709,0.4229703646377833,-0.11512378701680816,-2.1934551819751977,-0.27217932186666566,0.030104210673120052,0.17686447685759873,-0.051789292706492705,-1.720333851926408,-0.29281907608948804,0.02628793324167258,0.1146798318448368,-0.037324229927607915,-1.4198236728796998,-0.3254646377412556,0.053086930791379036,0.05047449024988572,0.09136264695659066,0.671139230383667,0.6858987136878439,1.0849914299769443,trueSA,0,12,-0.9999582531770168,-0.9999463237425588
-0.7586530301484622,0.8793265150742311,-0.7850934088067127,0.8925467044033564,-0.6329427487949124,0.8164713743974561,0.8385045799136636,0.8901879713319232,0.8551205889883956,0.6499451059795395,0.6666233223003063,0.6030407462256592,0.036881759614138296,0.30026471245911907,-0.07995745364694704,-2.1679403174759604,-0.26628987799501486,0.027070791699016904,0.1939164671066319,-0.05651624894354243,-2.087720579874835,-0.2914463623786264,0.020439308502969402,0.13369724322164614,-0.03289527206054873,-1.609412180249138,-0.24604300932379172,0.04660697176564447,0.04641917563512681,0.10268696447137231,0.5843536275142116,0.721539984048827,1.1320574464708093,trueSA,0,13,-0.9999582531770168,-0.9999463237425588
-0.8696837213383706,0.9348418606691853,-0.7260853333440158,0.8630426666720078,-0.3568004752287001,0.6784002376143501,0.8427606324700005,0.9026575544765606,0.8753934970100993,0.29152704027386683,0.6401789377111758,0.264621795213291,0.0480792022857516,0.43699409580524123,-0.12588746679462154,-2.6183351804888124,-0.28807589851448895,0.025706190194201395,0.13334226995022638,-0.04273687232376723,-1.6625128811739471,-0.32050506069620627,0.020608955883507904,0.0953102624582033,-0.016842097872709832,-0.8172222779217816,-0.17670812605406105,0.04629192025378064,0.043592840634082246,0.10046037918078883,0.6427263546032672,0.7029221304349722,1.1563151606867546,trueSA,0,14,-0.9999582531770168,-0.9999463237425588
-0.8148883826586587,0.9074441913293294,-0.7728562291589828,0.8864281145794913,-0.4461058548556925,0.7230529274278464,0.8522655443818735,0.8558079294467333,0.8909243717947701,0.4765417803537499,0.690152236390655,0.5785267721815894,0.05262447685643865,0.31450298054738923,-0.1048256370948802,-1.9919558987892283,-0.3333057032160148,0.02571900734293814,0.21606079896925018,-0.05784619244412807,-2.249161162124375,-0.2677310864353545,0.01920198730207744,0.07159294389181549,-0.017074600352095685,-0.8892100637025421,-0.23849557545639152,0.04961314695676459,0.04888963175530641,0.10421846707026534,0.6105604762950784,0.6676784564226913,1.3136882839443906,trueSA,0,15,-0.9999582531770168,-0.9999463237425588
-0.7915785377412792,0.8957892688706397,-0.783012885670022,0.8915064428350111,-0.6727602525816555,0.8363801262908278,0.8918566817473075,0.9406325647363307,0.881676100015629,0.5479952292282214,0.6576076469802022,0.5094856862549325,0.05955046690207224,0.32941113144000367,-0.11103561811601566,-1.8645633509239847,-0.33707306013196703,0.040880610026746166,0.15304141759333184,-0.0621386552902274,-1.5200031322813712,-0.4060250895959738,0.02468858610237466,0.0989543199601787,-0.03314459681377301,-1.342506884611955,-0.3349484572993993,0.04443537972219471,0.044240623254168054,0.09593234933984093,0.5974113962210758,0.6184418246679623,0.9819532670422695,trueSA,0,16,-0.9999582531770168,-0.9999463237425588
-0.8486068098366091,0.9243034049183045,-0.791512429273822,0.895756214636911,-0.7584984781091005,0.8792492390545503,0.8894611083794155,0.8986557582082615,0.8936146995017991,0.6574797800794312,0.8107165858669452,0.6650471441452537,0.06697039358563568,0.41120610418565845,-0.14137323498123242,-2.110981097945275,-0.343801401638247,0.03640787337283314,0.19904690295605693,-0.06767606723325482,-1.8588305485525396,-0.340000604019423,0.03148516612844641,0.10044497950391915,-0.04226384845277912,-1.3423416055789625,-0.4207661613503548,0.04150937217564021,0.045931407639181895,0.09168235534968347,0.6055029006875632,0.5915124058100466,1.0990165721732132,trueSA,0,17,-0.9999582531770168,-0.9999463237425588
-0.8296935574214612,0.9148467787107307,-0.874537062010352,0.9372685310051759,-0.6733147223372538,0.8366573611686269,0.8405770922371489,0.8430733974774943,0.8806809454880444,0.6275295640100116,0.8304427281949741,0.6041158058352393,0.04055021889676526,0.36187637281884677,-0.10059858633305661,-2.480839538478582,-0.27799158466589274,0.032666090057245536,0.22199499223460462,-0.07492426829982021,-2.293640535751892,-0.337504317307483,0.022047909403241844,0.130681709595599,-0.03563102230777175,-1.616072601538026,-0.2726550059532716,0.05006939073940037,0.04734367730651956,0.09386086341194932,0.6173100134035451,0.6525800406606066,1.0906962256892243,trueSA,0,18,-0.9999582531770168,-0.9999463237425588
-0.8214635553306558,0.9107317776653281,-0.8925255210740909,0.9462627605370454,-0.5174349625804809,0.7587174812902405,0.9280926346324108,0.9402584560683328,0.9359494563000361,0.37097644439169286,0.702145983375071,0.5005942233647174,0.0903134111998725,0.27310621212036346,-0.1290440060304097,-1.4288465502075052,-0.47250483622663764,0.0463690400682228,0.2113956010112544,-0.08820563520855465,-1.9022527763951471,-0.41725388223125187,0.03547545961937555,0.07280996961593489,-0.02612028392087576,-0.7362916281036624,-0.3587459802367392,0.04821389247013561,0.0458324341533458,0.10448218916180932,0.6066390345545838,0.5583313163045401,0.9414567385326691,trueSA,0,19,-0.9999582531770168,-0.9999463237425588
-0.7006220697485938,0.8503110348742969,-0.6894934107823859,0.844746705391193,-0.46358997753067444,0.7317949887653371,0.7719525769404979,0.8572586310276927,0.8415169968165036,0.2349075631247701,0.6853205000741188,0.4201139719361569,0.03905073791045738,0.23458530541324402,-0.06637448156367291,-1.6996985233894524,-0.28294390156599125,0.025437947548228135,0.15597987238741706,-0.04299598838937076,-1.6902302478552604,-0.2756508755346261,0.018196276499568242,0.06580546879275251,-0.01636939800649482,-0.8996015205024627,-0.24875437113059004,0.04814842595549358,0.044964101063975505,0.09568818311365923,0.5612808674223246,0.6803579047927915,1.0851694498293054,trueSA,0,20,-0.9999582531770168,-0.9999463237425588
-0.8447354208883378,0.9223677104441688,-0.8445073947692274,0.9222536973846136,-0.5985092525636116,0.799254626281806,0.9192621633888962,0.9154312552028987,0.9177691654009853,0.6117149575530991,0.7198697972263084,0.47753818609877025,0.06083978292151236,0.49426392614515346,-0.14649100037265853,-2.407815960843291,-0.29638214043894767,0.033294314680323206,0.14085661040196545,-0.05806299115043585,-1.7439311097984793,-0.41221346293042466,0.02336571480010922,0.1013951496178524,-0.029069525014407415,-1.2441102385736358,-0.28669542008633925,0.045967599497565986,0.046080005620426356,0.08704069387591694,0.5498097518727566,0.6604787378598302,1.19740396642881,trueSA,0,21,-0.9999582531770168,-0.9999463237425588
-0.7522750675000384,0.8761375337500189,-0.8384295684294036,0.9192147842147018,-0.5535483301021457,0.7767741650510728,0.8540030959236455,0.8695220082814785,0.9230951994446354,0.41335603402526017,0.7813392511853415,0.5207202444687782,0.055376279783337014,0.40343196659023906,-0.11250388832872424,-2.0316259735919853,-0.27886706469889894,0.029572546200001316,0.18986598806957808,-0.06265430324815771,-2.1186644810501614,-0.32999224287183804,0.022867711835911454,0.1136961974773475,-0.029709782577290608,-1.2992022459647392,-0.2613084978783912,0.04420207427633711,0.04758482208569052,0.09806100493959224,0.5526530335114841,0.644310491664472,1.0754177073800113,trueSA,0,22,-0.9999582531770168,-0.9999463237425588
-0.8363557472659777,0.9181778736329888,-0.7956167189824516,0.8978083594912257,-0.7096800528396364,0.8548400264198183,0.9084962961704254,0.9125868641529261,0.9539773738217217,0.72031667370799,0.6377723637438271,0.5106680033573534,0.057731744616981655,0.35451724944536933,-0.11923825407265011,-2.065384562059059,-0.3363397810944163,0.032027358875289076,0.22840643742446629,-0.06790339442710981,-2.120168406377746,-0.2972919467279261,0.021818640785571358,0.05855961570014173,-0.02533646657394741,-1.1612302903259852,-0.4326610800126219,0.05658581064795977,0.04788410318834819,0.09947333713481933,0.5804499897008076,0.6186282594466294,1.0527889793544019,trueSA,0,23,-0.9999582531770168,-0.9999463237425588
-0.8059652356342119,0.9029826178171059,-0.8545349870010114,0.9272674935005056,-0.5026105236918942,0.751305261845947,0.8161609711642084,0.8635866689356302,0.7418382694433326,0.28877932085877,0.7575763554015491,0.3191979289408811,0.03625671088637637,0.30329713844919937,-0.08463552874614241,-2.3343410551326267,-0.2790515241221717,0.018839164522188246,0.176689337407877,-0.04925217953467337,-2.6143505183929743,-0.2787501512950812,0.016928508435531682,0.11409863471779075,-0.022765409526092625,-1.3447971280393327,-0.19952394331799087,0.04790419996917662,0.043917888304306776,0.09721802851188234,0.6151223781932982,0.645206099261424,1.1734942734353235,trueSA,0,24,-0.9999582531770168,-0.9999463237425588
-0.7711187326575112,0.8855593663287555,-0.7836644468972254,0.8918322234486127,-0.5543743024513981,0.7771871512256991,0.8744198538141392,0.8628796462384987,0.8884831467330939,0.6527415013231531,0.784437292356558,0.4335974700483544,0.07317159096553513,0.3271091767786205,-0.11883803053762149,-1.6241006785488086,-0.3632977579777536,0.03923881925714265,0.26115851841260185,-0.07930546846998192,-2.0210972188095577,-0.3036679368225239,0.030093525212795316,0.09236892884505216,-0.029241986089821145,-0.9717035768673552,-0.3165781660072539,0.04969448689755912,0.0458502241600687,0.08974278366225702,0.5526365835124116,0.6684805299188472,1.278873594821204,trueSA,0,25,-0.9999582531770168,-0.9999463237425588
-0.8144189324129187,0.9072094662064593,-0.7579566831285438,0.8789783415642719,-0.6061226589675586,0.8030613294837792,0.9347090531715699,0.9287376102040654,0.905742001501098,0.4640909761783849,0.731652626650129,0.469353550657276,0.08791290733395277,0.2872611537648217,-0.1290078879313446,-1.4674510472197815,-0.4490961838751169,0.045159451457850365,0.16379630074068757,-0.06405447092220581,-1.4184067532793472,-0.3910617677722343,0.03587484859147496,0.08572833904735136,-0.03413499279182377,-0.9515020726787224,-0.39817629935615084,0.0452412679246225,0.04916678391069647,0.10127710029211365,0.5160557074520986,0.6441574969380589,0.7999485477852836,trueSA,0,26,-0.9999582531770168,-0.9999463237425588
-0.76460302092454,0.88230151046227,-0.8221157148403327,0.9110578574201664,-0.6484808598966784,0.8242404299483392,0.935965000411573,0.937128524639821,0.9240745456374218,0.52190221160996,0.60863609656405,0.35430461992905465,0.07288885018696298,0.23958971013239805,-0.10112120955227612,-1.387334404273026,-0.42205990188976067,0.04283067080396746,0.21535398670060032,-0.0788353523477278,-1.8406284764614327,-0.3660733360712288,0.03739260970840179,0.09564671024705416,-0.03864163283809242,-1.033402940833252,-0.4040037836981701,0.046380191502744784,0.04776141811211992,0.09545630654050272,0.5575756756597613,0.6784027494970121,0.9446748483026499,trueSA,0,27,-0.9999582531770168,-0.9999463237425588
-0.8456988958207496,0.9228494479103746,-0.7761096585031463,0.8880548292515731,-0.39710040580317685,0.6985502029015884,0.8654392693134749,0.869128468937966,0.8906856863537397,0.3375183751980632,0.7836331473424603,0.3800216040279052,0.052993227876275265,0.32756196864559195,-0.1114747608394937,-2.103566159429972,-0.3403165553694197,0.027204234419585603,0.23330525825604828,-0.06185589295688114,-2.273759739121649,-0.2651285848388184,0.02070755508429228,0.08834319794150158,-0.01630259124821484,-0.7872774541394881,-0.18453702863473387,0.04507215387809815,0.04132385555580606,0.09201699857044951,0.6066703477856712,0.629399600744242,1.1319232331524791,trueSA,0,28,-0.9999582531770168,-0.9999463237425588
-0.8445194441879353,0.9222597220939673,-0.7558575876727756,0.8779287938363877,-0.6804516015062394,0.8402258007531195,0.8988453423923286,0.9046500257351189,0.8684004032588405,0.6743201218410588,0.6710738392408306,0.6556820854582793,0.05463135475751558,0.3076797840366668,-0.109738360522922,-2.008706557067861,-0.3566641886027984,0.0330295632378522,0.16745314264466302,-0.0558852308083142,-1.6919760762766969,-0.33373653026568234,0.02180556041897804,0.12385173066448094,-0.03516691717452085,-1.6127499820602644,-0.28394368803605474,0.04655785008535319,0.04736243343551209,0.0911925420927527,0.6048789383928611,0.7370224527498133,1.0641671783123166,trueSA,0,29,-0.9999582531770168,-0.9999463237425588
-0.8262749605620351,0.9131374802810174,-0.7916620993202917,0.8958310496601459,-0.4697073984556888,0.7348536992278443,0.8689877443195856,0.9012405437190169,0.8665154825330722,0.5054794616129958,0.6609631060210287,0.3443434118554316,0.05779407016236015,0.29398906328300695,-0.10553419398887387,-1.8260384446431615,-0.3589731972011556,0.037769450455310306,0.16979749233256633,-0.06298309057966357,-1.6675670368618847,-0.370930628682693,0.0242021665019074,0.11133404634462382,-0.024162239461356268,-0.9983502699831444,-0.21702471305645699,0.047399562612666674,0.04918742301988371,0.09467257002401745,0.696047448813357,0.5939631253830135,1.0869982492002899,trueSA,0,30,-0.9999582531770168,-0.9999463237425588
-0.8001899240922488,0.9000949620461245,-0.7729381718015182,0.8864690859007591,-0.6147262188070196,0.8073631094035097,0.7644282365340187,0.8295285132907733,0.8964263693344332,0.609605120810344,0.6707751611283126,0.6195858787952606,0.05373782157424454,0.37686875534347236,-0.11286662341032414,-2.1003200372457758,-0.29948522346316353,0.030107112120480152,0.13375267232304808,-0.04918716120355139,-1.6337389320741982,-0.36774712870597,0.02801862235536394,0.07481581813935356,-0.02786847269470427,-0.9946410762543818,-0.37249439206553686,0.046605361764500926,0.04728451974236694,0.10305736602764985,0.6427649254230178,0.6482405522760678,0.9305821930517724,trueSA,0,31,-0.9999582531770168,-0.9999463237425588
-0.8184369756095876,0.9092184878047939,-0.7219125706929663,0.8609562853464832,-0.5127620679762255,0.7563810339881126,0.8683562070787807,0.8960116565416993,0.871819188502411,0.5516058405459715,0.5918011881244232,0.49655400271363087,0.04554802253571908,0.31871484273879047,-0.09867609113982785,-2.1664187739971665,-0.309606199359532,0.030799328642033726,0.17056488763365796,-0.052779449049370555,-1.7136558287617742,-0.30943912185919015,0.022882070876881756,0.10213072533124225,-0.024470795425496586,-1.0694309775178588,-0.2396026792733534,0.048369798977345745,0.050336193439924626,0.0942158407438275,0.5964273331064713,0.8396790503120412,1.0910552333466947,trueSA,0,32,-0.9999582531770168,-0.9999463237425588
-0.7764943140884916,0.8882471570442457,-0.7380149896515388,0.8690074948257694,-0.5663268517211829,0.7831634258605915,0.846376849130555,0.9109284015656501,0.8793279392974038,0.5228617672141643,0.619897244363233,0.4283159537422004,0.06572093438507425,0.3254563426533188,-0.11427355780045163,-1.7387695240438348,-0.35111793142153513,0.03929377101352719,0.15403366913072314,-0.05764911427504359,-1.4671311199731232,-0.3742630724852678,0.031866753705752225,0.12111453160921248,-0.03522133016008604,-1.1052688480699646,-0.29081010917608957,0.04803929374934516,0.046691344618258315,0.09516427591177908,0.5243933046600924,0.6448899563046694,1.0629350346177706,trueSA,0,33,-0.9999582531770168,-0.9999463237425588
-0.8108988009878868,0.9054494004939434,-0.599433507788902,0.7997167538944508,-0.5964532605696912,0.7982266302848454,0.8895676910783549,0.930379670550517,0.8497574841493971,0.5066731769636936,0.42719154131619325,0.32400880411089716,0.04690862031535956,0.3480486237463106,-0.10363578239467383,-2.209312098670695,-0.29776236802537387,0.034169679166299476,0.14549925232791946,-0.04217801591807007,-1.2343696794106565,-0.2898847605279181,0.022705892357635416,0.09854281108737595,-0.028289011419256046,-1.2458885549919014,-0.28707331470555214,0.045125289396242406,0.040310816392434515,0.0870613006707049,0.8023248128588782,0.7225452820281931,1.080657129487269,trueSA,0,34,-0.9999582531770168,-0.9999463237425588
-0.8351952531711586,0.9175976265855793,-0.7124222312225159,0.856211115611258,-0.6198057281740667,0.8099028640870334,0.8596117435567091,0.903586862274229,0.8752673187575205,0.5501222607306707,0.7659970026490499,0.5139987547928475,0.05005708554563787,0.3051252582049133,-0.10348613573501157,-2.0673623845052176,-0.33915951876233486,0.023712759463324046,0.10805296249855728,-0.03600347243697273,-1.5183164360376713,-0.33320208538894475,0.02298981656344794,0.08931428391296209,-0.02827667769768229,-1.2299653465978522,-0.31659748540601046,0.044644083943702784,0.04590006438688075,0.09605851020168822,0.5741087973843839,0.7052522822332883,1.162971140219292,trueSA,0,35,-0.9999582531770168,-0.9999463237425588
-0.8503561859817773,0.9251780929908887,-0.8018028409443035,0.9009014204721518,-0.5477453006269094,0.7738726503134545,0.859286797859106,0.9039579694234208,0.8970920607269282,0.4937547067608768,0.815293889924049,0.5699036670709317,0.06099682475728126,0.2876508759260698,-0.11271584539419252,-1.8478969330405597,-0.3918494773614457,0.03844291255807536,0.18612358579653035,-0.06786375126421691,-1.7653124268796168,-0.3646166119881514,0.024909596960048366,0.11622821940177315,-0.029006288832278234,-1.1644623908929723,-0.2495632212346851,0.05376615283875013,0.04032587286258587,0.09644088503314044,0.5912171950454791,0.663591935123628,0.9952438936888773,trueSA,0,36,-0.9999582531770168,-0.9999463237425588
-0.6667641360395552,0.8333820680197777,-0.6793876128744356,0.8396938064372179,-0.4309478282835225,0.7154739141417612,0.8151754463130428,0.8493158339261234,0.783056195601429,0.24740149282609747,0.36255835882171494,0.3520523550394416,0.03295198686866154,0.2883278073008244,-0.06395206642588312,-1.940765110182285,-0.22180332526567328,0.0179951882485082,0.10885076318010468,-0.029975727364328717,-1.665763478012724,-0.2753837133390679,0.017677594746553258,0.07170277083645134,-0.0160569352681321,-0.9083212675900295,-0.22393744454808825,0.05024627553116558,0.04044235745879932,0.10214054736008862,0.7283242240199814,0.6608960487325944,1.1515922326098345,trueSA,0,37,-0.9999582531770168,-0.9999463237425588
-0.7121723721875999,0.8560861860937997,-0.8423031469793999,0.9211515734896998,-0.6359966231455373,0.8179983115727687,0.8768036210726857,0.9282944595673175,0.8970717003113475,0.5614467235417758,0.7469471201459961,0.6034097304194465,0.0629684388909642,0.31244522224405885,-0.1002087603701125,-1.5914124938627339,-0.3207242525598196,0.029016868164748865,0.16893575675042025,-0.058992593548071966,-2.0330448211409355,-0.3492013454275731,0.020751002153964204,0.1040737275211223,-0.028866531554037452,-1.3910909622513283,-0.27736617340028336,0.0460863544330907,0.041620270660021434,0.09243851629725906,0.5484515315424391,0.5371039326882266,1.2293214721267292,trueSA,0,38,-0.9999582531770168,-0.9999463237425588
-0.7967001659109496,0.8983500829554748,-0.7636829509848613,0.8818414754924306,-0.30786267909676995,0.653931339548385,0.8475838788005547,0.9077965181812582,0.8572305657772746,0.20350271678617393,0.6225939244225601,0.19370283297382804,0.0621333372654675,0.24657794203790798,-0.10034403603529135,-1.6149790185350403,-0.40694652249090807,0.030482038310073584,0.15685488198138176,-0.05291066747704709,-1.7357982080732894,-0.33732241425120224,0.029805126827752593,0.10819478614891474,-0.016687486762429427,-0.5598864537255089,-0.1542355907932705,0.04422408578731502,0.04022990595435059,0.08954967579430138,0.5613171483593385,0.6547476285771938,1.0239413416173957,trueSA,0,39,-0.9999582531770168,-0.9999463237425588
-0.7361594523032146,0.8680797261516072,-0.821276551506403,0.9106382757532014,-0.7871516914783765,0.8935758457391884,0.8707180658640411,0.923354506343383,0.9013756352377224,0.5366049004781267,0.6409973628010961,0.5938765786543652,0.06806816464321104,0.3328115829441762,-0.11049278796744616,-1.6232667436621777,-0.33199802419731156,0.04025337037493998,0.10753801496542588,-0.054158471413887604,-1.3454394230701323,-0.5036216395783377,0.026106618955066056,0.11549725249805244,-0.043150078348187244,-1.6528405467768879,-0.3736026391529518,0.045703427951193955,0.0442028626013951,0.10666504986947747,0.5739745433263348,0.6178156786458845,1.175815353276663,trueSA,1,0,-0.999992993903432,-0.9999908514483724
-0.8128670316893309,0.9064335158446655,-0.8033665483184336,0.9016832741592169,-0.5896049795983789,0.7948024897991894,0.8979902607920488,0.92951559436585,0.8986801794652506,0.5643382505456668,0.7002602764034928,0.34740927107796854,0.07894826506676313,0.30833834794064596,-0.1264152919396096,-1.6012421784405986,-0.40998887353429064,0.049720338401619914,0.1614115552997169,-0.07166375175954462,-1.4413367660669376,-0.44398154535142076,0.031174216058827506,0.15856694874168756,-0.04073344606095924,-1.306638986016294,-0.2568848450714391,0.04272831402467881,0.042988579123271566,0.08666869482964282,0.6146254335218803,0.6962553275239318,0.9026114038782341,trueSA,1,1,-0.999992993903432,-0.9999908514483724
-0.8048264658128904,0.9024132329064453,-0.7288858975975454,0.8644429487987726,-0.6945618689985705,0.8472809344992853,0.8869835971792439,0.8649287326668242,0.8826478766161857,0.671217406683435,0.6287561809423474,0.5859574857251237,0.05247320228404038,0.2859020506464473,-0.09849049995206098,-1.876967588502154,-0.34449035860136756,0.026719351120662305,0.19575501454050429,-0.05202028617013604,-1.946914277042765,-0.2657417808286712,0.01978263699857318,0.1332585371865776,-0.03574599929857604,-1.8069380387030414,-0.2682454726973886,0.046408145696275625,0.04458427836563649,0.10240466448641236,0.56763987923593,0.696757304139968,1.1136595476394577,trueSA,1,2,-0.999992993903432,-0.9999908514483724
-0.5896412904339302,0.7948206452169649,-0.7526048868914997,0.8763024434457498,-0.4883608646605326,0.7441804323302663,0.758273875678342,0.8184854185359507,0.8622544342157006,0.38971589573602616,0.644632375349323,0.3034035112744095,0.03587604328578458,0.2796732960916845,-0.058033392308619376,-1.617608492841081,-0.20750423125701087,0.022742718235289484,0.12137337946258069,-0.03935691192976645,-1.730528053972766,-0.3242631300539848,0.018014831915753083,0.07044608276138675,-0.017530166074432165,-0.9730962884590058,-0.24884515060702403,0.044638398518467015,0.042490438603847706,0.09543131436231689,0.6078181648525851,0.6582828054951211,1.2480100907317382,trueSA,1,3,-0.999992993903432,-0.9999908514483724
-0.7735022623485072,0.8867511311742536,-0.7159161770095059,0.857958088504753,-0.7451101143796192,0.8725550571898097,0.8101519950146426,0.8308220590833296,0.8658830741088875,0.6177606210598823,0.6183746626568962,0.6191962831343091,0.039342633935710004,0.3462518436967849,-0.0900947287399365,-2.2900024662090686,-0.26019999714090497,0.022611745718834626,0.18653330918438485,-0.046672343895209176,-2.064075214517077,-0.25020916692725587,0.01365194547065339,0.13466682518010506,-0.03189469766754302,-2.3362749093969626,-0.23684153558151136,0.04519909148530606,0.04623337451214711,0.08775320680851768,0.665766187468495,0.6052127067233518,1.2135795520658708,trueSA,1,4,-0.999992993903432,-0.9999908514483724
-0.7803101951018635,0.8901550975509318,-0.8408394933159055,0.9204197466579528,-0.45555447291881634,0.727777236459408,0.8373955009625008,0.8452350480527762,0.8795442468954335,0.4150631294614023,0.6802793710352587,0.3071231673411309,0.04061819584197678,0.35425332216847155,-0.09358861867243203,-2.3041057519278856,-0.2641855779913456,0.02787171253611791,0.2738646593314423,-0.0733062228436206,-2.630129840375822,-0.2676731748542348,0.01968855404144226,0.08619070770747399,-0.01873072533017908,-0.9513509875206144,-0.21731722396049954,0.05009696067587041,0.04510286836025689,0.10588241728280583,0.670993769806866,0.5889411625783155,1.1780793409249368,trueSA,1,5,-0.999992993903432,-0.9999908514483724
-0.7795987466537673,0.8897993733268836,-0.6642724497370149,0.8321362248685075,-0.6285194850782427,0.8142597425391213,0.8569199394564091,0.8965852558801446,0.8255625020400857,0.46956916418195477,0.5775297674415779,0.38406615099135116,0.050207782002641,0.326303005857187,-0.09959055538342225,-1.9835681125723428,-0.30520882001010446,0.033699342023275715,0.24979559636935558,-0.061016050589223034,-1.8106006505135919,-0.2442639160820225,0.02324858223174297,0.08247800086824611,-0.027703709395697673,-1.1916300581061583,-0.3358921058228941,0.050936762659017906,0.04589323933423165,0.09607137647189903,0.6164209216717637,0.6675539119960865,1.2607741472540244,trueSA,1,6,-0.999992993903432,-0.9999908514483724
-0.7788573945957872,0.8894286972978935,-0.6399259352601997,0.8199629676300999,-0.7329786734878339,0.8664893367439169,0.8424705157813083,0.8427633557386154,0.8985848501011701,0.6319837229951645,0.6425424917950611,0.4052673516146627,0.06037212355576045,0.4442033275571471,-0.12755545508095625,-2.112820413930685,-0.2871555595552043,0.03097088120592256,0.16855664906260595,-0.04646351455564296,-1.5002322422378394,-0.27565518663333954,0.026869435749227264,0.11096104124803356,-0.040215394644210783,-1.4966966563623256,-0.36242805755865665,0.04342389972101337,0.04988844625703246,0.09483888591514718,0.6461416538446347,0.6020470623795101,1.117598933743172,trueSA,1,7,-0.999992993903432,-0.9999908514483724
-0.8349808479673703,0.9174904239836853,-0.7919285321291055,0.8959642660645527,-0.6323034902389516,0.816151745119476,0.8715716090572343,0.8824173550871403,0.855334859121765,0.5267494528141187,0.6987716959011163,0.5590249443461637,0.06781714194303491,0.3364153661315746,-0.12615806038885335,-1.8602680203601574,-0.37500683110744704,0.035411245845608987,0.18812248043381596,-0.06488894241342164,-1.832438844324589,-0.3449292304874241,0.030444100833864566,0.10812979901397658,-0.036208253585641975,-1.1893356214799302,-0.33485915923104403,0.04137481442937487,0.0461756733640202,0.0965828186743999,0.6063142565553126,0.5967095028400633,1.0016817196463426,trueSA,1,8,-0.999992993903432,-0.9999908514483724
-0.8133050696692319,0.9066525348346158,-0.7021155297562497,0.8510577648781249,-0.5846537033352865,0.7923268516676434,0.7780789073699571,0.8905640182676624,0.8416625501569287,0.47696002183179187,0.6296911566884645,0.5395152442933807,0.05738937402331727,0.38931665040964836,-0.12136647344330534,-2.114789985233054,-0.31174231391234003,0.03212767804095859,0.1672141956847093,-0.05185331935560106,-1.6139765621871227,-0.31010117976689655,0.02637656838291144,0.12426727507003993,-0.032561024614933126,-1.23446781030198,-0.26202412981680795,0.04283656523136315,0.038890609275867134,0.08587982350849936,0.561112902428017,0.70636030095303,1.241304242101919,trueSA,1,9,-0.999992993903432,-0.9999908514483724
-0.7683506086733772,0.8841753043366885,-0.8312238321614114,0.9156119160807057,-0.6508892588189767,0.8254446294094884,0.8870371140877669,0.9121651962412057,0.8704559348241494,0.5647698013519417,0.8889896260707747,0.5648509336780043,0.06642391433394605,0.33607859008671503,-0.11423861332456538,-1.7198416333947297,-0.33991636686850396,0.04086838210938991,0.1560738704694015,-0.06641712587433765,-1.625146933797452,-0.4255492971026103,0.028409704996061904,0.11674841939429718,-0.03745064007926128,-1.3182340360258091,-0.3207807032725501,0.04917946910370862,0.04593576637391301,0.09461940444081063,0.5810562931370951,0.6797818977134151,1.0761705583360437,trueSA,1,10,-0.999992993903432,-0.9999908514483724
-0.7773998483154022,0.8886999241577012,-0.7792183670383923,0.889609183519196,-0.5426615840730765,0.7713307920365383,0.8939978888502376,0.8630335060982594,0.8852659024835143,0.6472414849769932,0.6646874928593594,0.5186156501428401,0.04625218975165058,0.3071649050236775,-0.09245022103984088,-1.9988290616346798,-0.3009791142406534,0.022540354864754898,0.1248473057649995,-0.041225745888314916,-1.828975015507734,-0.33020933560163707,0.017853162570525497,0.06649983497496606,-0.018798259547202368,-1.0529372301934432,-0.2826812961908702,0.04032115880102683,0.043692594590484385,0.10133081906815224,0.5614636791588928,0.6570001175576383,1.4160083167214907,trueSA,1,11,-0.999992993903432,-0.9999908514483724
-0.7863354877700571,0.8931677438850286,-0.7242003436532497,0.8621001718266247,-0.5950423793586819,0.7975211896793409,0.8819923964172873,0.9301205382958442,0.9181049971712762,0.5440963661658981,0.6857279251794557,0.4513215804372791,0.07218244302473113,0.26934190930234514,-0.10995151383855199,-1.5232445624052988,-0.4082228202931754,0.04604255180506112,0.1761636151670195,-0.06535129795996754,-1.419367419874064,-0.3709693281328748,0.030190075726040225,0.07361495810555398,-0.028212921121991547,-0.9345097832151743,-0.38324984280420293,0.04635977571048527,0.05413143987855679,0.08841712131016306,0.599837128313586,0.6968786799582375,1.0477434538561325,trueSA,1,12,-0.999992993903432,-0.9999908514483724
-0.6796227308380798,0.8398113654190399,-0.8041254719978023,0.9020627359989011,-0.4750495249587091,0.7375247624793546,0.8714642622985557,0.8534276426596674,0.8843933627302302,0.4778261548726414,0.594532960447887,0.49782907597642295,0.045252564589381955,0.2905711978114529,-0.07775322839218833,-1.7182060088243556,-0.26758752752446296,0.028594988706166606,0.1610179094371715,-0.05428645470460483,-1.8984604352334566,-0.3371454448412595,0.023835809102363718,0.087130905323609,-0.02171968111679184,-0.911220635452982,-0.24927643109094008,0.04146974329498533,0.05185393629207232,0.09188365069998919,0.6671774785666231,0.6850411406658762,1.1327723883166925,trueSA,1,13,-0.999992993903432,-0.9999908514483724
-0.8796039459160943,0.9398019729580471,-0.7543078150463639,0.8771539075231819,-0.7537182277122695,0.8768591138561348,0.8375715898114947,0.8973534326172569,0.8866263501148886,0.6091848509249785,0.6360644070695917,0.5753410155889203,0.046549577156501834,0.3385805239760285,-0.11076563024480117,-2.379519579144661,-0.32714708142114923,0.03183025918322913,0.19550515499156215,-0.06001996088464026,-1.8856258926180482,-0.3069993775214299,0.02257978959191343,0.09482317617178253,-0.03445829293344133,-1.5260679375764417,-0.3633952618399575,0.049952253471965115,0.049654250393911865,0.09001568033875933,0.6792352613977247,0.6674012537384018,1.0390184750810405,trueSA,1,14,-0.999992993903432,-0.9999908514483724
-0.7587099959897263,0.8793549979948632,-0.7689249740030921,0.884462487001546,-0.5447298159074301,0.7723649079537149,0.8256694563232324,0.836198867289904,0.8176837497575411,0.470968647538732,0.693003612636431,0.6242573711877795,0.04092022907022945,0.19501071141453957,-0.06768869191463822,-1.6541620966604886,-0.34710243054675355,0.024941355141617688,0.2512154416199081,-0.06120339076058401,-2.4538919562738073,-0.2436290952734723,0.017211408215983652,0.11796054234196642,-0.02455572282369839,-1.4267120107519338,-0.2081689549418279,0.04817051246207075,0.03629688319759859,0.09549802332396796,0.6870696811359625,0.7862186708042578,1.2789059719094875,trueSA,1,15,-0.999992993903432,-0.9999908514483724
-0.7171185224187535,0.8585592612093769,-0.7240659197498274,0.8620329598749137,-0.6003279729863533,0.8001639864931765,0.7623937740429627,0.7771307000484087,0.8112776780460427,0.442313642057177,0.7101447235276311,0.5516425504878967,0.04264317304713237,0.45162765482934814,-0.09955512221385818,-2.334608686455451,-0.22043628451290487,0.020398665082752353,0.17558675121735737,-0.0434343310587606,-2.1292732089358903,-0.24736679024827793,0.015933969873472495,0.10073140850901505,-0.024198048901643267,-1.518645327799266,-0.2402234740863138,0.045908755086625806,0.041576369261380274,0.08633403106690553,0.6066918711905633,0.6616541181588196,1.119537783354192,trueSA,1,16,-0.999992993903432,-0.9999908514483724
-0.793944440773815,0.8969722203869076,-0.8411180472060061,0.9205590236030031,-0.6611764038004442,0.8305882019002221,0.853811653394368,0.9121327955531251,0.8789395151203524,0.7032939859759565,0.6869055367408305,0.7335304150846474,0.06867003562524643,0.34413950154713785,-0.12142681441358127,-1.7682649107136752,-0.352841838462851,0.035749557473997724,0.1495180682368694,-0.061425643977936734,-1.7182211002923433,-0.41082422146215164,0.02755379722974967,0.1125045185662439,-0.0372474142179162,-1.3518069363485186,-0.3310748287499627,0.05058601579619123,0.04880695419230097,0.08924495892522054,0.6706997967154161,0.7030451873846422,1.0553509673498316,trueSA,1,17,-0.999992993903432,-0.9999908514483724
-0.8218064105765138,0.910903205288257,-0.649992965343015,0.8249964826715076,-0.6556425604958982,0.8278212802479491,0.9032458932420143,0.8877836338128381,0.8963423966547627,0.6047898738886874,0.7414184796756511,0.44296327021845233,0.06908798884760209,0.2474264604453673,-0.1072061952328532,-1.5517342018644407,-0.43328508616209516,0.03317820311886746,0.12478565891630955,-0.041785377109128545,-1.2594225479729624,-0.3348572061245667,0.030265175323983692,0.10902318302505665,-0.03771118329738016,-1.2460256018241487,-0.34590058968204085,0.05178024542398547,0.04233150473403845,0.09644227096058096,0.6099108317897229,0.6230709551683012,1.23657904683213,trueSA,1,18,-0.999992993903432,-0.9999908514483724
-0.7509654710163154,0.8754827355081577,-0.7932030202326342,0.8966015101163172,-0.11912778557565375,0.5595638927878269,0.8036037754514016,0.9029549185136083,0.828453238851023,0.16683819266537137,0.5156793069599641,0.030250141424799874,0.04825765876433602,0.2943723043835577,-0.08936389505189722,-1.8518075128406364,-0.30357439786678747,0.03139040121966667,0.13591274375838797,-0.05182811560031041,-1.6510816551092415,-0.3813337452185148,0.022994473794376014,0.10396544021806405,-0.005811022729750192,-0.2527138816793212,-0.05589379237525244,0.04199166573045822,0.04788350784241731,0.09098734727601698,0.6808812183470706,0.6867714423406507,1.106782099956581,trueSA,1,19,-0.999992993903432,-0.9999908514483724
-0.6531034313708484,0.8265517156854242,-0.8392205289860932,0.9196102644930468,-0.6271072018043037,0.8135536009021518,0.8831252187956234,0.8651141442638419,0.9063643245711105,0.5346441982823397,0.6846952385382524,0.5438531878913915,0.052446519812185344,0.30950305193151517,-0.08299478550897219,-1.582465067390216,-0.26815498261172793,0.03293914946916994,0.20147847921505016,-0.06811951185890257,-2.0680410076362294,-0.3380982034621896,0.0253327115891939,0.09588955304812784,-0.03074384948088694,-1.213602790709592,-0.3206172987943361,0.049356897482578134,0.045972732052181865,0.09094219983486676,0.7328905497144554,0.5682003814420789,1.149756929157141,trueSA,1,20,-0.999992993903432,-0.9999908514483724
-0.7290453719731635,0.8645226859865817,-0.8187335506035643,0.9093667753017822,-0.6109619801878454,0.8054809900939227,0.9145937568490876,0.9098245968842664,0.9502856049565935,0.5898666025358401,0.6226997624315805,0.5272517620420638,0.062395658044728734,0.27726419543723735,-0.09564105860177752,-1.532815929807433,-0.3449455796156962,0.03748526401303794,0.20019876856675686,-0.0709309107629606,-1.8922345255002007,-0.35430243288089197,0.030876932409303233,0.10014356829231487,-0.03398191944147812,-1.1005600877384876,-0.3393320212266286,0.052110122547754566,0.04162685538435968,0.09172001863987665,0.671846081095238,0.6476659036848241,1.152923925804124,trueSA,1,21,-0.999992993903432,-0.9999908514483724
-0.7975802099343015,0.8987901049671508,-0.6244221913680599,0.8122110956840299,-0.5384777926175591,0.7692388963087797,0.7652067873820406,0.7668992005864629,0.8476981548922706,0.524048502587623,0.6808747356477794,0.3531303888359716,0.03606633184186675,0.28928238345035134,-0.08196000334885704,-2.2724795997611187,-0.2833217922615865,0.0224998027765336,0.17121282830798107,-0.03857447750201499,-1.7144362501811186,-0.22530132749531154,0.015663468894818244,0.09339699261227628,-0.020902399931324256,-1.3344681227182789,-0.22380163800452824,0.047653039685306334,0.04151191972112596,0.08398020939488801,0.671783131362403,0.7068678495531895,1.2881460460370664,trueSA,1,22,-0.999992993903432,-0.9999908514483724
-0.8189879280671211,0.9094939640335605,-0.7832509020651242,0.8916254510325621,-0.5873564979147059,0.793678248957353,0.8846480991237307,0.8965292435293005,0.8974965805791693,0.4108685536772686,0.7272521454980418,0.3653473136221152,0.054849749438983,0.372228532248579,-0.11733160667213695,-2.1391457184806506,-0.31521389820214374,0.029309928229665067,0.16689423022604968,-0.05460799047925536,-1.8631226269597516,-0.3272011884730325,0.02066758414437386,0.09603458366782879,-0.02641897993155014,-1.2782809905115073,-0.2750986042999882,0.044551421165123235,0.047506827733119004,0.09293521922255962,0.6757003758296253,0.6690705073453311,1.1190319559792978,trueSA,1,23,-0.999992993903432,-0.9999908514483724
-0.7969637391476841,0.8984818695738421,-0.7307837303207231,0.8653918651603616,-0.4369223247108735,0.7184611623554368,0.8704027441169954,0.8552989116466239,0.8578133480285153,0.33839837506748993,0.6016077594006993,0.3599897594068297,0.05023808000184525,0.2281068401981564,-0.08550785967613975,-1.7020526993268659,-0.3748588144128386,0.023095839312295485,0.19508411466925446,-0.04923086006876553,-2.1315899977948236,-0.25235709300181364,0.015393890134376765,0.0781978724603361,-0.015095936210842088,-0.9806446635039117,-0.19304791467950896,0.050205170950887106,0.040293803112484664,0.10032062690448823,0.6625240891892701,0.6371043642301744,1.1075098343306682,trueSA,1,24,-0.999992993903432,-0.9999908514483724
-0.8015339436009707,0.9007669718004855,-0.7174797435008776,0.8587398717504386,-0.5513574371336178,0.7756787185668088,0.8634862706020614,0.8620943105670015,0.8947713932144191,0.43695430743254765,0.7093207338574581,0.45140400209130305,0.04892044538942794,0.4514383158175142,-0.11914660836415003,-2.4355176535228042,-0.26392666326602393,0.032249228993902396,0.14552310391500237,-0.048826526204184956,-1.5140370088666912,-0.3355242218631051,0.02388311487483201,0.11305189550847237,-0.028590976263359765,-1.197120912125616,-0.2529013435357843,0.05044147959323462,0.04692279212841909,0.08974357690541697,0.6573004954256928,0.6935879256665946,1.0496241484756677,trueSA,1,25,-0.999992993903432,-0.9999908514483724
-0.8364614284999341,0.918230714249967,-0.7328330980757438,0.8664165490378719,-0.46842804686696804,0.7342140234334841,0.9205206312243461,0.89469369556428,0.8714545010475632,0.5081702609052121,0.6742473829144656,0.4165652345356156,0.07233305431591681,0.25936013991673745,-0.11408583572292899,-1.57722961931976,-0.4398742064202851,0.050579857210816426,0.12537876073229703,-0.0583146809254565,-1.1529230041595686,-0.4651081298368176,0.03510714342953027,0.10672897358463163,-0.02824952746864886,-0.804666079578746,-0.26468471043852176,0.0491700568463311,0.050645238247354,0.07910532200664695,0.6439747874054118,0.6321550028464683,0.9759296205149821,trueSA,1,26,-0.999992993903432,-0.9999908514483724
-0.8421517795795759,0.9210758897897878,-0.7012959224098985,0.8506479612049491,-0.6004257161545408,0.8002128580772705,0.8845643483801543,0.904712613748351,0.927862230399678,0.5552945902352113,0.6528243136614906,0.5713084840966576,0.055583775899970246,0.369966331083718,-0.12110519325713917,-2.178786728614527,-0.32734112021057077,0.040905933124707694,0.14842857478068633,-0.05466737773999367,-1.3364168364851183,-0.36830763766861313,0.02528189896144285,0.09312566157187424,-0.029501395302319818,-1.1668979196266893,-0.31679125607661524,0.051696396551603976,0.05006557912906029,0.09022525853051648,0.5841682544104756,0.6376013018261754,1.138948886946646,trueSA,1,27,-0.999992993903432,-0.9999908514483724
-0.7253395536740116,0.8626697768370057,-0.7522086439521313,0.8761043219760658,-0.4650704458389289,0.7325352229194644,0.7987506506038762,0.8759511546550658,0.8715332306612074,0.35082266117484034,0.7286021007453366,0.4229170336943133,0.04007578018033007,0.35675435593792115,-0.08617686314544706,-2.1503477351576117,-0.2415579843976529,0.026374238946392504,0.16149091087981848,-0.04927592056275333,-1.8683352593760185,-0.30513123180922835,0.022200899113959102,0.11974447538092234,-0.024163934879863125,-1.088421453375721,-0.20179582233747811,0.047234053137935106,0.04419381533286107,0.09480894904755896,0.7165857281575669,0.6702426267257061,1.1710838292264225,trueSA,1,28,-0.999992993903432,-0.9999908514483724
-0.817041980894896,0.908520990447448,-0.7473938994840565,0.8736969497420283,-0.7185825910060459,0.8592912955030229,0.8883120242094714,0.9060165555766396,0.9085643335919815,0.5679743048530688,0.6402874879665486,0.5188216445118807,0.056249007876295457,0.2698018539049035,-0.10036326132563458,-1.7842672273679305,-0.37198877573691325,0.04058100798868181,0.15319972575525673,-0.059037595361249744,-1.454808500018421,-0.3853635838458672,0.025821654580221554,0.11161693262357722,-0.03864492622084852,-1.496609216144078,-0.3462281690823443,0.04626409446300841,0.044444146644880736,0.08683919752189333,0.5715278967398445,0.6550965567857973,1.1964023418450693,trueSA,1,29,-0.999992993903432,-0.9999908514483724
-0.7968622931363571,0.8984311465681786,-0.8315395979871004,0.9157697989935503,-0.7122528719683258,0.8561264359841628,0.9205048601664452,0.9291869718645257,0.9340839083998679,0.5361493010929431,0.6297454029058848,0.5589152876091044,0.0813328870119163,0.3189865868968005,-0.1286762097320137,-1.5820932277144057,-0.40339065972590077,0.048023163944315404,0.13822832542238897,-0.06726738202523586,-1.4007278259140696,-0.4866396364108777,0.03492534674163551,0.08723312920985843,-0.039200721153098764,-1.1224146589893824,-0.44937882554680375,0.05010518462152276,0.044711189406225975,0.09601726193412964,0.5925741034123053,0.5888160383803983,1.040064973318914,trueSA,1,30,-0.999992993903432,-0.9999908514483724
-0.8152569734214204,0.9076284867107102,-0.7688887363018047,0.8844443681509023,-0.5910320683574799,0.79551603417874,0.917680139230318,0.8749996878257574,0.9147491629585482,0.4715977353330367,0.7310964658676649,0.6406317720699143,0.05181971733650262,0.3560655355645833,-0.11089125212970319,-2.1399432075170672,-0.3114349496192385,0.03075017613779941,0.1853098372701743,-0.05823783620939195,-1.8939025242786673,-0.31427277184688,0.025668423141043787,0.053188498215328096,-0.021798284983617012,-0.8492257145613893,-0.4098308039337551,0.047354387166477996,0.04748412848583613,0.09135900940852312,0.5941697681350221,0.6456730136891974,1.2371809557904594,trueSA,1,31,-0.999992993903432,-0.9999908514483724
-0.762839055700796,0.881419527850398,-0.8156195804783439,0.9078097902391719,-0.2678219194809706,0.6339109597404854,0.8777095994522185,0.8561798799016205,0.8298523273528352,0.20539254205138294,0.7412418562222495,0.3312292392323911,0.03985075158250692,0.303696724758728,-0.0843065441861489,-2.1155571937357514,-0.2776010977830804,0.025080932172123,0.13276796561578136,-0.04706996498540965,-1.8767231083112237,-0.35452802765409486,0.015918154284346137,0.08614603768263643,-0.009880194218513652,-0.6206871752857556,-0.11469122067938246,0.044564513900743924,0.04625377039979634,0.09265888303670756,0.6276612935928677,0.6652865407639029,1.0457500847613688,trueSA,1,32,-0.999992993903432,-0.9999908514483724
-0.8501069564514788,0.9250534782257392,-0.8500646147946423,0.9250323073973212,-0.6987587437962263,0.8493793718981131,0.8832263680496654,0.9033718171921232,0.8858593852636755,0.6281850942288739,0.732900582041961,0.6514349527204185,0.056238648919707875,0.37492141376957067,-0.12319034579956509,-2.190492626795576,-0.32857644635704575,0.033882560121331555,0.16170001949871418,-0.06303629791776541,-1.860434916725181,-0.38983481952064125,0.024863829959729765,0.09670692206581868,-0.034964107154445256,-1.4062237077342556,-0.361547099292941,0.04890333256370813,0.04744902307154067,0.10264233552182823,0.6212753366857126,0.6484388284518301,1.2376619419708228,trueSA,1,33,-0.999992993903432,-0.9999908514483724
-0.8121244578629333,0.9060622289314667,-0.7879833136772686,0.8939916568386345,-0.3836929323224324,0.6918464661612163,0.8345029079177384,0.9012967538091127,0.792880825152002,0.5390120921366927,0.7132990563004897,0.4117738867954853,0.03795026267220644,0.29258103935774654,-0.08557563867897983,-2.254941933291352,-0.2924852508106113,0.022494294806806234,0.21605105019755202,-0.055051588380984104,-2.4473578235636357,-0.2548082424530972,0.017894379793952503,0.0868099038225478,-0.015500822925207257,-0.8662397413989078,-0.17856053563765278,0.04452525689357557,0.045258453319641505,0.0875710768289296,0.6289898301552841,0.6426144101626544,1.1529604669533946,trueSA,1,34,-0.999992993903432,-0.9999908514483724
-0.7568636388686,0.8784318194343,-0.6279632886175204,0.8139816443087602,-0.5668420151606645,0.7834210075803322,0.9300114615602718,0.8717378819787749,0.8347823977490147,0.4388007675044325,0.6503310823474691,0.368381363753135,0.060499309726694546,0.431327891461205,-0.12222682628157688,-2.0203011709346144,-0.28337334241824785,0.044453761230571306,0.1113449416740039,-0.04456198727536539,-1.0024345756534017,-0.4002156416394211,0.032973865393645,0.11696173046378977,-0.035045276197516795,-1.0628197749685429,-0.2996302812770582,0.05521147560917386,0.04537903950914886,0.10061020152261002,0.5746639481261747,0.5872465616042586,1.0426353409791171,trueSA,1,35,-0.999992993903432,-0.9999908514483724
-0.7325912943876937,0.8662956471938468,-0.746117701513508,0.8730588507567542,-0.4684532848487352,0.7342266424243676,0.8415519608375837,0.8788977437151205,0.8513991508186677,0.5610601821709668,0.5290972848125797,0.3828223682306349,0.05218598325664372,0.25680692869377725,-0.08487655223793128,-1.6264243182028342,-0.3305072517694416,0.02644446111449543,0.1355451166920604,-0.044758555788709214,-1.6925493620354013,-0.33021149622375856,0.019715215205846983,0.07778568409622268,-0.018280340936967347,-0.9272199540355972,-0.23500906560587864,0.04381526075545294,0.04424650847461496,0.08594361376238369,0.608213552372406,0.7499767996001079,1.3136502783388049,trueSA,1,36,-0.999992993903432,-0.9999908514483724
-0.6827630903156622,0.8413815451578311,-0.7712132609194491,0.8856066304597248,-0.5276771659555852,0.7638385829777926,0.8534746018975695,0.8823966529787983,0.8894677755056415,0.5082451306139767,0.6283004819865391,0.425764063308858,0.04709949862535284,0.35128851205901684,-0.08656259384948273,-1.837866567073977,-0.2464145307289187,0.027223757919179765,0.14351461289510853,-0.04815030324426829,-1.7686868722243998,-0.33550801742718855,0.019618007028436812,0.13143244331995385,-0.027871456753601614,-1.4207078585098483,-0.21205918454815956,0.05144167904710667,0.046361058721257765,0.09141020806493101,0.547038632497441,0.7272479961395238,1.169005595781228,trueSA,1,37,-0.999992993903432,-0.9999908514483724
-0.7901323940004285,0.8950661970002141,-0.8138978802503752,0.9069489401251876,-0.5907461336116038,0.7953730668058019,0.8552279011324803,0.8610649962470375,0.8611664544014661,0.5732829437723578,0.7513221920196003,0.6812181515589085,0.041048787918987834,0.37423745842282646,-0.09806305335641016,-2.388939072937873,-0.26203430776193204,0.02909824742614985,0.20588047307662619,-0.06355285873423548,-2.184078573650527,-0.3086881324125474,0.01669107101368095,0.09966120608023935,-0.023869941525563574,-1.430102448548593,-0.23951086349833434,0.04955822359305078,0.04520254872670988,0.09934241832944533,0.6212787710090535,0.6602544362259849,1.0277856147795392,trueSA,1,38,-0.999992993903432,-0.9999908514483724
-0.7512150490003092,0.8756075245001548,-0.6904487513988982,0.8452243756994492,-0.5696920709874256,0.7848460354937127,0.9107600826941276,0.8779826794423992,0.9189329076470768,0.4703182546965012,0.6347846167039847,0.5164496724112144,0.04975977304823371,0.2637742267979954,-0.08597894883910882,-1.727880646798102,-0.325956595088244,0.03001784522071278,0.1586644218154022,-0.047678045338005674,-1.588323378558401,-0.30049613386847746,0.030073841021800395,0.10208650023492623,-0.03153063241314984,-1.048440483219068,-0.30886191945644204,0.0462361593008851,0.045180257390008124,0.08703976123433949,0.6181144451599483,0.7504313792844948,1.198279281841995,trueSA,1,39,-0.999992993903432,-0.9999908514483724
-0.8728401993353382,0.936420099667669,-0.7132102656607762,0.856605132830388,-0.648877964514805,0.8244389822574024,0.9435871397296431,0.9143011945036466,0.8686934856693304,0.5344602679641272,0.5715837728829493,0.5965427742786481,0.07115697328785049,0.30331933335134614,-0.12803347493483386,-1.7993102997355088,-0.42210786078224655,0.03894377538620732,0.1710162061944344,-0.058746968839964685,-1.5085072840875884,-0.343516969223216,0.032504970844871875,0.09299946885068384,-0.03538629134410407,-1.0886424575792772,-0.3804999295309832,0.040305925788779784,0.0475271424463526,0.09049887534403112,0.6501114812933191,0.6151311061392278,0.971812640587234,trueSA,2,0,-0.9999919296213946,-0.9999853142512335
-0.8279004754368127,0.9139502377184063,-0.8019041407412563,0.9009520703706283,-0.7151953476745958,0.8575976738372979,0.8795344948550043,0.9080972462843807,0.8570738732465637,0.5937106956880164,0.6831962112707394,0.5289887578116608,0.05692713467605571,0.3587538133230141,-0.11839137551064333,-2.079700237581785,-0.33000729501388276,0.034344083101204535,0.16365772593378444,-0.060023341895500175,-1.7477054699240173,-0.36676143184212084,0.023949741218125615,0.11165474909654564,-0.03706152080491559,-1.5474706163783822,-0.33192964119125135,0.04626757948465332,0.03774682895997687,0.08765496965119873,0.7115070679262526,0.6984536012855879,1.1840795178036188,trueSA,2,1,-0.9999919296213946,-0.9999853142512335
-0.7132183612925508,0.8566091806462756,-0.7093069549238121,0.854653477461906,-0.7625309679909702,0.8812654839954851,0.7697099774090591,0.8514712245395456,0.8052858687281789,0.6302883419664659,0.5495371961811943,0.6301985506873957,0.035218819255294236,0.28177374552411044,-0.07109236170486512,-2.018590151746164,-0.2523030013766204,0.0226014432594699,0.1479741365065801,-0.040851619802290205,-1.8074783691158116,-0.27607270274879164,0.01498641551427239,0.10714132964924913,-0.03064550491156326,-2.0448855753650936,-0.2860287903079802,0.04404229999984045,0.03916644920313486,0.09246029493079644,0.7481376754506667,0.7622534380627937,1.2505228591036648,trueSA,2,2,-0.9999919296213946,-0.9999853142512335
-0.8211837390036408,0.9105918695018204,-0.5921076903354363,0.796053845167718,-0.7177235928276355,0.8588617964138178,0.8689579969211276,0.8585633111309249,0.8808788351329402,0.6300768178584553,0.6809653589410305,0.4790982426348559,0.03301069499119281,0.307613114119431,-0.08280808263590207,-2.5085228486705633,-0.269195553879253,0.02588352534376273,0.1645656857433676,-0.038625143174293074,-1.4922674813923964,-0.23470958116096666,0.017250176404513033,0.09544087724244334,-0.02875527748868574,-1.6669555611711144,-0.30128890596468694,0.041976011540846424,0.038210215790109844,0.08735969743653416,0.6094359107239208,0.7257773001033597,1.2419388597297238,trueSA,2,3,-0.9999919296213946,-0.9999853142512335
-0.8813179955116572,0.9406589977558287,-0.6949173558589055,0.8474586779294528,-0.6429383642416848,0.8214691821208424,0.8599116913720616,0.8850894892778141,0.8801540683245661,0.6185249584808551,0.7461737021376903,0.5694426752247337,0.04107533676093715,0.46666356101694867,-0.12241236255950536,-2.9801913316489257,-0.26231395117447254,0.024843885892727242,0.1981837337865935,-0.04875998436603453,-1.9626553018547088,-0.24603424021943107,0.021088358295983642,0.08726539378493813,-0.027422250283665836,-1.3003501694529018,-0.31423968991931456,0.04974508673278111,0.042620254297758474,0.09501430679938314,0.5844069702836548,0.6294475535999079,1.2781631921807879,trueSA,2,4,-0.9999919296213946,-0.9999853142512335
-0.8405676854998885,0.9202838427499443,-0.9125343107148751,0.9562671553574377,-0.7662575689169803,0.8831287844584901,0.8641984799988053,0.9189912190193245,0.888753666457229,0.6759177646391792,0.7857983526671088,0.7062981039337597,0.05094010847093059,0.32425757180418285,-0.1068630954943949,-2.097818373421353,-0.329562375058211,0.02895107666197212,0.14596655481011425,-0.05911989111330461,-2.042061917198399,-0.40502354248350114,0.02034413039135551,0.13869363227256876,-0.040420589376845846,-1.9868428189990903,-0.2914379608820754,0.042471211272170815,0.03940256592929232,0.09031708447583926,0.6514556668078328,0.6477027932808144,1.2332372949525334,trueSA,2,5,-0.9999919296213946,-0.9999853142512335
-0.8165950452047219,0.908297522602361,-0.771762515445508,0.8858812577227541,-0.7908453986410194,0.8954226993205098,0.8969857841191692,0.926278166740731,0.914112787841219,0.7388285658467099,0.7090195877156512,0.5086652295084829,0.0586021802501941,0.3329645969799044,-0.11411276148598833,-1.947244300447514,-0.34271740155268055,0.030948302074682833,0.13297801485624872,-0.049554740145350246,-1.6012103030973177,-0.3726536314963017,0.026159904675403557,0.13295602451590283,-0.046671593971021934,-1.7840888393948993,-0.35103030600497204,0.0459351962342862,0.04610877366357525,0.08969974218891179,0.6905258069141497,0.6766047496667924,0.9504578875773118,trueSA,2,6,-0.9999919296213946,-0.9999853142512335
-0.7624730492562404,0.8812365246281203,-0.7723081036116997,0.8861540518058498,-0.3581958115514082,0.6790979057757042,0.8085159913802642,0.8273040927899872,0.8128861691992846,0.19165498666360675,0.6299200680570896,0.33838022699159803,0.04380920624205959,0.39942544613576186,-0.10081882923363242,-2.301316044773256,-0.2524096304053819,0.02233950604532698,0.1744993232816243,-0.04731589722113953,-2.1180368592365166,-0.27115232501375636,0.019687953216374267,0.09677796977916295,-0.015330013914081826,-0.7786494485029563,-0.1584039626896833,0.044544330603764386,0.03848874888653583,0.09733533545231442,0.7459353340083342,0.6383650465299955,1.2386867699835937,trueSA,2,7,-0.9999919296213946,-0.9999853142512335
-0.6878972002134597,0.8439486001067299,-0.7361167195732582,0.868058359786629,-0.39001745055653164,0.6950087252782657,0.7879708387042959,0.8564637888346809,0.8811046284429147,0.29762407078903086,0.5965192291365805,0.4231846564330194,0.03869107276226235,0.37163114862002794,-0.0825406575861073,-2.1333256406013636,-0.22210371195365142,0.021952882198795112,0.1265498277866626,-0.038986537216984016,-1.7759188458235247,-0.30807262166099053,0.020292787277462265,0.09412103578919487,-0.017062346305488283,-0.8408084149405243,-0.18128090242975256,0.04253996963218137,0.04241712162153591,0.09753126139226069,0.7180225605038881,0.6903109154853866,1.1652104336659619,trueSA,2,8,-0.9999919296213946,-0.9999853142512335
-0.7912057021686976,0.8956028510843487,-0.5584464372800689,0.7792232186400345,-0.5844350018683374,0.7922175009341687,0.8791091137336126,0.8537880641280196,0.8376386775236435,0.33175385536600416,0.5090207658859722,0.3099229311371745,0.04335363520362243,0.3320830844852452,-0.0947279952506139,-2.1850069735951196,-0.28525390083463514,0.022942521786748847,0.17644454190753964,-0.03531346898347016,-1.539214795640579,-0.20013919728939591,0.015838184673129984,0.07445041472694885,-0.02013327528636195,-1.2711857893991307,-0.2704252939382794,0.04426535666966201,0.041357312987385396,0.09214904461837783,0.6495834864647433,0.6179839348856135,1.1505219634507982,trueSA,2,9,-0.9999919296213946,-0.9999853142512335
-0.748546888106778,0.874273444053389,-0.5527492158648802,0.7763746079324401,-0.6239263993347358,0.811963199667368,0.7395827739443829,0.6628184911055298,0.7219020043251344,0.6760056156318713,0.698369188484346,0.6035035753615475,0.020974675384369538,0.2706275748363852,-0.05652862529876083,-2.6950894000908505,-0.20887976893314233,0.014855655331605669,0.18459224561809195,-0.028519056090430126,-1.919744060684777,-0.15449758463545646,0.010278549876323758,0.14437529167179383,-0.024034491727446587,-2.3383154254871212,-0.16647233365999933,0.040372666429159564,0.042291038417056115,0.09272910185430494,0.7867605692057935,0.7707546718534684,1.2596109400345872,trueSA,2,10,-0.9999919296213946,-0.9999853142512335
-0.8202303846372844,0.9101151923186421,-0.8472861472586386,0.9236430736293193,-0.5666497483557075,0.7833248741778537,0.8596506605649935,0.8648300273912058,0.9076807032862385,0.5860314428298882,0.7774138216363757,0.4636797667554296,0.04684931766083653,0.3155159948545836,-0.0994595206997753,-2.122966260038362,-0.31522814158950846,0.02487947233484383,0.14567876956269943,-0.050777258063430364,-2.040929862982526,-0.348556335393649,0.022542229741733907,0.10246306454927893,-0.027445938010555147,-1.21753430450328,-0.26786177176415804,0.04099881701826791,0.050212422059398826,0.08769507491342812,0.654870859504907,0.5760637771659624,1.257290394651023,trueSA,2,11,-0.9999919296213946,-0.9999853142512335
-0.8285232041527012,0.9142616020763507,-0.7550601755466861,0.877530087773343,-0.6167431631702877,0.8083715815851437,0.8474804298247208,0.8614094136617249,0.8457102107864848,0.6261742039834696,0.7066910294915492,0.43907917054041257,0.041943437630955635,0.3788793754799822,-0.10484580787666604,-2.49969515610915,-0.2767260892568841,0.026931841418965163,0.160763436661848,-0.049656666848268485,-1.843790258370551,-0.3088803516480989,0.02132537408959888,0.13335329811182867,-0.03370044864099293,-1.5802981227621138,-0.25271552423646915,0.04264340647980849,0.048626611994021345,0.09268425408447824,0.7332735010878115,0.6214076080081303,1.1218198372843966,trueSA,2,12,-0.9999919296213946,-0.9999853142512335
-0.8265146969601406,0.9132573484800703,-0.7523603422920135,0.8761801711460068,-0.7860851375694379,0.8930425687847189,0.856288105843697,0.8770430526355459,0.8817123583195864,0.706264842419679,0.6731081055034406,0.7775095279603184,0.04774177877455702,0.339331360889734,-0.10500935819831088,-2.19952756042415,-0.3094596323869805,0.03408226613053773,0.20316611596155282,-0.062321585232932734,-1.8285634234013728,-0.3067518662645816,0.01756713578430008,0.15676026282003364,-0.041106845548135956,-2.3399856443799756,-0.262227459999401,0.04685166746278328,0.03927683234145071,0.09064495106081462,0.5908405701496409,0.6566519896631382,1.1009999079050596,trueSA,2,13,-0.9999919296213946,-0.9999853142512335
-0.8193705731681157,0.9096852865840577,-0.7931593169294976,0.8965796584647489,-0.6305127430883746,0.8152563715441873,0.8544671027350405,0.9253388509686582,0.8584999819471675,0.5420221602297434,0.7335766999927822,0.478739636030115,0.0513885681245841,0.3763306014795854,-0.11373357366673126,-2.2132076805681913,-0.3022171814345555,0.03169514588477828,0.12179947374842377,-0.049380098892322345,-1.5579703930637951,-0.40542128280715484,0.021096924283071465,0.13004023571693124,-0.03309598145775604,-1.5687586026135962,-0.25450570183368976,0.040508039538489145,0.0417014229382327,0.10017937929736605,0.7523857494712678,0.6414959792945094,1.2021161236691527,trueSA,2,14,-0.9999919296213946,-0.9999853142512335
-0.7875760459538683,0.8937880229769342,-0.8275299095161728,0.9137649547580864,-0.7147963331563736,0.8573981665781868,0.892766773409612,0.8905510540736612,0.9076870892940063,0.6878359477035814,0.7558901989090386,0.6231337094136609,0.06359125476469032,0.2968224109080058,-0.10709689861503022,-1.6841450764153947,-0.36081136288668836,0.03440834338302727,0.2481534333732484,-0.07656673168259712,-2.2252373742690987,-0.30854592919306034,0.023768193759844968,0.15926071762924743,-0.04407233362372939,-1.854256746180988,-0.2767307235568787,0.047652425553675895,0.03919367407231888,0.08742820376626212,0.6400170206197796,0.6052578280118759,1.0950867550667844,trueSA,2,15,-0.9999919296213946,-0.9999853142512335
-0.7850006812149377,0.8925003406074686,-0.786731023701579,0.8933655118507895,-0.44367027494850436,0.7218351374742522,0.843154590069048,0.816615693338723,0.81726077783451,0.6586632402646079,0.7179874931011468,0.41311302877112466,0.025910312427361623,0.3684354702484458,-0.0768780667731713,-2.967083742764409,-0.20866087274748651,0.02358040062846431,0.172079477236231,-0.04976411666440123,-2.110401661468385,-0.2891926304267241,0.014702281429325737,0.08676498648564984,-0.01567232780242892,-1.0659793092498075,-0.1806296345706339,0.045983786628367766,0.041630436036863165,0.08122354091565026,0.6961114569724892,0.5581100989326991,1.26954577767233,trueSA,2,16,-0.9999919296213946,-0.9999853142512335
-0.7975266919592252,0.8987633459796126,-0.7739259831838013,0.8869629915919006,-0.6678170664877286,0.8339085332438643,0.8380864377271989,0.854060302866618,0.8723948504579995,0.703777132615919,0.7120317301454762,0.5002527156020329,0.05034507692140535,0.46647409920325356,-0.1224765212463841,-2.4327407710109274,-0.26255803152967394,0.02719194242695551,0.12865838538559687,-0.045766404663583324,-1.6830869948523743,-0.35572034054693497,0.019592431300330036,0.1380745482777786,-0.034836792617562166,-1.7780739962056338,-0.2523042302298716,0.043495189951047245,0.0502522666592061,0.09524686864278872,0.7184384603391631,0.7223845315269555,1.1802570405420358,trueSA,2,17,-0.9999919296213946,-0.9999853142512335
-0.746725659422795,0.8733628297113976,-0.6165330881987352,0.8082665440993677,-0.6755503427635668,0.8377751713817834,0.8051260104060212,0.8788970789097535,0.8669001573947768,0.4727208114137098,0.5743105480856783,0.4066064743548865,0.041034653535563674,0.40316862672854387,-0.09716135445059182,-2.3677878592635024,-0.2409943334107969,0.030857834860365137,0.11895351472484203,-0.037433867727791725,-1.2131073971062394,-0.3146932464701197,0.01965889318111347,0.15263184293447643,-0.03688175600371115,-1.8760850707070267,-0.24163867312762632,0.048477569850194156,0.049524500830979916,0.0946736295212651,0.6618132167972363,0.6201621013639861,1.1233242428563,trueSA,2,18,-0.9999919296213946,-0.9999853142512335
-0.79122673756104,0.8956133687805201,-0.7304988748916592,0.8652494374458296,-0.6727658545630854,0.8363829272815427,0.8252588430784332,0.8565921550080376,0.8767364926024679,0.6375587196281813,0.7386746141751405,0.39588668320580345,0.04605831139185447,0.29026323682789124,-0.09200584398727757,-1.9975948142021775,-0.3169738096796307,0.033854129352178554,0.1530498994154444,-0.05282828921628532,-1.5604681091255344,-0.3451703622025012,0.025669137678064807,0.09305114037330547,-0.03235907085387983,-1.2606216562363064,-0.3477557687531899,0.04483335017384597,0.039026468017544384,0.08596612074282788,0.6723563906742848,0.7040796175122594,1.3436338811259474,trueSA,2,19,-0.9999919296213946,-0.9999853142512335
-0.8579414813583671,0.9289707406791836,-0.7638075626080443,0.8819037813040222,-0.5701813705820096,0.7850906852910047,0.8683127069885475,0.8573011056928701,0.8698940860017391,0.6026121640277109,0.7335268234351104,0.46030349877342985,0.04763244428298115,0.3085073061843616,-0.10408961338549444,-2.185267100027558,-0.3373975633604323,0.034931964680446605,0.1655886617613019,-0.05813634025490962,-1.6642734179635712,-0.35108889483456224,0.023423201602622484,0.13213187171409438,-0.03197089913948281,-1.3649243891536722,-0.24196205445920815,0.04604434557170866,0.043405089490368885,0.08963686331746916,0.758131806422557,0.6330423865261886,1.0932963318043312,trueSA,2,20,-0.9999919296213946,-0.9999853142512335
-0.7613318088968786,0.8806659044484393,-0.678582398999988,0.839291199499994,-0.5841794473033692,0.7920897236516845,0.885409363680508,0.8069696717942035,0.8761936938854735,0.541866366198488,0.7060730915269838,0.37425209863111353,0.044946590954875826,0.29827758378420477,-0.08831473585172793,-1.9648817402056498,-0.2960823764605157,0.025355406555847636,0.21835953507940375,-0.05040412821824373,-1.9879045562619537,-0.23083090097217365,0.01979012252441396,0.14286965336828295,-0.03190224672231665,-1.61202876247788,-0.22329617221146664,0.049582068924116283,0.0483294538730927,0.08664299137038763,0.7107652712551142,0.7946294779910725,1.4439427827185158,trueSA,2,21,-0.9999919296213946,-0.9999853142512335
-0.8137019355536489,0.9068509677768244,-0.8514642183908987,0.9257321091954493,-0.5821499923705712,0.7910749961852855,0.8812759572816176,0.9171290816754196,0.8983238984524072,0.6596703194040018,0.7457756243342988,0.5668925080548283,0.04011214800675887,0.3372286771942952,-0.09561682755978365,-2.383737404032122,-0.2835370596454161,0.026856437272335776,0.14167225927444735,-0.05272932444674472,-1.9633774916623075,-0.37219230297300143,0.017230471225394985,0.0945240923985033,-0.023508881340602524,-1.3643783175212387,-0.24870782404862068,0.0457877401908606,0.046895116284357836,0.09544934353148969,0.5897000353034146,0.6522729353521315,1.2280306637487253,trueSA,2,22,-0.9999919296213946,-0.9999853142512335
-0.7721231341271393,0.8860615670635695,-0.8187224129343336,0.9093612064671668,-0.47678699859311463,0.7383934992965573,0.8110299184298697,0.8772443850256199,0.8436935347264609,0.32944574462556503,0.6892856930373035,0.378053841320415,0.0503786609279693,0.27640364221138775,-0.09097137491692024,-1.805752142697676,-0.32912509469519663,0.029908494705568067,0.12781783310071926,-0.05005409054517636,-1.6735743820586793,-0.391604906224112,0.01805453714646627,0.1285206529368377,-0.022955499396144514,-1.2714532203135147,-0.17861331133624211,0.04664321043736094,0.045063030866221196,0.08952758755994612,0.6111994612987792,0.6783918973665628,1.1308832924171641,trueSA,2,23,-0.9999919296213946,-0.9999853142512335
-0.8472401938196523,0.923620096909826,-0.8040847179281183,0.9020423589640592,-0.5964653588120967,0.7982326794060485,0.8438591413863713,0.8763569234730415,0.9004392666902079,0.5727889631354576,0.7776135585530495,0.5135383279775269,0.05504058554952797,0.382252595526563,-0.12280024641266889,-2.2310853924722105,-0.3212541859748743,0.033666628237796266,0.13493193463015996,-0.05421766247842202,-1.6104274563959415,-0.40181490487799837,0.02284114670588623,0.1114904679127821,-0.030046419598732343,-1.3154514519618794,-0.2694976544742584,0.05573713198156126,0.047310310095136116,0.09561184917821786,0.5813037482814409,0.5973937660981579,1.2263798144911175,trueSA,2,24,-0.9999919296213946,-0.9999853142512335
-0.7564972023734304,0.8782486011867152,-0.5622147763771099,0.781107388188555,-0.6250072827140699,0.812503641357035,0.7916422448543944,0.7004842681970121,0.8320815080330948,0.5970125355937179,0.5753512516754167,0.4333959012151374,0.029903803546331053,0.32156566487469856,-0.07486067339233281,-2.5033829986325467,-0.23280058031538614,0.01653180319491869,0.12400628999674843,-0.02549603477927155,-1.5422416102260494,-0.20560275434367148,0.014904879141752448,0.09621730852761325,-0.024330374896214976,-1.632376530183278,-0.25286900318181776,0.04509858803918559,0.04422689907094253,0.09292902694398955,0.6831118675326708,0.8066433924510583,1.3125827653157727,trueSA,2,25,-0.9999919296213946,-0.9999853142512335
-0.786948581886454,0.8934742909432271,-0.7095582742501587,0.8547791371250792,-0.7021828648321669,0.8510914324160834,0.8523559767954467,0.8481468061221843,0.8807307625838996,0.6989545908349032,0.6675379853698391,0.5085282626878731,0.044737803237091985,0.3197476875617841,-0.09396834809341058,-2.1004238316176798,-0.2938828074409554,0.02195914886939547,0.12661872491873902,-0.03775738729872264,-1.719437648667031,-0.298197500590489,0.01972323064461399,0.09849567432162214,-0.030394565283127097,-1.54105409153278,-0.30858781862722645,0.04148796286513452,0.04667948687013146,0.10277453013916801,0.684640891390262,0.6365920132554889,1.3243675109635464,trueSA,2,26,-0.9999919296213946,-0.9999853142512335
-0.7432221855378855,0.8716110927689428,-0.7072101616411343,0.8536050808205672,-0.5056067873131651,0.7528033936565828,0.8488850916591425,0.8802571653108017,0.8541127589912344,0.3475601749346807,0.6242456116205819,0.2724916610149993,0.04028385346298113,0.3003649507961221,-0.0816349481419951,-2.026493026964602,-0.27178586557992324,0.027329410537522924,0.16778870329904946,-0.04829859036172474,-1.767275232497657,-0.2878536481424632,0.020958458728658765,0.1130187403277386,-0.02532031317267926,-1.2081190463712896,-0.22403641289271034,0.04363959495617901,0.043403559922739914,0.0858436708885706,0.7041203958484166,0.6515895158452698,1.233703777395048,trueSA,2,27,-0.9999919296213946,-0.9999853142512335
-0.8467368231282665,0.9233684115641333,-0.7467584482985242,0.8733792241492622,-0.6321945103864173,0.8160972551932087,0.8465200967299383,0.8599463114495197,0.9018044313996985,0.6788499860101745,0.6647455178708903,0.5560466803332252,0.06512469568973193,0.3343605528629011,-0.12446941768314847,-1.9112475899487893,-0.37226107152115234,0.04091674955012098,0.22131782182156792,-0.07147568653140769,-1.7468564174154044,-0.32295495203740626,0.028263321575293765,0.081865861671559,-0.03038474349653605,-1.075059186358928,-0.37115279649089683,0.03943820456158513,0.0432889967433692,0.08052860396795951,0.5980772658625338,0.7182560791537461,1.165056576169595,trueSA,2,28,-0.9999919296213946,-0.9999853142512335
-0.719871458763273,0.8599357293816364,-0.5960733643029137,0.7980366821514568,-0.4047195462611595,0.7023597731305797,0.8565017397521402,0.8141678281466929,0.8586619996824462,0.37305773888845,0.5359436827211487,0.25632989132830536,0.025199105563177206,0.4268007361539003,-0.07465421833446502,-2.962574133724622,-0.17491586122181715,0.018050624985892327,0.20267881739434454,-0.0359304709050517,-1.9905388834532638,-0.17727787919318247,0.016054877433380157,0.08466673696752718,-0.014931466575925737,-0.9300268181980197,-0.1763557580074511,0.0463471465379992,0.04542040822407863,0.09583398777915496,0.5990840644705892,0.7019750744300867,1.4547442950921867,trueSA,2,29,-0.9999919296213946,-0.9999853142512335
-0.7082977571213754,0.8541488785606876,-0.5669059220326625,0.7834529610163313,-0.46015084189364497,0.7300754209468224,0.7658296769847545,0.8574333796570061,0.8001398572403375,0.44628922632867435,0.5783450442900034,0.5395152148596711,0.04092564312509339,0.46181626680643784,-0.09763899765815541,-2.385765749843243,-0.21142390313219322,0.02208654058573679,0.10769842239511103,-0.02779586619084989,-1.2584979563888838,-0.25808981759153127,0.01340946912784267,0.07172763079330897,-0.014556329516220776,-1.0855261589734995,-0.20293894215140654,0.050010288035638964,0.03943151499588618,0.10039081462510352,0.6300065872000237,0.524699191690943,1.3942527721858646,trueSA,2,30,-0.9999919296213946,-0.9999853142512335
-0.788313623043746,0.8941568115218729,-0.8027025143382656,0.9013512571691327,-0.3909447289402653,0.6954723644701326,0.8526442604006016,0.9200231917467883,0.8946828646396328,0.41519295383714283,0.7308940782136739,0.46021340756342544,0.0519390350069858,0.3565624493792092,-0.1059874850332,-2.0406132886170236,-0.29724802827030394,0.0255245100526706,0.17193871399074964,-0.05316105625301563,-2.0827454138518693,-0.30918607577741747,0.02002547185746618,0.09307861090594272,-0.016960348968775026,-0.8469387932275677,-0.18221532104635407,0.04865531067561916,0.04047330800247302,0.09415691914665979,0.641548284804154,0.6842290258945921,1.153385192449612,trueSA,2,31,-0.9999919296213946,-0.9999853142512335
-0.7811547674054,0.8905773837027,-0.7929173206765049,0.8964586603382525,-0.5741694952330377,0.7870847476165188,0.8266585256472598,0.8664743653661129,0.861604090330516,0.5592314801745263,0.6943088648349082,0.531425779508064,0.04762717785803362,0.3389538388804996,-0.09902920788386958,-2.0792583633457005,-0.2921613403493063,0.030562248114343434,0.21761861407797056,-0.06485254564120807,-2.1219821722071406,-0.29801010320731136,0.01950904859626362,0.08740245182869714,-0.024466059798790105,-1.254087798185907,-0.27992418160925187,0.050127678827978465,0.04783450434640189,0.09093533837778711,0.6102581569783392,0.6159142466365342,1.1552697031382377,trueSA,2,32,-0.9999919296213946,-0.9999853142512335
-0.7743560479322658,0.8871780239661329,-0.8418493082821545,0.9209246541410772,-0.42803262609935916,0.7140163130496795,0.8206226634403513,0.8510588596099057,0.8547994157709897,0.458877284469409,0.7005178978959887,0.41404402642087995,0.034900978785821636,0.4430122755012018,-0.09609049977004401,-2.753232233391699,-0.2169025670029844,0.025089603368012258,0.17028556353969124,-0.05501800416278907,-2.1928606584882777,-0.3230925923439489,0.01796704070553257,0.11371007967000478,-0.01956151525332137,-1.088744416730676,-0.17202973834940896,0.043026869999471244,0.046183771893816665,0.08522334085958456,0.6826719979513275,0.6557333794363575,1.118815076284919,trueSA,2,33,-0.9999919296213946,-0.9999853142512335
-0.8477004753507051,0.9238502376753525,-0.8589076866009874,0.9294538433004939,-0.5409204938447281,0.7704602469223639,0.8126518892321687,0.8918327037765864,0.869777186697799,0.3494719449599792,0.8002497241759037,0.439919766961932,0.04773779766014377,0.4779052221710726,-0.12825996812429688,-2.686759222480449,-0.2683795074295809,0.02416859320618728,0.14515667641561988,-0.05087884134387701,-2.105163544680448,-0.3505098256603655,0.0201900659179283,0.07955846276124011,-0.021605208300899945,-1.0700910234134022,-0.2715639235732661,0.042680215641019675,0.03558098020207933,0.09546181898153634,0.6732661962937048,0.6721047148384872,1.1750015628008244,trueSA,2,34,-0.9999919296213946,-0.9999853142512335
-0.8034670118426426,0.9017335059213212,-0.7150016787744651,0.8575008393872328,-0.549236310685939,0.7746181553429695,0.8262872425059901,0.8533710775007668,0.888784220758049,0.4726972293761155,0.7169699917837867,0.44885261834811707,0.049407081664285604,0.33927396810805066,-0.10413398526572129,-2.1076732678383547,-0.30693184580715344,0.03494461553595873,0.1616948092332903,-0.053817344353124054,-1.5400754458936572,-0.3328328510253992,0.021524161991488523,0.14079260549649417,-0.03027792966326935,-1.4066949354517218,-0.2150534082134256,0.045884040488053814,0.03934949651191384,0.08128675248534802,0.5816303122655199,0.6306530316391722,1.1651596440245156,trueSA,2,35,-0.9999919296213946,-0.9999853142512335
-0.5370429819436887,0.7685214909718444,-0.49820395498317926,0.7491019774915896,-0.4224592666902304,0.7112296333451152,0.7228058107764073,0.6939867195795325,0.7365349331970563,0.5615107907968903,0.7166938787081748,0.3810090525653436,0.021041341929435582,0.47112973760824434,-0.05327964384116476,-2.5321409641953356,-0.11308911237835735,0.01028975307038635,0.13941374556271857,-0.019235286304456783,-1.8693632561324969,-0.13797266709116093,0.009068425351582336,0.08439515570033358,-0.011312209555557475,-1.2474282046754264,-0.13403861230761094,0.038026098326359475,0.04490759239699063,0.12003416069371696,0.7956393610336765,0.7485474556682512,1.4409471843878963,trueSA,2,36,-0.9999919296213946,-0.9999853142512335
-0.7448329495154766,0.8724164747577383,-0.7726953914690218,0.886347695734511,-0.5354330588740004,0.7677165294370002,0.8247463521009609,0.8841741709602386,0.9101734446241643,0.4090015298716879,0.6735883725034114,0.48153005786839403,0.05070090865874608,0.2663376762977945,-0.08578276321723943,-1.6919373929690236,-0.3220827199878585,0.03425125799864428,0.18342912445948578,-0.06009936713747473,-1.7546615992864718,-0.32764353705863625,0.027383900104034933,0.08238560447320042,-0.025493917877715457,-0.9309819923699988,-0.30944626844376055,0.042730290236775624,0.05020682665707546,0.09904603974937497,0.5940578741876529,0.6301119535193401,1.3189614885162855,trueSA,2,37,-0.9999919296213946,-0.9999853142512335
-0.8384083984664874,0.9192041992332438,-0.8606230811776578,0.9303115405888289,-0.5432027610878921,0.7716013805439462,0.9304650940451147,0.9178039137546382,0.9237682924205496,0.5306003187941812,0.7484503968667832,0.6217392633701391,0.0570674586579482,0.26350857019488855,-0.10186268991244352,-1.7849522706625094,-0.38656310053637644,0.03824303392493455,0.25376992773778184,-0.08504686816249918,-2.2238525408165493,-0.3351337525318498,0.032346442633633836,0.12963505931429992,-0.03605403890443729,-1.1146214535179921,-0.27811950791046697,0.043801657412903004,0.045431000065673174,0.09075145202141592,0.5639531030643755,0.6222391223939376,1.36799761337914,trueSA,2,38,-0.9999919296213946,-0.9999853142512335
-0.7917766039875866,0.8958883019937932,-0.6639608801460049,0.8319804400730023,-0.7718848813149736,0.8859424406574866,0.816788458074134,0.783768093189952,0.8493364988840485,0.6559107180791233,0.551247486540995,0.5335886161024397,0.026262300428470983,0.5504585135471621,-0.0955485992223738,-3.6382418014984506,-0.17358001896756456,0.014121005279141272,0.12036402600884225,-0.02764519358916748,-1.9577355183064307,-0.22967986786298253,0.012199013641333642,0.10163347938711557,-0.026920992041272084,-2.2068171110208694,-0.264883109420388,0.04532856304789792,0.04092583802017967,0.08658137492425418,0.7124559135706712,0.7226396789311823,1.2598355112072128,trueSA,2,39,-0.9999919296213946,-0.9999853142512335
-0.8161386425507624,0.9080693212753812,-0.6318664362411376,0.8159332181205687,-0.8585037018785485,0.9292518509392741,0.8729841677349841,0.8388585199515668,0.8839636049264294,0.7900893912592254,0.6626964293926159,0.6811652982648784,0.050101825857618666,0.36573700092031786,-0.11026176163881754,-2.2007533608089203,-0.3014782790949827,0.030527359644367275,0.13142873329314136,-0.04006867183879588,-1.3125495393503221,-0.3048699537370256,0.01948377027703686,0.11180886532778994,-0.04000298606623407,-2.0531440012604083,-0.3577800914887863,0.04829013967928912,0.04484817982087772,0.09743784030854087,0.510216527824023,0.5878421304522423,1.116669064316054,trueSA,3,0,-0.9997388202131418,-0.9996867298525276
-0.8117978496138076,0.9058989248069039,-0.7249244743656529,0.8624622371828263,-0.5639266926241939,0.781963346312097,0.8402896342434584,0.8572858024671309,0.8605290233583869,0.5639293890744987,0.6490605455473063,0.5964860544439482,0.048443394234317656,0.35566103030477547,-0.1063951531036434,-2.196277836953718,-0.2991476266389673,0.031183614889449214,0.16771008786057842,-0.05202298084450307,-1.6682793521191388,-0.31019589523887836,0.01889192534425359,0.11819522094226036,-0.02661423933564001,-1.4087626777402726,-0.22517187347736634,0.0416838894813531,0.05155401339292759,0.09975975966137751,0.5871391904079656,0.6374152824248588,1.2055684218870677,trueSA,3,1,-0.9997388202131418,-0.9996867298525276
-0.8200618039978501,0.9100309019989252,-0.7571874802820375,0.8785937401410187,-0.5532265688661133,0.7766132844330565,0.8618311736630707,0.8691503464978398,0.8411875624451807,0.5132602151665474,0.5813237542059204,0.5206193096156884,0.051072614883281194,0.3506037476907254,-0.10961774116581487,-2.1463115099222896,-0.31265421972189206,0.03192263934874735,0.16966072552959446,-0.05564793341794371,-1.743212170209458,-0.3279953757373085,0.02475097687594032,0.11281983774844068,-0.028619308274710892,-1.156290049405317,-0.25367265939988864,0.04721001312278445,0.03763991380762858,0.09936133494591481,0.6567869498114113,0.5620288302887729,1.2483991713842382,trueSA,3,2,-0.9997388202131418,-0.9996867298525276
-0.7154206094728117,0.8577103047364057,-0.6066248020398035,0.8033124010199018,-0.5527798573467585,0.7763899286733793,0.9003032284803955,0.8710842603709988,0.9083707525518442,0.5548066330806263,0.41803389249258066,0.19513219958224132,0.0442719319904384,0.3113473385336402,-0.08379628002855627,-1.8927631178746416,-0.2691408265226019,0.02527851553981496,0.13385613554895695,-0.035500536774385485,-1.404375851045142,-0.26521411684861773,0.01995973485603038,0.09725487964139926,-0.02400369723243273,-1.2026060168419803,-0.2468122660882394,0.04651259923174156,0.04288225000626177,0.08113491233176189,0.5940469079610086,0.594835070495622,1.2343724945556527,trueSA,3,3,-0.9997388202131418,-0.9996867298525276
-0.7745578018701442,0.8872789009350721,-0.72788959759771,0.8639447987988549,-0.5880386822983398,0.7940193411491698,0.8186334923787231,0.8787290059904341,0.8641552332913522,0.5536070492072063,0.5853308084781977,0.5497172689794373,0.05219850591589438,0.30279323124060087,-0.09798962904061283,-1.8772496898378677,-0.3236189548859163,0.028286297197767506,0.15110957467630717,-0.04747504097729147,-1.6783759516264447,-0.31417625970417873,0.02373509527054276,0.12752396639329255,-0.032022764401641764,-1.3491736197656934,-0.25111173458078767,0.04483452799153061,0.0447568590367822,0.09042697318325434,0.5952466053182089,0.5754253432128721,1.1802900141681107,trueSA,3,4,-0.9997388202131418,-0.9996867298525276
-0.7545666814215226,0.8772833407107613,-0.780613753167978,0.8903068765839889,-0.6526720208545306,0.8263360104272651,0.82423016977637,0.8384736007414253,0.9234326626022757,0.6029185866605754,0.7317461462361062,0.6974820073075476,0.057780489167537474,0.27658195388708195,-0.09565501421628805,-1.6554898650811256,-0.34584691037123994,0.03283663599097239,0.19232103193957775,-0.06200793806946004,-1.8883766926218497,-0.3224189130232065,0.026984946303022644,0.13025447652294775,-0.038339643344780856,-1.4207789377919329,-0.2943441512969907,0.055338754139269246,0.04767750054579852,0.09780219443153647,0.6198393342646809,0.6810105830760433,1.1187074774450765,trueSA,3,5,-0.9997388202131418,-0.9996867298525276
-0.8261134530961105,0.9130567265480551,-0.7734583954398159,0.886729197719908,-0.5003569140621247,0.7501784570310621,0.8436640798312834,0.8882257182934681,0.8603471700959332,0.430773900642459,0.7193621369749048,0.36813011360741943,0.04956018785223068,0.3604590909972181,-0.11058671009951766,-2.2313618025267474,-0.3067940658496837,0.035525615455110106,0.14306079462030646,-0.05517015934175917,-1.5529684323547261,-0.38564135959250545,0.020326717523223247,0.08142878539152598,-0.020187624752048088,-0.9931571454655064,-0.24791754727743914,0.04849215324278338,0.042912091386717484,0.0977758174201058,0.5457113938235358,0.6421692868405423,1.108045032457952,trueSA,3,6,-0.9997388202131418,-0.9996867298525276
-0.6153905425163335,0.8076952712581668,-0.7797076859392553,0.8898538429696277,-0.6579577233565979,0.8289788616782989,0.8445699851819857,0.8348261287232529,0.8639274764054335,0.4734521003526808,0.5550480813341638,0.5417249787943657,0.046865031466118395,0.21685156560787286,-0.06199999397381879,-1.3229478789242335,-0.28590982868867915,0.030573092963799463,0.1470189696524249,-0.052321618184135776,-1.7113616291975426,-0.3558834503318314,0.02229266337632135,0.09587398170817697,-0.030719503924671304,-1.3780095902448655,-0.3204154388640696,0.04701442647884886,0.04144553595672131,0.09429098012770824,0.5689880921502809,0.6373025704377806,1.207860999381743,trueSA,3,7,-0.9997388202131418,-0.9996867298525276
-0.7686690525279075,0.8843345262639538,-0.7269805611575368,0.8634902805787684,-0.6410380636431056,0.8205190318215527,0.888861037272998,0.8033927084855559,0.8748563100601281,0.671919403914676,0.7002499027163982,0.5629468332491179,0.04423852838757467,0.4170102735825962,-0.10481660257941111,-2.369351024995919,-0.25135256663802635,0.025022224422792113,0.1431128713493994,-0.04336643517165753,-1.7331167061292976,-0.30302260560324873,0.018298644342972303,0.08799927992770873,-0.025772160999416874,-1.4084191438648743,-0.29286786233465395,0.04164135874748857,0.04358433927209047,0.08728569519419646,0.5847348251454161,0.7070264855847008,1.1437862511056789,trueSA,3,8,-0.9997388202131418,-0.9996867298525276
-0.8772433560305186,0.9386216780152594,-0.8401232514501414,0.9200616257250706,-0.6307927580819868,0.8153963790409934,0.8612310711140131,0.9086292534228241,0.9056742201030943,0.5377731860201499,0.8039421579031214,0.5325818760294709,0.054407158299434336,0.3739421487517327,-0.12618210135797092,-2.319218744407072,-0.3374374934175864,0.03306812898641657,0.25011465589840415,-0.07621989664094334,-2.304935264775708,-0.3047398256897974,0.021893248491297767,0.12121907783757611,-0.03241631107995954,-1.4806533207186925,-0.267419218643082,0.05155688487275558,0.04660260329957707,0.0882271699360979,0.613962184054829,0.6205827032971029,1.0780383611705493,trueSA,3,9,-0.9997388202131418,-0.9996867298525276
-0.7555223092454577,0.8777611546227287,-0.6559681674717573,0.8279840837358786,-0.5484746028154625,0.7742373014077313,0.9077649589623144,0.9062838674786378,0.9203458850716524,0.47596209048056154,0.4856849630264003,0.2704944404565786,0.060287491962858326,0.2665341360552517,-0.09601361505785956,-1.5925959420738756,-0.3602300871433452,0.04374176112199632,0.15828446626630646,-0.05443718520597441,-1.2445128821893663,-0.34391994672671355,0.032770182728576694,0.12229109908309176,-0.03470596320025739,-1.0590713969376995,-0.28379794981379736,0.05059504088226216,0.0397568145530373,0.09506531822788541,0.5523289611326567,0.5403168412342907,1.1736811955401478,trueSA,3,10,-0.9997388202131418,-0.9996867298525276
-0.8782634931700882,0.9391317465850443,-0.850676027421154,0.925338013710577,-0.533380625208474,0.766690312604237,0.934211864726343,0.927359633717138,0.9403712312314282,0.5041814936738354,0.8278834533630627,0.5366792627192776,0.06832781249718957,0.3035651521985652,-0.12711496766096514,-1.860369343247943,-0.41874031567963993,0.038866944282102224,0.1592580949029534,-0.06703806455710079,-1.7248092381672269,-0.42093976195025795,0.03148306055965219,0.09439481501202258,-0.029370429291370077,-0.9328962549787931,-0.3111445187707536,0.04503434505003915,0.04783130131765488,0.10296190871833365,0.6617249833595376,0.6660625646631367,1.1333470700039168,trueSA,3,11,-0.9997388202131418,-0.9996867298525276
-0.8434119372982033,0.9217059686491015,-0.7900584447614544,0.8950292223807271,-0.5371971986907074,0.7685985993453539,0.8201597141389284,0.8899760243476638,0.8856049245383542,0.6524036030968814,0.7115657634291348,0.6057562233377047,0.060639215792633254,0.45947469556698506,-0.1398275940821658,-2.305893838738474,-0.30432055438792033,0.03274704273740613,0.16923303000431464,-0.05894431562555042,-1.7999889668882922,-0.3483026665896582,0.025002564283207362,0.10819422324898739,-0.02895011055309032,-1.1578856562538378,-0.26757538141816894,0.04789102253218245,0.039947070124921574,0.0959649144760843,0.5675721521901228,0.6560096577511159,1.383806122769924,trueSA,3,12,-0.9997388202131418,-0.9996867298525276
-0.8162061780120986,0.9081030890060492,-0.745764055602502,0.872882027801251,-0.6447198831715816,0.8223599415857908,0.8128893066626679,0.8593598774544728,0.8506566881543735,0.6732442363125839,0.7720006681160937,0.5171665207438046,0.03670467475728803,0.3354840332261556,-0.0903274273276388,-2.4609243352497905,-0.269245085851068,0.025499230216793515,0.14114758890107093,-0.044701167945515305,-1.7530398982819333,-0.31669806259918437,0.020525089473328664,0.16183018060174661,-0.03717807218268012,-1.811347630469099,-0.22973509665772976,0.04602376147900141,0.04636647312872829,0.10004830729665547,0.7161296720236755,0.7565793066385123,1.4134819931756435,trueSA,3,13,-0.9997388202131418,-0.9996867298525276
-0.8097565641781542,0.9048782820890768,-0.7034859615021711,0.8517429807510853,-0.6326472558364206,0.8163236279182102,0.8934405519915503,0.8994313457381711,0.8940623156347739,0.6390369677341752,0.7069441213227853,0.48061378838114444,0.06902175091996547,0.32527653028610504,-0.12172166213344689,-1.7635261422821606,-0.37420979013267136,0.03826318727590549,0.1507291892417605,-0.053560372797270786,-1.399788585594332,-0.355341742808443,0.03048404976475557,0.0966903963984017,-0.03441184807527999,-1.1288476544565147,-0.3558972696056588,0.04894383823188248,0.042920894019358884,0.09531918352427741,0.6721973442045159,0.6765873718744917,0.9998459764767674,trueSA,3,14,-0.9997388202131418,-0.9996867298525276
-0.8491339628708173,0.9245669814354087,-0.8114089971862787,0.9057044985931393,-0.6323261603380329,0.8161630801690164,0.8849740013588879,0.9011847945906191,0.8770619022854746,0.5275958524319532,0.7526748290835051,0.6218936098755169,0.05191832028180754,0.45832194076635596,-0.13115140152512833,-2.5261102596010696,-0.2861556252485562,0.026712905632440914,0.09778892036932672,-0.04094685794698439,-1.5328492718237794,-0.4187269661259919,0.02233141912694727,0.1007753067081298,-0.030117833213160878,-1.3486752920604925,-0.2988612408830426,0.04639326615038227,0.04559312387084597,0.10374759086737773,0.5667706482333884,0.6499656475028041,1.1782068350633703,trueSA,3,15,-0.9997388202131418,-0.9996867298525276
-0.7974370681758988,0.8987185340879495,-0.7143417441515573,0.8571708720757786,-0.5419309116100351,0.7709654558050176,0.8859002462987067,0.9269874297336734,0.9188468298860202,0.35205001267191527,0.6327520027961164,0.427385209208632,0.07478681245176251,0.3655275396406306,-0.13203575126657105,-1.7654951045243987,-0.3612197083600933,0.03954180378423719,0.14669620589684593,-0.054528590099049264,-1.3790111952552442,-0.37171097756538274,0.030730230943469283,0.09025491041973982,-0.028071928701516535,-0.9134955332147388,-0.31102937857857393,0.05278431290279934,0.04194796285324235,0.08837553301635918,0.6667988507355048,0.531789501942683,1.063917301843674,trueSA,3,16,-0.9997388202131418,-0.9996867298525276
-0.7577429434009098,0.8788714717004548,-0.7654520439018876,0.8827260219509437,-0.5409930358754625,0.7704965179377312,0.8295260444668974,0.9256125522067369,0.8412197721042678,0.5671143532159079,0.6111356802551707,0.45226006232398575,0.052629449674691894,0.38586062854489267,-0.10816858297534175,-2.0552862255627415,-0.2803307074454655,0.028009823405604522,0.14673827195630515,-0.04894824222091216,-1.7475384086540882,-0.33357515778492797,0.019792551948228432,0.13228141415703942,-0.027527383320102055,-1.3907950522047736,-0.20809713515326198,0.04990514141899717,0.04727789284230189,0.09543045091307989,0.6680737567921375,0.6684991629742418,1.1482788225210108,trueSA,3,17,-0.9997388202131418,-0.9996867298525276
-0.8095141114205443,0.9047570557102722,-0.8141981732525547,0.9070990866262773,-0.6473954487538699,0.8236977243769349,0.9147786965909569,0.9270599443325496,0.9020929224369633,0.6630559410155054,0.6893674720579017,0.48878983210353244,0.06417123209641505,0.3338114662543559,-0.11549006669342328,-1.79971714614897,-0.34597393549514194,0.03960691205393002,0.146058000179891,-0.06214246506863433,-1.5689803078820985,-0.42546430179858086,0.028202784202598877,0.09561106285994958,-0.033183357097103204,-1.1765986244026705,-0.3470660831969827,0.04346616134563311,0.04638212372640858,0.09910948963150171,0.5845312934744814,0.6433438009399389,1.1829692939609247,trueSA,3,18,-0.9997388202131418,-0.9996867298525276
-0.813048275155309,0.9065241375776543,-0.7870971996170846,0.8935485998085422,-0.7783340174610288,0.8891670087305145,0.8277763022073586,0.8567217966319007,0.8674654304763616,0.6865524015522233,0.7788586821748851,0.5868412574304438,0.050153604471402484,0.350193269941362,-0.10788655372325616,-2.151122633364725,-0.3080771761870843,0.02943196508195638,0.18739347852822394,-0.058405109431450324,-1.9844108019568247,-0.31167098177674174,0.01682336319249548,0.12686211153766552,-0.0357802102034619,-2.12681672469763,-0.2820401597433502,0.04519923538755284,0.04224606951424321,0.09387010026537232,0.6347469353440169,0.7164257939988126,1.0808620165491014,trueSA,3,19,-0.9997388202131418,-0.9996867298525276
-0.7958505685377654,0.8979252842688826,-0.8124986483775467,0.9062493241887734,-0.6422872534535019,0.821143626726751,0.8815026166012069,0.8767596320115578,0.9176197319801466,0.56070366231329,0.6770459866445517,0.5943716624336538,0.06779595223924932,0.38194522976012074,-0.12811700387182307,-1.8897441460767903,-0.3354329204537689,0.040134663684916784,0.15172556424727085,-0.06321157398901775,-1.5749870108609785,-0.4166178211471358,0.030233085286068957,0.14614463101999814,-0.04291526712953439,-1.4194802390647583,-0.2936492899534705,0.051306047903658905,0.045648997008697276,0.08897165473351687,0.570764405559445,0.6695303475769339,0.955232898448178,trueSA,3,20,-0.9997388202131418,-0.9996867298525276
-0.7859265562526437,0.8929632781263217,-0.7803981891421533,0.8901990945710765,-0.6896330290333882,0.844816514516694,0.9326660005403635,0.9023616857203489,0.8900404309732424,0.6475883770972638,0.6465398114987204,0.6039186325924474,0.07503814588549935,0.3157982442361604,-0.12067234729734251,-1.60814670822859,-0.3821184870397863,0.03773325110134816,0.10603666592710197,-0.04917100645237884,-1.3031213854409174,-0.4637170173398596,0.028759680917822668,0.11855737728189611,-0.040305949339807225,-1.4014741489996578,-0.3399699813194333,0.04818243289348774,0.04478238487981986,0.10394830960821572,0.6076232765416592,0.6717522981944837,1.247884369491582,trueSA,3,21,-0.9997388202131418,-0.9996867298525276
-0.8884156509653445,0.9442078254826721,-0.8509839573154222,0.9254919786577112,-0.7362544954106816,0.8681272477053408,0.9004484594029002,0.9205192192728856,0.9058835883468924,0.6934976400342114,0.8262032925562287,0.6364645095252839,0.07130592866615797,0.34688365303776125,-0.1395915230328434,-1.957642592194357,-0.4024159738010129,0.038587200445844363,0.18120924207609887,-0.07171208729685909,-1.858442345344649,-0.39574188642510616,0.03054721160295451,0.12696218186295774,-0.04630095191661894,-1.5157177852573862,-0.3646830200712518,0.04758806201485375,0.044802988721867325,0.0979022567388712,0.6009995675156874,0.6344544711242843,1.177900320687491,trueSA,3,22,-0.9997388202131418,-0.9996867298525276
-0.7663731954686418,0.883186597734321,-0.8012560248313109,0.9006280124156555,-0.6691875437190355,0.8345937718595177,0.9009880693441955,0.9285959601136555,0.9259180928795502,0.5651348389278953,0.6725926237853835,0.521099540587931,0.06607912926676036,0.3366755592644785,-0.11432077166739275,-1.7300586877572444,-0.33955767955697386,0.04154321687464964,0.16347314033000487,-0.06642758149527685,-1.5989994635155964,-0.4063516572886458,0.028235462096613317,0.10852284739924815,-0.03670959180356491,-1.3001236416091102,-0.3382660212417098,0.05084565122731551,0.043967778206495826,0.08537119613102877,0.580988106564294,0.7043043617317658,1.179931259217063,trueSA,3,23,-0.9997388202131418,-0.9996867298525276
-0.7921180986220439,0.896059049311022,-0.7821365519772012,0.8910682759886007,-0.6164064914981899,0.8082032457490949,0.8846956108080573,0.9046293445679159,0.9138403193379177,0.5368584347714008,0.7694829179159098,0.5482150468965428,0.07414986207461154,0.2821884810929615,-0.11485365998514714,-1.5489396307922783,-0.407010447557251,0.03898062176135263,0.19715479487617057,-0.06819136197912902,-1.7493656821743517,-0.34587726878242453,0.024637483025762335,0.14754241701157528,-0.0373015041280237,-1.5140144019183759,-0.25281884954546496,0.050287359979640636,0.038132371410068346,0.0883335371095617,0.5384153720784622,0.6783424485784273,0.9546652852055635,trueSA,3,24,-0.9997388202131418,-0.9996867298525276
-0.6802112048653914,0.8401056024326957,-0.7726752567733584,0.8863376283866791,-0.45906837087892566,0.7295341854394628,0.8718583036314794,0.8363613434044553,0.8721958894846409,0.4018621778292899,0.5408344781179678,0.46581230160053,0.05171222034480106,0.2966921730137303,-0.08362721389190994,-1.6171654076021025,-0.28186525125500983,0.029736431743635914,0.1552601401022533,-0.052643961770373546,-1.7703523483997108,-0.3390693949889687,0.022038959966938915,0.08708646260971857,-0.02004889495452586,-0.9097024081264092,-0.2302182722058166,0.04576250941539472,0.045570323692327656,0.09662172925942625,0.6062940247941898,0.6004084597574009,1.170634429206248,trueSA,3,25,-0.9997388202131418,-0.9996867298525276
-0.9047592233082669,0.9523796116541333,-0.825210575476876,0.9126052877384381,-0.6677451016559136,0.8338725508279567,0.9146281299102476,0.9282495309856593,0.9185493788692086,0.6009590319733434,0.7770435291199946,0.5554566552234893,0.06795708229990566,0.34442421841647086,-0.13854903381860353,-2.0387725477554217,-0.4022627516020747,0.045312989246940126,0.13322500207945417,-0.06404676900548995,-1.4134306756161505,-0.4807413624005278,0.030596383656101,0.12753689901203177,-0.04138550480779124,-1.352627332463811,-0.32449828346451287,0.05208546809961213,0.040069275079202014,0.09035397961724542,0.5174146767765931,0.6199902991087975,0.8765012170124911,trueSA,3,26,-0.9997388202131418,-0.9996867298525276
-0.8110545457555839,0.9055272728777919,-0.6493782113405081,0.824689105670254,-0.5071068867250274,0.7535534433625138,0.8198939295876388,0.8443441681641796,0.8566078899137128,0.39819454065878335,0.7676875496804931,0.18976427235888987,0.031276915426862596,0.30437951602475016,-0.07891629365869891,-2.523148225509495,-0.2592693972622059,0.023035381790222843,0.13188849289211846,-0.03565523346706576,-1.5478464299731858,-0.27034377818109473,0.020025312773167075,0.0602447344435956,-0.017638014353022053,-0.880785960889266,-0.29277271309969377,0.05436188933834453,0.04989833000661283,0.08622468690927823,0.6406279368359188,0.6020833536934859,1.3787805690366226,trueSA,3,27,-0.9997388202131418,-0.9996867298525276
-0.7167891723979021,0.8583945861989511,-0.7290751165536291,0.8645375582768146,-0.7244060813893497,0.8622030406946749,0.9072391695974467,0.848748880686992,0.9230939226985643,0.618085948658047,0.6701847237716022,0.6132364321181778,0.06894723443058479,0.21309620568628015,-0.0862245749053294,-1.2505878679171567,-0.4046274527866023,0.03989736942455544,0.13410302994038079,-0.05338350489566245,-1.338020668169836,-0.3980782903965374,0.03419784563246837,0.10051830749697908,-0.04209332452361749,-1.2308764995316823,-0.4187627664232462,0.051272560364540073,0.05182153437567729,0.09749301301876402,0.6131626463853549,0.5922997052055524,0.9558246193522684,trueSA,3,28,-0.9997388202131418,-0.9996867298525276
-0.8921940730353413,0.9460970365176706,-0.8212495535904913,0.9106247767952456,-0.6742700371642231,0.8371350185821115,0.9150331716027647,0.9333716794662343,0.8972013779793773,0.6746909548974028,0.8164202824443603,0.6806738948697458,0.055904054902863064,0.5056100027899246,-0.15024475962458606,-2.6875467242160895,-0.29715543362580804,0.03206200457873183,0.18878633159083497,-0.06383372203895941,-1.990946070829994,-0.33812682041679315,0.026258540593735683,0.10674848223355386,-0.03562489104697296,-1.3566972970109292,-0.33372737767858507,0.045861518638233116,0.04311054762227895,0.11097401211195808,0.7112607634255452,0.5168087217345475,1.0417041754089207,trueSA,3,29,-0.9997388202131418,-0.9996867298525276
-0.8055304531468503,0.9027652265734252,-0.8727031720910698,0.9363515860455349,-0.6314637910623202,0.8157318955311601,0.8699723055771656,0.9119927694901148,0.9191596449000666,0.623140773988323,0.7530224120994801,0.5667823993050275,0.05842506586094252,0.39718133991125726,-0.12201614435587195,-2.0884211691995787,-0.3072051279728654,0.033974097571366275,0.1766880321438106,-0.06730569233722535,-1.9810884511602536,-0.38092954865467993,0.022630674824271335,0.10887835579287665,-0.0314840215552975,-1.391210019134338,-0.2891669453127188,0.04483697205857739,0.0431490964774282,0.0820980776302697,0.6118787534682745,0.5944242069737872,1.0676143205168682,trueSA,3,30,-0.9997388202131418,-0.9996867298525276
-0.7911435501445236,0.8955717750722616,-0.773445691319279,0.8867228456596395,-0.641866565498589,0.8209332827492946,0.8307266032277381,0.8924029317279134,0.8769091473390487,0.614513500923146,0.6177040372940152,0.5624402727832335,0.04972086554724388,0.3933645063854225,-0.11288771255765942,-2.2704293522484145,-0.2869799148758249,0.026851455242516906,0.1744618171289228,-0.052927498952504155,-1.9711221784619755,-0.3033758321649951,0.020762951674087027,0.08509857313020142,-0.026888468616556294,-1.2950214901339943,-0.3159685013215997,0.04667431106671028,0.04053693405178025,0.09734031041130442,0.6283559694366593,0.6595088874911118,1.0677515087194698,trueSA,3,31,-0.9997388202131418,-0.9996867298525276
-0.6731158934397833,0.8365579467198916,-0.7468213866202926,0.8734106933101464,-0.5184715708510461,0.7592357854255231,0.7829884298119607,0.8224218431763769,0.7973046961713564,0.33364812137574046,0.5452923189538171,0.6093938441620544,0.04156543612566187,0.3067673238549911,-0.07659353231212095,-1.8427217287113526,-0.24967956609461672,0.021820052322445282,0.1689578931429256,-0.04545802281608532,-2.0833141068742878,-0.26904941799689264,0.016507439513075185,0.09570534722666167,-0.020137931602145536,-1.21993066133574,-0.2104159504740347,0.042833583349184176,0.0446394399045761,0.09269106178012067,0.5992738066587745,0.6715758472098933,1.1420514556198655,trueSA,3,32,-0.9997388202131418,-0.9996867298525276
-0.7397134348061758,0.8698567174030879,-0.8026081873734586,0.9013040936867291,-0.5818374051302408,0.7909187025651204,0.8149041600797463,0.893504218233586,0.8534517214050543,0.5058773097770601,0.719224691506372,0.49039188015851654,0.05101380398606206,0.236368956729656,-0.08084338196453081,-1.5847354176257618,-0.3420219942714153,0.02920620075709035,0.18555802688826983,-0.059243971364936684,-2.028472373304292,-0.3192746353172277,0.022896104315440174,0.0989558870247266,-0.02767366074828502,-1.2086624155369112,-0.27965653767895654,0.046953917204900046,0.048255639655988225,0.09659952114399396,0.6677662742319419,0.7842964828142599,1.116904149570228,trueSA,3,33,-0.9997388202131418,-0.9996867298525276
-0.8748874550684006,0.9374437275342005,-0.8339979552108658,0.916998977605433,-0.7457602047113345,0.8728801023556673,0.9158833221353628,0.8788964748694423,0.8958600561934547,0.7315969351852073,0.8153535574938681,0.6963381975744743,0.07137162142062092,0.33162422873604236,-0.13441138047615972,-1.883260850752161,-0.4053123047988903,0.04451009151667047,0.13059713561200598,-0.06328921252015095,-1.421907040933562,-0.4846140937438193,0.03389241362837678,0.11468394333807272,-0.04662525861333666,-1.375684220208477,-0.4065543724450747,0.04773615357003406,0.05313797927078658,0.09995214551275476,0.6162681104164444,0.6520689897785161,1.2857868590972044,trueSA,3,34,-0.9997388202131418,-0.9996867298525276
-0.7543093615792859,0.8771546807896429,-0.6481506399644659,0.8240753199822329,-0.5979712796773342,0.7989856398386671,0.9059244951263443,0.8999564422833518,0.862493168769653,0.4775661611475422,0.6431324351032947,0.5302304803477076,0.06590411917889151,0.3342707315376631,-0.11178831950030432,-1.6962265924056095,-0.33442449174677097,0.03603180747125184,0.2040338459781277,-0.05620740321533188,-1.559938486576818,-0.2754807808767045,0.02813097823590046,0.12495631103450014,-0.03505206291720898,-1.246030714725587,-0.28051454646041196,0.0454707529745406,0.04960362245683165,0.08370557411977445,0.6378081283520622,0.7157862656749888,1.2376979816015965,trueSA,3,35,-0.9997388202131418,-0.9996867298525276
-0.8201797326949922,0.9100898663474962,-0.7168939844427675,0.8584469922213838,-0.5165953431582866,0.7582976715791433,0.8595347376660686,0.8640014079311085,0.8870672763965959,0.5180515027446656,0.6980903574427236,0.2765283597478518,0.043920881614345604,0.4010461246790939,-0.10838280291720175,-2.4676827726017536,-0.2702502187346323,0.027564673543805363,0.1495036425901789,-0.04602867237777182,-1.6698428263488683,-0.3078765947124522,0.017572948510640223,0.07969823847065707,-0.019663478762953535,-1.1189629760223516,-0.24672413268196816,0.04054806180780479,0.04467877634365163,0.10188497544090899,0.6816040693259162,0.662206264634715,1.2242222767472122,trueSA,3,36,-0.9997388202131418,-0.9996867298525276
-0.8784969401642384,0.9392484700821192,-0.740336530199699,0.8701682650998496,-0.5898587955474026,0.7949293977737012,0.8857136142056602,0.8994228267222916,0.8600865090169285,0.6217775669983053,0.7118541487302331,0.4223985069696864,0.056042272730187505,0.29258991310359467,-0.11201421726072414,-1.9987450865886638,-0.3828369066881136,0.029107025076203042,0.15963719939202875,-0.05038266374253105,-1.7309451450509892,-0.31560728911814545,0.023956504778977837,0.11878509772443845,-0.03100607889580953,-1.2942655525866942,-0.2610266732931301,0.047758186141701194,0.04372981442434348,0.08883390301140413,0.6987765724412125,0.6257256795724011,1.3830334647777534,trueSA,3,37,-0.9997388202131418,-0.9996867298525276
-0.7250529849102243,0.8625264924551121,-0.6818374730699772,0.8409187365349886,-0.7358367907381739,0.867918395369087,0.8649370699778816,0.8975818127623155,0.8693056638183522,0.5319431227967047,0.6093262340503637,0.6853151946705068,0.045621947134496806,0.2943213853667394,-0.08393558408350082,-1.8398071401041398,-0.28518343639526167,0.02645815805452705,0.14496963237465732,-0.04223660690587224,-1.5963547734059085,-0.2913479617353005,0.01972898355292597,0.144856043795094,-0.039341403963021514,-1.99409178164107,-0.2715896619313438,0.04198144677556385,0.04358186320595715,0.10905782162417274,0.6106210120189786,0.6818561242368405,1.0588948886492908,trueSA,3,38,-0.9997388202131418,-0.9996867298525276
-0.7688927684897037,0.8844463842448518,-0.8603552528356524,0.9301776264178262,-0.5141736055504422,0.7570868027752211,0.9183710616387587,0.9029527156432259,0.8848580930180686,0.5238851536341372,0.6965464275846637,0.5918511231022666,0.05996424251768898,0.339884012275266,-0.10984588510575537,-1.8318564613461379,-0.32318638458578963,0.039203010645219236,0.18367011657413418,-0.07311573442831688,-1.8650540666379476,-0.3980818207778804,0.032254870851909735,0.12376845429755909,-0.032187839924565025,-0.9979218355065669,-0.2600649746112231,0.041722425772971396,0.047823971396821444,0.10749151062801968,0.6478862432863328,0.5382909206030769,1.0531684639129981,trueSA,3,39,-0.9997388202131418,-0.9996867298525276
-0.6413671199130367,0.8206835599565183,-0.8008451324647128,0.9004225662323564,-0.5007627676291267,0.7503813838145634,0.8336774534028585,0.7971860228578749,0.7878470651301196,0.4320475349066235,0.577624391112676,0.360927715243901,0.036897109676612166,0.20578501083249645,-0.056125620382431324,-1.521138671141156,-0.27273910842863136,0.021476581188273856,0.16175450822444395,-0.04723130445068512,-2.1992003306593912,-0.29199374390943644,0.01786302893031688,0.1498418227837502,-0.025861622171155306,-1.447773626300483,-0.17259281614905653,0.05246757549694056,0.044014238704716054,0.10277000664640948,0.6165721144725322,0.6877274359345726,1.4288964172753638,trueSA,4,0,-0.9999956369172368,-0.9999932392473341
-0.7637574613236664,0.8818787306618332,-0.6972735736826381,0.8486367868413189,-0.5045975904452109,0.7522987952226055,0.7797567214493372,0.7652435780237993,0.8344706226835226,0.49233061981262427,0.7095151358200844,0.40661635337027935,0.03267019349962697,0.3929536351480074,-0.0864626232216454,-2.6465292659693804,-0.22003263359322006,0.018292755446929935,0.12103413595718475,-0.0328834232694403,-1.7976200121867976,-0.27168718154911814,0.01699328855907768,0.08906838032989105,-0.019694683810732253,-1.1589683622603766,-0.22111869260210162,0.0464112357005812,0.05140898991022653,0.09693192882075649,0.6530763269590554,0.6948668799092741,1.2364512005919395,trueSA,4,1,-0.9999956369172368,-0.9999932392473341
-0.7756988660723864,0.8878494330361931,-0.8440241097739503,0.9220120548869752,-0.6391377995662287,0.8195688997831144,0.8542775078707833,0.9002296295164038,0.8835504781605745,0.5262044625412036,0.7730308736081959,0.6071120589396684,0.056838587518665766,0.33674973238541817,-0.10728383491644324,-1.8875176108345633,-0.31858625144697755,0.035122623377539,0.17704051225970063,-0.06642784073342804,-1.8913120474909857,-0.37521265548523197,0.023959712467276843,0.12233297888885128,-0.034503877222205485,-1.4400789353932946,-0.28204885988720063,0.042853039666236006,0.04169472474562225,0.08584716377823404,0.5180405215294084,0.7085255811762846,1.3472096811658008,trueSA,4,2,-0.9999956369172368,-0.9999932392473341
-0.8453951098795098,0.9226975549397549,-0.6090198696120469,0.8045099348060234,-0.36012632420586327,0.6800631621029316,0.8626452507152963,0.8461427429948721,0.861427169709465,0.44453120169603744,0.5998180875348478,0.4478928356928126,0.03645907378780529,0.5515259085916928,-0.12003859667948011,-3.292420355440577,-0.21764815543479285,0.020576998220943225,0.11528308555083484,-0.029332720777453025,-1.4255101965066141,-0.25444080228507215,0.017346062939681984,0.06444388278145234,-0.01160607084615061,-0.6690896306850015,-0.18009577240263624,0.04844791043259466,0.03658720121848401,0.094608267316349,0.6722123978520941,0.6056944930870262,1.3702187276026747,trueSA,4,3,-0.9999956369172368,-0.9999932392473341
-0.7454278566990464,0.8727139283495231,-0.791978862359598,0.8959894311797989,-0.6227652736877716,0.8113826368438857,0.8921091944037604,0.9029285509638126,0.8821123714073266,0.49618915675611974,0.7260471035090171,0.4796782687604128,0.05351754389995677,0.3176280913001297,-0.09772043009635335,-1.8259513231591387,-0.30765676202114134,0.03266372427579474,0.15424075219178937,-0.05587678363304819,-1.7106678699971563,-0.36226991141464787,0.023323850396660194,0.07942134980212973,-0.02673990930599399,-1.1464620485570833,-0.3366841456688129,0.04698569971403085,0.048296369070427975,0.09705914121454497,0.6193379942696872,0.7111251563052129,1.2029428108940508,trueSA,4,4,-0.9999956369172368,-0.9999932392473341
-0.7743062840231831,0.8871531420115916,-0.7930001967691976,0.896500098384599,-0.7524952202434277,0.8762476101217139,0.8079529028362679,0.905182670870579,0.86338228215812,0.6491683645287836,0.7184884476323692,0.6669397199777655,0.046583276766539686,0.33473223171730426,-0.0968964586198624,-2.080069616087252,-0.2894745394632197,0.03421548196214205,0.18241356068488745,-0.062188765443296254,-1.8175621641719215,-0.340921832838541,0.023299321200452933,0.10478446688602884,-0.03719270356796825,-1.5962998770644543,-0.35494481838058806,0.0492448768742368,0.04531946798154083,0.0807853513011178,0.6420868378237533,0.6406443481689278,1.2763360849200351,trueSA,4,5,-0.9999956369172368,-0.9999932392473341
-0.6900681041534065,0.8450340520767032,-0.6915000325141942,0.8457500162570971,-0.5489390867400279,0.774469543370014,0.8580783778655876,0.8195472340369215,0.8583410718802328,0.4427772392983382,0.4871324518480133,0.5373976879192283,0.04226932028174536,0.2589417555778941,-0.07265913975031699,-1.7189568998509759,-0.28060032105737337,0.03096035628633713,0.185908742874238,-0.05304153242533587,-1.7132080759917874,-0.2853095104904075,0.017783050998499205,0.09555615374353243,-0.022401178505575395,-1.2596926425879302,-0.234429470295539,0.046754558396835386,0.04171657111284538,0.07643875602306269,0.698277003868282,0.5714172765078701,1.115218377656881,trueSA,4,6,-0.9999956369172368,-0.9999932392473341
-0.775681040967579,0.8878405204837896,-0.6745870675431049,0.8372935337715526,-0.5692778060719231,0.7846389030359617,0.8744818843279373,0.919219790944902,0.9101856753949873,0.44239654792149946,0.6391821344445917,0.4918305090730729,0.06000751849325589,0.31935216493804647,-0.10760849735590915,-1.7932502469336908,-0.33695872197010135,0.03185146972564043,0.23879836308118652,-0.058281862488256134,-1.8298013558017776,-0.24406307370055758,0.027760557355293952,0.09406462217520448,-0.02932145820963025,-1.0562272880316876,-0.3117161110264834,0.04796016758665218,0.04814741549852104,0.09908750287362429,0.5814355139499912,0.6117927660057244,1.0728617396191664,trueSA,4,7,-0.9999956369172368,-0.9999932392473341
-0.8238245614935124,0.9119122807467561,-0.7135681339828663,0.8567840669914332,-0.7160719925818522,0.8580359962909261,0.87454925203135,0.8631727717297267,0.8823514420213574,0.6521210002571474,0.6654009652145085,0.562002143900601,0.05416896649802139,0.25069586194434407,-0.09587657873436452,-1.7699539964061632,-0.38244180813662443,0.031721508980516455,0.14815730948841824,-0.04878020295298416,-1.53776426534265,-0.3292460096732346,0.02736122184307903,0.09441997524464918,-0.036914690379944624,-1.3491608887810735,-0.3909627203808931,0.04771956611231844,0.05017799580796479,0.08758929489213786,0.6081277181570788,0.6077268243750764,1.287496766817021,trueSA,4,8,-0.9999956369172368,-0.9999932392473341
-0.6964528526909907,0.8482264263454955,-0.7890205294913,0.89451026474565,-0.5859223140078788,0.7929611570039394,0.7824274071208148,0.8364830916983494,0.8076237217193224,0.5374383158464279,0.5529632921776322,0.4860089256932367,0.0396355379132545,0.32879855310403533,-0.07950689024416131,-2.005949570261123,-0.24181034099321141,0.021126054447586296,0.15746487986657826,-0.04558907301671026,-2.1579549143838794,-0.2895189902366698,0.01657270200629127,0.10427571543188165,-0.02446781773810393,-1.476392789106782,-0.23464540748308355,0.05341493843538584,0.036143149375156856,0.09130410814795682,0.6411922011181646,0.6202486644287653,1.1936169521342315,trueSA,4,9,-0.9999956369172368,-0.9999932392473341
-0.8455221734567689,0.9227610867283843,-0.885148075352686,0.9425740376763428,-0.6676742459624361,0.8338371229812181,0.9226191514287316,0.9280521402353203,0.9060156317753532,0.5987401010507468,0.7626305410101585,0.5649651215048216,0.08800469563341771,0.20257074008648562,-0.11197939316987793,-1.272425208267596,-0.5527915488785271,0.04086210854125652,0.1525905441760512,-0.06990625878127062,-1.710784422949922,-0.4581296905306028,0.03373365353763782,0.08505765010616813,-0.0360628362085529,-1.069046261719512,-0.4239811018002451,0.0480131058804394,0.04838780630877085,0.09606070535640392,0.5429465003217956,0.545081206774808,0.97589089234388,trueSA,4,10,-0.9999956369172368,-0.9999932392473341
-0.7328316921460412,0.8664158460730205,-0.7715035511464637,0.8857517755732317,-0.5512438288986301,0.7756219144493149,0.8696919223373195,0.8409702991996446,0.905112577183857,0.5371475546025701,0.4908117949637325,0.4918352506450265,0.04747430725597666,0.23853997126878976,-0.07779866835808262,-1.638753103622978,-0.3261452072131682,0.03417878075728582,0.1509736187436462,-0.05504434874754007,-1.610483098809965,-0.3645958095566722,0.024095900024676688,0.10335792499045758,-0.026947518571875686,-1.1183445542303316,-0.2607203905686341,0.04378410193230058,0.043860516617323264,0.09508539801155215,0.6337477617340314,0.545668730760121,1.3428105699212638,trueSA,4,11,-0.9999956369172368,-0.9999932392473341
-0.7251207862051159,0.8625603931025578,-0.74900378137103,0.874501890685515,-0.554896814720495,0.7774484073602475,0.8508097789396245,0.8642092618672205,0.8758375960472599,0.37592189428978384,0.558245177516274,0.48551384004350484,0.05816738917433726,0.25732488627370503,-0.08852388918088824,-1.5218817697931661,-0.3440160431538259,0.029191567091075364,0.1349873029433404,-0.04704929464573456,-1.6117426823624956,-0.34854607522222325,0.02685748975909358,0.11355724322501319,-0.03070717379087038,-1.1433374476284905,-0.2704114059023452,0.042963336468493485,0.04273201116285727,0.10326961293041763,0.6204283499612556,0.6073028911885411,1.0975218557619526,trueSA,4,12,-0.9999956369172368,-0.9999932392473341
-0.7866719439147022,0.8933359719573511,-0.8477436166613189,0.9238718083306596,-0.7258683368262964,0.8629341684131481,0.8900675349314605,0.8988065389600564,0.8747827446113393,0.5612516894800444,0.6664242535571856,0.7009316177970136,0.06263214844351593,0.31023575009082577,-0.10911725940150194,-1.742192501984952,-0.351723679071662,0.03581104772994848,0.23557213421984466,-0.07842409631435165,-2.189941408744828,-0.3329090538406524,0.02700001521286499,0.10054670397712052,-0.037855176722006494,-1.4020427923303251,-0.37649346248704946,0.050722730188950946,0.04735878588985721,0.09906100327487873,0.6414085799170095,0.6593781938592084,1.2063808829215978,trueSA,4,13,-0.9999956369172368,-0.9999932392473341
-0.709322189707725,0.8546610948538624,-0.7743497555742417,0.8871748777871209,-0.5143079496355969,0.7571539748177984,0.8000124801530965,0.8240485930014734,0.8634650349478936,0.5015332224584638,0.6402578977352231,0.5214885328619719,0.037824254056929164,0.273692418342119,-0.07209498203539252,-1.9060516547631738,-0.26341607294825714,0.02878953940595846,0.1977202835827174,-0.058568198570945695,-2.0343569150267147,-0.2962174517944354,0.02062719851952095,0.08882264903543403,-0.0221018746633582,-1.0714918287348454,-0.24883151880035795,0.04754156184151391,0.04613606204787214,0.08581668068963785,0.7294808798499023,0.7058383493955289,1.1478537040807926,trueSA,4,14,-0.9999956369172368,-0.9999932392473341
-0.861583447429267,0.9307917237146336,-0.8326871434697563,0.916343571734878,-0.7673074659175577,0.8836537329587787,0.8827839990185827,0.9145265535249899,0.9126152579976282,0.6736748199776275,0.7299421932557276,0.6710417326689357,0.06215121643805826,0.3902074494721475,-0.13433731999033516,-2.1614592229939653,-0.3442715411303904,0.0345603590195823,0.20496642875637322,-0.07009386808299893,-2.0281579842177835,-0.3419773106663909,0.0320445017600321,0.10205966418605984,-0.04375194943194331,-1.3653496552882425,-0.42868992153630187,0.04768666679986273,0.050049783282536654,0.09228719670409985,0.5817310806080648,0.613256152923107,1.2314998865850109,trueSA,4,15,-0.9999956369172368,-0.9999932392473341
-0.777128406195859,0.8885642030979295,-0.8020571998401123,0.9010285999200564,-0.5906048182338318,0.7953024091169159,0.9249114715660934,0.9261769927436376,0.9086724610818666,0.5851849005086338,0.7113403058377954,0.40298674541025115,0.05313200607369783,0.22904042954486853,-0.08571580028151653,-1.6132611323318506,-0.3742387335364519,0.0380443656623643,0.1799249759617722,-0.06655818042808344,-1.749488505571974,-0.36992185255161425,0.025670144520306862,0.09590918314430827,-0.029857725348526952,-1.1631303955031271,-0.3113124767583724,0.04752629299379363,0.04533219299100611,0.09857826396486588,0.5819488011212756,0.5818613340343654,0.9644297682423996,trueSA,4,16,-0.9999956369172368,-0.9999932392473341
-0.7768517913800979,0.8884258956900488,-0.6207902004100538,0.8103951002050269,-0.4055547728569271,0.7027773864284635,0.8762938362678815,0.8775715023329583,0.845225529422005,0.4493287637943531,0.6338463674901693,0.2292471192031561,0.03747971233701559,0.26939303366189576,-0.07799606718702456,-2.08102096637477,-0.2895251823212112,0.023035174374393563,0.22843775053711965,-0.044791355606488066,-1.944476515718465,-0.19607685464058078,0.018932119237685407,0.08828671665420473,-0.01656746508297695,-0.8750982853519387,-0.1876552409108977,0.04540881835571647,0.036213739115798005,0.09384867132703913,0.6435319615968945,0.6410362536787405,1.3998705916679053,trueSA,4,17,-0.9999956369172368,-0.9999932392473341
-0.7569003703615349,0.8784501851807676,-0.7449720203909069,0.8724860101954537,-0.5847384844163351,0.7923692422081675,0.9154749976953708,0.9452097734976384,0.8978752573020907,0.4076418758330751,0.6588891982249071,0.5424146493133816,0.0638193680057481,0.28228290353285274,-0.10164803792538954,-1.5927459187034614,-0.3600927886642611,0.042165033854867036,0.16683644123866193,-0.06251035236762098,-1.4825163566281714,-0.37468044693065,0.03050682243100318,0.09558431921908575,-0.031621865336347615,-1.0365506079129123,-0.3308269138148921,0.04775425041888935,0.050508656662138246,0.10860774750611732,0.6139328876045369,0.6373590217517062,1.2520005823621654,trueSA,4,18,-0.9999956369172368,-0.9999932392473341
-0.5643213002118802,0.78216065010594,-0.6391607741977194,0.8195803870988596,-0.5164016908656655,0.7582008454328328,0.8100704755368922,0.8954327379360021,0.8019297686043036,0.20404415189239286,0.46107330623250264,0.4736704056470691,0.04748689481446361,0.3123160259371228,-0.0677377449691605,-1.4264513448145881,-0.21688846983086882,0.021245489900493787,0.15899593503011747,-0.037490533740649735,-1.764634937402803,-0.2357955486946768,0.017014006089604173,0.14439870123034482,-0.025941267138554835,-1.524700708459565,-0.17965028021390111,0.039397332579700906,0.041107616617976475,0.10514622548662508,0.7046146761859517,0.6545365270070422,1.2918693657102587,trueSA,4,19,-0.9999956369172368,-0.9999932392473341
-0.7100614705397842,0.855030735269892,-0.7510170817023525,0.8755085408511761,-0.5237828461656179,0.7618914230828089,0.8866155109537153,0.8784286762207622,0.9024206836176475,0.2900148293546486,0.6160272461038369,0.5244402412241135,0.04599860042370523,0.24950251741328508,-0.0765082851190477,-1.6632741956126864,-0.3066433393628513,0.027920990472221158,0.17345531237540715,-0.05234258694341757,-1.8746679848443657,-0.3017641041176829,0.021516526083354415,0.11138755552512418,-0.025452571460351237,-1.1829312669595777,-0.228504623701974,0.04194350042156817,0.04077272427504189,0.08783749750712183,0.575102107276241,0.6621311633673588,1.1882504952288342,trueSA,4,20,-0.9999956369172368,-0.9999932392473341
-0.7542108701387449,0.8771054350693724,-0.8029443101694288,0.9014721550847143,-0.5674714188993628,0.7837357094496813,0.8623741126909006,0.8726842936222864,0.8786002119281328,0.4407586945116503,0.6973122863966577,0.5522289490680362,0.06339856932351305,0.3622601475177108,-0.11314798807071483,-1.7847088550742876,-0.31233904376738836,0.029704480106798627,0.1641237311729275,-0.055827012833104636,-1.8794139009464501,-0.3401519843238453,0.027538686516532608,0.09871465930598089,-0.02948056856010589,-1.0705146936622227,-0.2986442820891115,0.048886198281601,0.04365468148867112,0.08259068290794778,0.5541263866107422,0.6146132276699812,1.239786004789712,trueSA,4,21,-0.9999956369172368,-0.9999932392473341
-0.7810357831127003,0.8905178915563501,-0.7172635928585932,0.8586317964292965,-0.6088277070833149,0.8044138535416575,0.8192640301859403,0.9117492409923129,0.8593677976321014,0.5648373148998677,0.6541851083934827,0.5760282059896228,0.047234489032804174,0.30246511714313784,-0.09381787272816805,-1.9862154677488284,-0.3101774962161006,0.02540300405666215,0.15640757134721492,-0.04503563637966032,-1.7728468758736962,-0.28793770014933645,0.02228804347562951,0.0955441619209821,-0.02797474041631944,-1.25514563209229,-0.2927938228131133,0.04789354066288856,0.04923716444738998,0.08418947620704606,0.5689231549694832,0.7772033855572847,1.2775291637939639,trueSA,4,22,-0.9999956369172368,-0.9999932392473341
-0.8098256824928399,0.9049128412464199,-0.7605568638393955,0.8802784319196977,-0.5516361106685238,0.7758180553342618,0.8906481768062272,0.9048440508091772,0.8820163464444052,0.487462127550661,0.7781189804744034,0.4572677555819486,0.043240184825346695,0.4153320565579917,-0.10876645031157291,-2.5154020675650717,-0.26187829375117383,0.029307922374329307,0.18557212990759822,-0.055388707869988396,-1.8898885824299556,-0.29847535778981493,0.021528555029321418,0.10013215815641002,-0.024914504424396744,-1.1572771321839175,-0.24881621332358975,0.05050670172539794,0.039749144442074,0.0857017947195125,0.7629028922142523,0.5507849779389652,1.2405417786391757,trueSA,4,23,-0.9999956369172368,-0.9999932392473341
-0.8237182942541861,0.911859147127093,-0.7519348750960948,0.8759674375480473,-0.6555202337122635,0.8277601168561318,0.8887944544477361,0.9070200327147384,0.8686257407256044,0.6148596509996934,0.7629732846928446,0.3774323304017291,0.06407864085177027,0.24373504624511805,-0.10290097358406987,-1.6058544971655258,-0.4221837407845937,0.035202158849524455,0.18184727008892596,-0.06038726306428076,-1.7154420364504583,-0.3320768193811791,0.031534824156677195,0.08795356697728118,-0.034440468806076825,-1.0921408229506295,-0.3915755777701768,0.054479007121480794,0.04156754488054076,0.09555105809688128,0.5365910952456675,0.6423853008056745,0.964823405618493,trueSA,4,24,-0.9999956369172368,-0.9999932392473341
-0.8432027647911908,0.9216013823955954,-0.8006195644192996,0.9003097822096499,-0.5659366277447225,0.7829683138723613,0.8490736147685052,0.878962692402077,0.8231541460355345,0.6149104532461551,0.6649734162412301,0.3455526225588303,0.053096738113499346,0.35917635757498506,-0.1154371904822546,-2.174091942060482,-0.32139417878626614,0.029219355154108,0.1542219925505875,-0.05389359980381753,-1.844448637540878,-0.34945469781905125,0.025731142161851434,0.12861489536001694,-0.031804356202068666,-1.236025824349969,-0.24728361449148153,0.04854466150249215,0.04579031396245309,0.09196523427386545,0.6519196983066933,0.6646906682853501,1.0355450937183999,trueSA,4,25,-0.9999956369172368,-0.9999932392473341
-0.7057762411440794,0.8528881205720397,-0.6724191059660694,0.8362095529830347,-0.33400695757396487,0.6670034787869824,0.8074320416122466,0.8582573676618176,0.8812948444023838,0.250670646542024,0.5752613885319492,0.13046917187702955,0.033829767787935616,0.37625325113232627,-0.08022411610105626,-2.371406052916089,-0.21321839973375237,0.01979632788764198,0.1342000614868759,-0.034824544941015216,-1.759141651859319,-0.2594972353602154,0.015383793562029317,0.06109698806222714,-0.010159675823103845,-0.6604142068169859,-0.1662876705600649,0.04404436649150151,0.05019125672377064,0.0862405297208674,0.7307774363369981,0.6264888727141521,1.3541452158016072,trueSA,4,26,-0.9999956369172368,-0.9999932392473341
-0.8019604213140595,0.9009802106570298,-0.7490449158246762,0.8745224579123381,-0.270083866695206,0.6350419333476031,0.899787701917789,0.9090412221735802,0.8599799863847489,0.35211916728869136,0.6851816684204268,0.38895816660318616,0.061799994868366875,0.41707863683979074,-0.12847041316537489,-2.0788094471369303,-0.3080244390813123,0.03810438821979909,0.15044393411300688,-0.056603815036515716,-1.4854933429190786,-0.3762452462456706,0.031072558448934744,0.072413060533573,-0.012943872630729542,-0.41656925843431136,-0.17875052560067323,0.04722225315817716,0.042597764186305676,0.0895466694704587,0.6829522046805088,0.6506774250027768,1.2792660565383838,trueSA,4,27,-0.9999956369172368,-0.9999932392473341
-0.7900235630770931,0.8950117815385464,-0.7755723772685408,0.8877861886342703,-0.7766397067137124,0.8883198533568563,0.9049725240696233,0.9231016623282974,0.9047832177039716,0.7298918726733098,0.800310883242339,0.7071082903442826,0.06012913187277161,0.3568335253741689,-0.11572855121634246,-1.9246669228688473,-0.3243208470812592,0.031043813469765803,0.20878872765306794,-0.06238052017022462,-2.009434834124946,-0.2987734101904136,0.02326521251520383,0.14883329563690018,-0.045422001999786306,-1.952357064011472,-0.30518710081243977,0.04598344780503503,0.04352567445528296,0.08968313867173508,0.5917467809685206,0.5751283298535846,1.2097131095210063,trueSA,4,28,-0.9999956369172368,-0.9999932392473341
-0.7482276420621475,0.8741138210310739,-0.7746629731521543,0.8873314865760769,-0.34329633726580044,0.6716481686329002,0.7966206347696576,0.8741780566686285,0.8121921680906219,0.404386658314328,0.6879793374474451,0.269457172400849,0.03489574550331229,0.19487671655681107,-0.06179356760977763,-1.7708052004194095,-0.31709056218505904,0.027528603343611947,0.16476769823224152,-0.05241429946257095,-1.9039941405067238,-0.3181102851160337,0.016857363121984027,0.09308908019385372,-0.013431424397751477,-0.7967690023972542,-0.1442857139610914,0.045359050846063266,0.046563135356561015,0.0982169816815032,0.6863579242094102,0.7337781697748597,1.2417427131036372,trueSA,4,29,-0.9999956369172368,-0.9999932392473341
-0.8396768920875419,0.9198384460437711,-0.5784782238862013,0.7892391119431007,-0.533548513533079,0.7667742567665394,0.8207706957205733,0.8702743620057023,0.8929461509157317,0.48051957935510925,0.595663261375713,0.399479583750439,0.04865889117051061,0.39329352866486195,-0.11618587799283031,-2.3877625485893517,-0.29541772117953163,0.0352236896612983,0.16547622482002805,-0.04492439436516359,-1.2754028552132017,-0.27148549233597374,0.022255944793386603,0.0888775580133969,-0.023803450014272195,-1.0695322187061425,-0.2678229526815329,0.04859177954636356,0.04477149868265176,0.08939639987438107,0.7067424931848506,0.6664793871149963,1.0902861859274335,trueSA,4,30,-0.9999956369172368,-0.9999932392473341
-0.8098931676176966,0.9049465838088484,-0.7766241842559451,0.8883120921279726,-0.5107121351399226,0.7553560675699613,0.8194728160922283,0.8793595763921542,0.8525331112324236,0.4523142259375431,0.7853401182844246,0.39610648893724565,0.051359388302625944,0.3705154755981093,-0.11244000858779876,-2.18927857795475,-0.30346912880303056,0.033955214481439934,0.19371132571513516,-0.0630062445998712,-1.8555690359226173,-0.3252584450974534,0.02391171400353279,0.0675879727761125,-0.019834712618674703,-0.8294977355343185,-0.29346512114482076,0.043252426365597105,0.043165655945763895,0.09991759084708264,0.634405507443357,0.6747036069577632,1.2425504633274496,trueSA,4,31,-0.9999956369172368,-0.9999932392473341
-0.8035520121490476,0.901776006074524,-0.7910120118250026,0.8955060059125012,-0.6387118784088287,0.8193559392044142,0.8935707414496745,0.9284416502637706,0.9078762775247506,0.6844410699245848,0.7879824571891787,0.5899550954054461,0.061953173734088235,0.3285001085485398,-0.11500311081234872,-1.8562908706817556,-0.3500854575679863,0.04012106947639372,0.1800568391631346,-0.06756020477372687,-1.6839083717216883,-0.3752159878387966,0.019414324759576784,0.10554746459369087,-0.02996507737404702,-1.5434519482458804,-0.2839014417769178,0.04703035092145949,0.046704190145882764,0.09693222950957317,0.6872190943114109,0.6805519638237276,1.0361361478287237,trueSA,4,32,-0.9999956369172368,-0.9999932392473341
-0.8397500935528945,0.9198750467764472,-0.7520389080317598,0.8760194540158799,-0.5198037013022329,0.7599018506511164,0.9126337085839344,0.9138847656280442,0.9192503806352065,0.5800900213790245,0.6602668713740426,0.3812997903140739,0.06493265878076195,0.4548772428049525,-0.14498117607641345,-2.232792847216169,-0.3187259384145101,0.03262582185306899,0.15260113706898368,-0.05259342013945562,-1.6120182466609145,-0.3446463188257939,0.02506214297025682,0.06875562775548646,-0.021847600962055385,-0.8717371450631185,-0.3177572756626023,0.04416125545578494,0.03848881264636641,0.09260788914847086,0.5656553860896532,0.5375722598918343,1.1687777299966073,trueSA,4,33,-0.9999956369172368,-0.9999932392473341
-0.7160561047283817,0.8580280523641908,-0.7537124626709888,0.8768562313354945,-0.4858528664196514,0.7429264332098255,0.8641942660341738,0.851426831906554,0.8553932371049839,0.43966965527990154,0.6915528090220138,0.48126687547174396,0.04463491228852579,0.3568262189132863,-0.09209121547747923,-2.063210405392752,-0.2580842174600927,0.024823865363161616,0.15709915978377595,-0.047298904579233955,-1.905380322011619,-0.30107675078806273,0.01841913090043875,0.09545224227698217,-0.020473483119957562,-1.1115336131016842,-0.21448928418619917,0.04286660743102162,0.047388611472144807,0.09927822198936756,0.6486537629847073,0.625150905497795,1.187026941269615,trueSA,4,34,-0.9999956369172368,-0.9999932392473341
-0.8428254993431199,0.9214127496715601,-0.8020460031995553,0.9010230015997777,-0.5223305233929966,0.7611652616964983,0.8722248814927688,0.8915711816433517,0.8551859160431363,0.5485911166946248,0.7067471273959467,0.574886180523447,0.06418429564240516,0.32406557137699454,-0.12171556569815878,-1.8963449622674362,-0.37558931416556945,0.0285742258921758,0.1472032645412826,-0.052202301176018824,-1.826901676111998,-0.35462733342696273,0.021220952559801772,0.07967399197940335,-0.021488266148470946,-1.0125966818839007,-0.2697023911394563,0.0456306155621176,0.05471304068101414,0.09355008966280054,0.6503258075811693,0.5519727491569301,1.1677771567300037,trueSA,4,35,-0.9999956369172368,-0.9999932392473341
-0.8065104549852781,0.903255227492639,-0.7973650722214585,0.8986825361107292,-0.442174718246567,0.7210873591232836,0.8966455965258121,0.9002573143475598,0.8719260704505665,0.401517173092892,0.6272445162861691,0.39734345119438924,0.061172635261136796,0.3352224378361557,-0.11569092051873094,-1.8912201513775524,-0.34511687602270935,0.032555688620678716,0.1573631251971247,-0.0566926906059635,-1.741406586926054,-0.3602666795981971,0.021379741938446915,0.10751810187054037,-0.021176842984908698,-0.9905097566601893,-0.19696072211549234,0.04427498788461306,0.043802586877186966,0.09292286430058648,0.6141912291246686,0.6730770659492966,1.2499262278155554,trueSA,4,36,-0.9999956369172368,-0.9999932392473341
-0.816283690334138,0.9081418451670691,-0.692052562734198,0.8460262813670989,-0.6580631657352706,0.8290315828676351,0.8996106684633762,0.8770506000174438,0.8590332385087123,0.5274188388374758,0.6031718542942778,0.5181154284631015,0.05694352047651465,0.2873700143568687,-0.10479886375957341,-1.8404001523368378,-0.36468266876804195,0.03181396393604816,0.1393260451238387,-0.04703649761593016,-1.4784859161367645,-0.3376001778714252,0.023395155557676524,0.08744719292422999,-0.029941084899031488,-1.2797984961124604,-0.34239046329336625,0.04522298458024682,0.04422662091536968,0.09659122242816667,0.583112243352956,0.6411387262455138,1.209205684116957,trueSA,4,37,-0.9999956369172368,-0.9999932392473341
-0.8187931369863078,0.9093965684931541,-0.7445833963247057,0.8722916981623529,-0.6881983935294731,0.8440991967647365,0.7913612885333935,0.832026048416155,0.8866413797756545,0.645283024793961,0.4882936147581945,0.6264706080405495,0.05234671555283449,0.3745701048252005,-0.11441518593386846,-2.1857185255183227,-0.3054573348486053,0.026466867038241852,0.16931336396846308,-0.049921178131098747,-1.8861763297850052,-0.29484487792940695,0.023319763610958867,0.11305040582829771,-0.0356915747493595,-1.5305290115628203,-0.315713813567094,0.047726299834257364,0.0472541842881053,0.09536715532442627,0.5979566347592961,0.5785101357103596,1.2591483094855713,trueSA,4,38,-0.9999956369172368,-0.9999932392473341
-0.7037899739388696,0.8518949869694349,-0.7232539922589523,0.8616269961294764,-0.6371504726618211,0.8185752363309107,0.8763197241671575,0.8940115343934778,0.8893917562405788,0.6192068476053232,0.7680988399878749,0.5082473840866867,0.04960181667080282,0.33717557265083015,-0.09124062674760512,-1.839461392173408,-0.270602719023455,0.02604561086313188,0.20717732498536567,-0.0530617395407853,-2.0372622404451004,-0.2561175048694803,0.020504490506067417,0.08596813198458464,-0.026842884391703195,-1.3091222327011833,-0.31224226666361116,0.05002541725590276,0.04683659554313356,0.08796179699646249,0.6274090658868194,0.7157644125655213,1.2455493354667586,trueSA,4,39,-0.9999956369172368,-0.9999932392473341
-0.8008667059497854,0.9004333529748926,-0.6110858634819241,0.805542931740962,-0.483324185730698,0.7416620928653491,0.8321761853806489,0.8833666027089461,0.8388806504469449,0.5138905069023987,0.6588269592441693,0.6198765901609046,0.0452200793529012,0.3017810965572074,-0.09316386865996426,-2.0602323125730453,-0.30871340094790717,0.026426306201247172,0.13528395868012666,-0.03615374782791328,-1.3680969089129462,-0.26724342028900355,0.023075720845307353,0.09030420849249626,-0.021580787596369767,-0.9352161841894706,-0.2389787580958976,0.04345209933374319,0.04063334885286131,0.09605474158721769,0.6972517887950536,0.7076680935784389,1.1294600826031003,trueSA,5,0,-0.999397709805566,-0.9994024473439773
-0.6939934902839009,0.8469967451419504,-0.8381915729560645,0.9190957864780321,-0.6571606019008124,0.8285803009504062,0.8681044347006228,0.8537564311984114,0.9118189169178437,0.3405411116401262,0.6323145377556088,0.7058810818998134,0.05499121228678483,0.34817039281745255,-0.0973745998118317,-1.7707301905623238,-0.2796751298232463,0.03485335130168394,0.1610000967959393,-0.06321625382626037,-1.813778344557818,-0.39264730322730335,0.026844977251731142,0.10223915013135611,-0.034534923792620464,-1.2864575547514545,-0.33778570878425973,0.04848869688422095,0.04567807540047687,0.09551419714632882,0.6393928298682886,0.6797111834024753,1.193557949900963,trueSA,5,1,-0.999397709805566,-0.9994024473439773
-0.8021802125262897,0.9010901062631448,-0.7897864342888529,0.8948932171444265,-0.6364306388777279,0.8182153194388638,0.9171931369594123,0.9466712395606441,0.9333364301540362,0.589091890998213,0.695253375488734,0.4741013918080795,0.0651520774218583,0.2666606577735161,-0.10599855521904275,-1.626940527662754,-0.39750353915751196,0.041484269915285775,0.1439375677181468,-0.06190007412366301,-1.4921336267956011,-0.43004807643320353,0.033099431758075185,0.12805894229286796,-0.04137126682681763,-1.2499086730310525,-0.3230642553036434,0.04525447620113638,0.04374610974837908,0.10480000814498466,0.5598749093749363,0.6032609545882109,1.190073219089927,trueSA,5,2,-0.999397709805566,-0.9994024473439773
-0.7527244642177745,0.8763622321088872,-0.8738718793938083,0.9369359396969043,-0.6951308865070559,0.8475654432535279,0.8979642342085299,0.9099218938126414,0.8819845788300664,0.5450982346413255,0.7768346024209677,0.7500700507164897,0.04891045786888408,0.26900450710652263,-0.08615961896111782,-1.7615786626264842,-0.3202906147851256,0.03413493907653474,0.17016393111869704,-0.06657407468212863,-1.9503205947683502,-0.3912349358906747,0.026735435812619085,0.09992597101936906,-0.03584750861836416,-1.3408237991558825,-0.35874065823604245,0.04685964794389311,0.04462173859710248,0.0930369123684531,0.6300302333536174,0.6075498979251892,1.1246126823723204,trueSA,5,3,-0.999397709805566,-0.9994024473439773
-0.7859890552956516,0.8929945276478258,-0.638971590813853,0.8194857954069266,-0.49365145475918076,0.7468257273795904,0.8269310824792893,0.8902747513768623,0.8917299173213266,0.4440218674681278,0.5790737335553812,0.5659371819049395,0.04814819564281257,0.272241217306569,-0.08978728217838816,-1.8648109442039156,-0.329807819207917,0.02900951076387021,0.12999957942303417,-0.03981475284341852,-1.3724723993968784,-0.3062683204063034,0.0216100876283727,0.10078338606243967,-0.023179008369740895,-1.0726013132546626,-0.22998838673053212,0.04899740045593324,0.049209361046277364,0.0928229748993279,0.7379085620437282,0.6179568409784962,1.2128723771216257,trueSA,5,4,-0.999397709805566,-0.9994024473439773
-0.8242002253977957,0.9121001126988979,-0.7924568132056954,0.8962284066028477,-0.6068723492387835,0.8034361746193917,0.8139483464609404,0.8856290985081183,0.8223238384712608,0.6990634209489454,0.6924892367891528,0.6393380986580743,0.051383714918930894,0.3915744939975231,-0.11782568100952111,-2.293054933755121,-0.30090233867547667,0.027251419788402485,0.206851812721825,-0.05960598035486863,-2.1872614644553465,-0.2881578825467048,0.021919304568867332,0.12861784942617235,-0.0318982603337303,-1.4552587758206703,-0.24800803680083414,0.044279985036211396,0.03970137997055036,0.09602252932557793,0.5730708740126647,0.635314462141551,1.2316566351530027,trueSA,5,5,-0.999397709805566,-0.9994024473439773
-0.8726239661488164,0.9363119830744081,-0.7872368794960608,0.8936184397480302,-0.8030690521920381,0.901534526096019,0.8605223123169203,0.9274968440033962,0.9044834885614325,0.8365687889230935,0.6795710064561303,0.7583894674517091,0.04742785051861062,0.35825607781732655,-0.1138347582562423,-2.400166927480167,-0.31774690034508285,0.03346424308167238,0.2093995649870199,-0.06597346965523009,-1.9714615834643598,-0.3150602039661334,0.030049709386510793,0.0805860254251342,-0.03926942821708444,-1.3068155738874583,-0.4872982382480994,0.046193821218891096,0.04741974474149941,0.09764855548643571,0.5968402719566258,0.6224090628395378,1.2238493982232177,trueSA,5,6,-0.999397709805566,-0.9994024473439773
-0.7594491449893928,0.8797245724946964,-0.6302583471364697,0.8151291735682349,-0.6704844989525046,0.8352422494762521,0.8416278765568819,0.852985934391739,0.8518146039336942,0.6531095444097422,0.7304352996529621,0.6282629824463587,0.05578969176968776,0.2758452995625767,-0.09382154302328305,-1.6817003293475652,-0.34012376927234617,0.03346883141396935,0.18018594289259388,-0.04935600100444886,-1.4746855184148575,-0.27391704487108204,0.02190305833960893,0.09824864552351759,-0.031172304577344878,-1.4231941537120265,-0.317279738679789,0.04935454015882078,0.04065795053982166,0.09318853045136365,0.6182459695905909,0.644216279034993,1.2539040397265322,trueSA,5,7,-0.999397709805566,-0.9994024473439773
-0.6916136452113048,0.8458068226056523,-0.6943403917705212,0.8471701958852607,-0.5398718274207125,0.7699359137103562,0.7749121932829838,0.805567043172949,0.8047236528762407,0.5095770759296956,0.8324435948701542,0.44506102203920933,0.03618164192441981,0.5477253918242126,-0.09736566676957945,-2.69102399976672,-0.17776365350764686,0.021805489664035064,0.16459947581447257,-0.041884092469359466,-1.9208049493353545,-0.25446066739950557,0.013467954851229707,0.09512934047098487,-0.018816438091063464,-1.3971266089702852,-0.19779847098595846,0.04103093442205345,0.05161792039498471,0.0850191418038501,0.6420350532769452,0.6802247815269586,1.390925428188815,trueSA,5,8,-0.999397709805566,-0.9994024473439773
-0.7633189520015219,0.881659476000761,-0.7959818911464004,0.8979909455732001,-0.7027972204574392,0.8513986102287194,0.8749521799592574,0.8723129851526165,0.9135716342614443,0.7201029275840402,0.7446613410719415,0.5853100469773609,0.052201742350978984,0.27605009418328713,-0.09176054488344622,-1.757806171803485,-0.33240541052857087,0.033604690573695715,0.15240939713886403,-0.05685988009024808,-1.692022129040388,-0.3730733219713586,0.024242163238561203,0.1033282687825089,-0.03527698014953474,-1.4551910983513558,-0.34140686343819127,0.05076082592853248,0.04518815504233185,0.09027408796203841,0.7172111778700785,0.6432034362552602,1.165571311148728,trueSA,5,9,-0.999397709805566,-0.9994024473439773
-0.8708466828083401,0.93542334140417,-0.8033693997967252,0.9016846998983626,-0.6337856012783253,0.8168928006391626,0.8599135796884542,0.9204754170863518,0.8934902341978042,0.5512033208209781,0.7292953756020063,0.6944948538215249,0.07105552396167095,0.4324444590812603,-0.15192138857918522,-2.1380658407520188,-0.35130844063061006,0.0374979628252364,0.18841865049919004,-0.06740300492001872,-1.797511113714583,-0.3577300057156946,0.027495567377995266,0.10115224167829738,-0.03338248701999291,-1.2141043158363394,-0.3300222166717958,0.04952050379575801,0.04376432098216496,0.09693582883698372,0.582493391886018,0.5072225621656694,1.1900834949453032,trueSA,5,10,-0.999397709805566,-0.9994024473439773
-0.7998596401445038,0.899929820072252,-0.7124188131915016,0.8562094065957507,-0.519832086558255,0.7599160432791274,0.8638518827109501,0.8165593592620686,0.8795787809650708,0.5220175671896348,0.6639057343995255,0.484319153110294,0.05021547425707481,0.2824190681426462,-0.09469228215302614,-1.8857191643407616,-0.33528997448996,0.03274673514321803,0.12642030829983922,-0.0458335805036896,-1.3996381716600506,-0.3625491910285738,0.026689095012506252,0.11020339701848957,-0.028451029868519065,-1.0660170326190224,-0.2581683563143307,0.046297497486201,0.04694065471556051,0.08812686407040214,0.6818429651366783,0.5223470808117402,1.202534463191218,trueSA,5,11,-0.999397709805566,-0.9994024473439773
-0.7794697408194948,0.8897348704097475,-0.7676777143585568,0.8838388571792783,-0.5092547188539727,0.7546273594269863,0.912693206744747,0.9279761864791354,0.9573075242772051,0.5535486436561757,0.7321052484088753,0.57120533376694,0.08331758236943139,0.3309968547127865,-0.12959389860308945,-1.5554207757549685,-0.3915260727040474,0.049645673741451325,0.15422401130219,-0.06703337225916281,-1.3502359260600334,-0.4346493888543472,0.03393935349767177,0.06515165353519893,-0.023985670121894977,-0.7067214796398638,-0.3681513640929534,0.0441472913247792,0.05072757923928753,0.09069507612907052,0.5403071835703849,0.6092608942852364,1.0088491350508577,trueSA,5,12,-0.999397709805566,-0.9994024473439773
-0.8074478963517677,0.9037239481758836,-0.7176865887125051,0.8588432943562526,-0.5337370802950457,0.7668685401475228,0.8794771414803707,0.8482596467041087,0.8896516613014445,0.6922317705712243,0.7321801118341753,0.6811758088746184,0.05823754409116389,0.2522796879184474,-0.09733936379926708,-1.6714194480264137,-0.3858390844003789,0.03364017711245069,0.17724364635682266,-0.05517605560065975,-1.6401832670565324,-0.3113006120940473,0.02685406954108015,0.07450443126065902,-0.023862758437584793,-0.8886086483495775,-0.32028643174389515,0.04784532883065799,0.04245393598455811,0.09454332333355099,0.5980191713792459,0.6174695725251057,1.1943885366817084,trueSA,5,13,-0.999397709805566,-0.9994024473439773
-0.7963965113671321,0.898198255683566,-0.8289324109541752,0.9144662054770877,-0.5404082869872595,0.7702041434936298,0.845828801300109,0.8812800958257171,0.9130436563871587,0.4810585842616276,0.8114768265760565,0.395943932562524,0.055940828475189955,0.42247680555847766,-0.12260287807113664,-2.191652884181214,-0.2902002582344521,0.03443204413590836,0.1795922885715834,-0.06514587697125429,-1.8920130537157158,-0.36274317505168324,0.027175780600196313,0.09067865395350858,-0.027012938399331568,-0.9940078188273433,-0.29789743474998254,0.053161639157047545,0.04722174737008528,0.09856956494960414,0.6235890290081284,0.6660243656556296,1.2096927725693674,trueSA,5,14,-0.999397709805566,-0.9994024473439773
-0.6317300041870428,0.8158650020935214,-0.746235231782281,0.8731176158911406,-0.5061384855892949,0.7530692427946475,0.8861961019606769,0.8296136120356669,0.8594163474087129,0.4131960452440656,0.6323152687056612,0.4366442777043228,0.04927572502685287,0.33447257696348337,-0.079772355264773,-1.618897646281226,-0.23850193037942924,0.03077523278445628,0.17805703221769428,-0.055142573824865614,-1.7917841340493972,-0.3096905139778347,0.01798724433945839,0.09364166146250971,-0.020432510646180874,-1.1359444648982908,-0.21819893332799542,0.047564790200025846,0.04704595420302371,0.08552341856099814,0.7306843461281809,0.6620357978454806,1.2329462382108947,trueSA,5,15,-0.999397709805566,-0.9994024473439773
-0.7455619843279592,0.8727809921639796,-0.7644413522041174,0.8822206761020587,-0.6576652479509085,0.8288326239754541,0.8403828879595958,0.8439481758860337,0.8742947714426897,0.6036776760577859,0.8131343734084501,0.650065604213774,0.05566025031630485,0.3198156788261195,-0.0995344004713997,-1.788249242606129,-0.31122426779306067,0.03107411140682519,0.21595123170865668,-0.06200381133256561,-1.9953526754411697,-0.2871195076868835,0.027224420405768026,0.10239546899889067,-0.03337398119560891,-1.2258839930541912,-0.3259322069804717,0.0456665974094432,0.052756584610869184,0.0851381404870328,0.6148342580893473,0.5570371338752985,1.2993584599802313,trueSA,5,16,-0.999397709805566,-0.9994024473439773
-0.6438674464374113,0.8219337232187055,-0.5768976939853397,0.7884488469926698,-0.669560160283146,0.834780080141573,0.8115452826781113,0.806984864810037,0.8390011652807169,0.6500114546293002,0.5009157931554916,0.44717430651685486,0.03499675219542167,0.34393654967094917,-0.06971025551915133,-1.9919064240558566,-0.2026834763151648,0.024247429363690835,0.1740431144079456,-0.0374310447410048,-1.5437118788788262,-0.2150676564731478,0.016583604749241577,0.11022129695188672,-0.028465061614017843,-1.7164580345729503,-0.25825373499681537,0.0467356653135389,0.04713688771274397,0.10172538978334926,0.5916046767133037,0.703625434322287,1.386424219162984,trueSA,5,17,-0.999397709805566,-0.9994024473439773
-0.7320676414606555,0.8660338207303276,-0.7687450383404671,0.8843725191702336,-0.6171551617726015,0.8085775808863007,0.8245221756344028,0.8287573089044762,0.829112891655757,0.6943452985470557,0.7104518986023017,0.6818280127818193,0.0415749321268634,0.45624996722755723,-0.10031383915020158,-2.4128443275409315,-0.2198659646153344,0.025816609603639296,0.1113872949922597,-0.04144368123890243,-1.6053107621482656,-0.3720682977513939,0.022777558437010816,0.10518977732432502,-0.02978791107312717,-1.3077745428906624,-0.28318256612792303,0.044678275337009944,0.041950211549554015,0.09733133271075856,0.6281021310261478,0.7022321637762816,1.1538283081746654,trueSA,5,18,-0.999397709805566,-0.9994024473439773
-0.7319268194901026,0.8659634097450515,-0.698461614236833,0.8492308071184166,-0.4628602807889112,0.7314301403944554,0.8475742056978941,0.865902769660015,0.919965931056862,0.44190304647187,0.6095954755276309,0.4140636896458274,0.050638045038259374,0.31789074421261043,-0.09310068000693293,-1.83855202025653,-0.29287005583486164,0.027237014191070486,0.14832221455137998,-0.0454790908729937,-1.6697531731618285,-0.30662359654318255,0.02028993525292413,0.0820656016534912,-0.019020203079888276,-0.9374205901986372,-0.23176827680125986,0.04179012601691258,0.044276960622660885,0.09437771421392553,0.5927682875781811,0.674148236822185,1.2020127636879254,trueSA,5,19,-0.999397709805566,-0.9994024473439773
-0.7987091161314559,0.8993545580657278,-0.7260807588375959,0.8630403794187979,-0.6170797194824699,0.8085398597412349,0.8374036426689974,0.8564613456189237,0.8734165179117104,0.674384112209098,0.6987769729110889,0.5101402849724905,0.040384677593832984,0.28484020990560444,-0.08491194234533816,-2.1025781906528036,-0.29810377675777533,0.02511036550758373,0.19031091140058667,-0.05030803958286965,-2.003476993103737,-0.26434658534620714,0.021298029320274678,0.10900360692135266,-0.0292495677511814,-1.373346205479079,-0.26833577876267245,0.04338345986257644,0.044245172217910696,0.09910995654132188,0.609512892817006,0.6353890062377261,1.1054418464993008,trueSA,5,20,-0.999397709805566,-0.9994024473439773
-0.7877416315026352,0.8938708157513177,-0.7549895884326568,0.8774947942163285,-0.6582017246413108,0.8291008623206555,0.8750726796088956,0.8536737592623043,0.8352308864610201,0.7406782780975666,0.6048316642464429,0.547279841341215,0.04607803380239364,0.2822325149706324,-0.09002160980341671,-1.9536773246331598,-0.3189625752822416,0.034549755799013676,0.16533297651575107,-0.05689889209668333,-1.6468681407672257,-0.34414726750693103,0.019180250150787954,0.09854253963209104,-0.02871648341362332,-1.4971902445413936,-0.29141204926153136,0.04535761172236976,0.04130557253882421,0.0834443308811377,0.6669751918324875,0.6502814860817338,1.214329550477721,trueSA,5,21,-0.999397709805566,-0.9994024473439773
-0.8309222044536132,0.9154611022268065,-0.6878070547191455,0.8439035273595729,-0.5152504121409442,0.7576252060704718,0.8797590424233603,0.9163791004243625,0.9096013618725536,0.37397191323212997,0.6512629238717563,0.45368437790256794,0.047467895864546576,0.32643895741185364,-0.10378402064146543,-2.186404489839225,-0.3179278032999159,0.03058929988732145,0.1468850122493847,-0.04641989319125113,-1.5175206154519114,-0.31602879341044265,0.027561681063387727,0.10738312636939035,-0.02997644082105379,-1.0876129344981709,-0.27915410767551097,0.04551442447014714,0.039074721905003544,0.08883939406478214,0.6650068993557878,0.7361734467674232,1.1896511232590463,trueSA,5,22,-0.999397709805566,-0.9994024473439773
-0.7484636525823052,0.8742318262911525,-0.679979651059912,0.8399898255299559,-0.6771964844998146,0.8385982422499072,0.8878716658973569,0.895280793990913,0.8835262218397709,0.5685552477700078,0.6876585623395677,0.5940267929206681,0.05515441130883413,0.35050961940691266,-0.1054087011461003,-1.911156309073267,-0.30072983824084304,0.036586701726405206,0.16799120163235287,-0.0531492944116026,-1.4526943371133099,-0.31638141697396344,0.026342232397378814,0.11181942329240585,-0.036774229201402275,-1.3960179474030263,-0.3288715691659248,0.05240195592803893,0.053729701767487544,0.09147215364824783,0.6401290792991158,0.7097324060204762,1.2512372260508453,trueSA,5,23,-0.999397709805566,-0.9994024473439773
-0.8683526859126643,0.9341763429563321,-0.7229130075644535,0.8614565037822267,-0.6331335838912944,0.8165667919456473,0.8910315717867439,0.9122445812809329,0.8682127867256985,0.6284193611833302,0.6435732090962023,0.3870045453947758,0.05634062118942225,0.3719081501663916,-0.12604933277950267,-2.237272683872502,-0.338925976005388,0.034557643234408575,0.1385398637550455,-0.04978873012850704,-1.440744375731418,-0.3593819769921188,0.029918030496128872,0.10126707882768857,-0.034725187940466515,-1.1606776035929118,-0.3429069776916673,0.04710674374185363,0.04065095713854211,0.10456271803913161,0.5998101762628457,0.556860897581624,1.2252330070413782,trueSA,5,24,-0.999397709805566,-0.9994024473439773
-0.7929820818406267,0.8964910409203133,-0.7417444421777867,0.8708722210888933,-0.621851309478041,0.8109256547390205,0.9073215340022378,0.9286582078050365,0.8860041320825954,0.6913606830746805,0.5479373822149304,0.46830378433869896,0.05701385599109361,0.37990530854317334,-0.11582153459057884,-2.0314629238315653,-0.3048694819104288,0.03058917443659916,0.14016744860795316,-0.048523350726499985,-1.5862916087216479,-0.3461813082024434,0.03020512003124878,0.09782193045494153,-0.03369176217497399,-1.1154321565389607,-0.34441931393383196,0.054782228392616296,0.0478187163994948,0.10148298726114685,0.7149371168479723,0.6302914126622717,1.0597922526649004,trueSA,5,25,-0.999397709805566,-0.9994024473439773
-0.7573374193226386,0.8786687096613194,-0.6204105599156949,0.8102052799578476,-0.6436059758458111,0.8218029879229057,0.7826857468528288,0.8604492988120098,0.7845327780797897,0.4095716688606732,0.5405743936411473,0.361294433924838,0.03570869927725898,0.5098443944333853,-0.10217565444066772,-2.8613658998701776,-0.2004055660045463,0.02553275774210127,0.10704360951150022,-0.03303312101047465,-1.29375453071432,-0.3085949844294604,0.015197692844156686,0.11310127767615792,-0.02637669010740694,-1.7355719962157565,-0.23321301623957888,0.04324275926151796,0.04950635042283901,0.10131663040352488,0.6190057428320218,0.6704109725870936,1.2299797821396536,trueSA,5,26,-0.999397709805566,-0.9994024473439773
-0.7811043721160829,0.8905521860580411,-0.5602971675837221,0.7801485837918611,-0.6165170025108528,0.8082585012554264,0.8326085282126777,0.864180919156734,0.8840137953490285,0.6550809356004353,0.5934297651937599,0.36310744848093734,0.03377748261246637,0.4027151099745321,-0.0913807696066719,-2.70537537255502,-0.22691169847699746,0.026918234234109124,0.12424974181703108,-0.03193821033133741,-1.1864897992033698,-0.25704850460268397,0.018445180725915545,0.10811735946979077,-0.027137773381674182,-1.4712663315651613,-0.25100292418126235,0.04786107374294313,0.04090293803035776,0.09109968570871607,0.6740183234461193,0.6393876769221014,1.0970087508718283,trueSA,5,27,-0.999397709805566,-0.9994024473439773
-0.8773184742400859,0.938659237120043,-0.6924573190502775,0.8462286595251386,-0.5285298902211837,0.7642649451105918,0.845011815050462,0.8682042219497824,0.8288558269587211,0.5550738767306426,0.6713885686622247,0.5131123889567165,0.051602894498361286,0.3373908821680472,-0.11554478526136146,-2.239114421479414,-0.3424656425771787,0.03098065114199546,0.13924799486855005,-0.04543082740790996,-1.466425841073648,-0.32625839568315945,0.025488898173552845,0.12039924170981602,-0.029812362006730875,-1.169621448669132,-0.24761253960871338,0.044711120601135385,0.04419165023685706,0.0968412715923685,0.6188986840243306,0.6611593115326188,1.1391611853794124,trueSA,5,28,-0.999397709805566,-0.9994024473439773
-0.834726906693203,0.9173634533466014,-0.6856262925963422,0.8428131462981712,-0.7257627630057661,0.862881381502883,0.8720121039674259,0.8559796380828112,0.905413019224175,0.6450589677870497,0.5626091797639758,0.4869092842804248,0.048048137711795696,0.28907737397243105,-0.09882387379235369,-2.0567680351135165,-0.341859594316705,0.028533270677860326,0.13803147701351218,-0.04238815910612505,-1.485569585929561,-0.30709052763360334,0.02161736823893779,0.06781157439681215,-0.028224413946853714,-1.3056359883815614,-0.4162182370474583,0.04838398561013663,0.0455932175607709,0.09817983517462213,0.6465351949163922,0.6473043748666151,1.2294551252432364,trueSA,5,29,-0.999397709805566,-0.9994024473439773
-0.7847489562139034,0.8923744781069516,-0.754200318138842,0.877100159069421,-0.5113951263107505,0.7556975631553752,0.8193087338935439,0.8536102107697245,0.8030435173072593,0.5589466536933789,0.6394319728261956,0.42655589829416046,0.043898734315733066,0.4236348656392723,-0.10673679341212752,-2.4314321375291597,-0.2519546951147656,0.029281565500781245,0.1390756382826574,-0.04808748995886758,-1.6422445021795227,-0.34576501357581074,0.019809082776535016,0.0752390706802484,-0.020051053801349104,-1.0122151554185395,-0.26649789291739434,0.03939541363221783,0.044204992532864626,0.0900376889505983,0.6398185638590366,0.6383050826475396,1.1080196284894182,trueSA,5,30,-0.999397709805566,-0.9994024473439773
-0.8618597387377946,0.9309298693688972,-0.6954321399920428,0.8477160699960213,-0.5813410674595177,0.7906705337297589,0.8973831143035377,0.8859554304364275,0.8490918165321047,0.5340240729522211,0.7302381488174744,0.4752358088082846,0.05239367604371024,0.4109476220407469,-0.12600234388404113,-2.404915123323695,-0.3066141209391097,0.03515844073627912,0.14665495691501654,-0.049995903572560854,-1.4220170896535616,-0.34090837857961004,0.024199727904397197,0.1295273662135916,-0.03223004219443315,-1.3318349000352525,-0.24882805183644027,0.04241353294121592,0.04091082583498239,0.10355506112078654,0.5835983126581336,0.6508606599413579,1.297403141447769,trueSA,5,31,-0.999397709805566,-0.9994024473439773
-0.814002841251819,0.9070014206259095,-0.686018621028437,0.8430093105142186,-0.6898022619482757,0.8449011309741377,0.9255404129755578,0.8936856075270265,0.9115873260070669,0.6343914521057498,0.7417559032894132,0.49506159519342885,0.050549372083181665,0.376846994909896,-0.11238602426048848,-2.223292191949513,-0.29822720037175815,0.03398115467112996,0.1687872543601494,-0.05206896319085811,-1.5322894026051261,-0.3084887149106418,0.02371650647526995,0.1293617204705956,-0.03771421291376826,-1.5902094582561819,-0.29154074927706947,0.04822261578021344,0.04089948297494635,0.09920680192361796,0.609456445135581,0.6041966795888557,1.1468243767931783,trueSA,5,32,-0.999397709805566,-0.9994024473439773
-0.7673458335045938,0.8836729167522968,-0.7886996629586723,0.8943498314793361,-0.6266581482947936,0.8133290741473969,0.7798825392403469,0.8768344801402641,0.8858495620554764,0.5203738508655336,0.6784612692798512,0.49104325275750715,0.0567483034338432,0.28890100503664956,-0.09822077594319797,-1.7308143151398898,-0.3399807346836257,0.028205528552622122,0.17581960479860878,-0.055364617226440566,-1.962899476361474,-0.31489444700923735,0.02271168847193986,0.07733595782867828,-0.026245075194228102,-1.1555756951603893,-0.3393644551783868,0.043853399074404796,0.044311142689807986,0.10397521685645315,0.6515488596964291,0.6161103821454089,1.169680716988094,trueSA,5,33,-0.999397709805566,-0.9994024473439773
-0.7784217856357118,0.889210892817856,-0.832769292626412,0.916384646313206,-0.5943773477529778,0.797188673876489,0.8411231402072966,0.8853096163187406,0.9249780617374175,0.583238910533931,0.7407594705756585,0.6268228141682639,0.05618366904916613,0.4124680610855721,-0.11841887661060255,-2.1077099202434537,-0.2870982938628912,0.028646706912065827,0.23372248979283503,-0.0679335435035836,-2.37142592731908,-0.29065899290991626,0.02554203452836404,0.10327765132611479,-0.030087878400596308,-1.1779750108466958,-0.29133000232150214,0.049760292383797054,0.0471422312607241,0.08763650313856103,0.5864808506417724,0.664470979964768,1.1941148257178074,trueSA,5,34,-0.999397709805566,-0.9994024473439773
-0.8173723301263477,0.9086861650631739,-0.7417580396653244,0.8708790198326621,-0.57016486615149,0.785082433075745,0.9013469311410616,0.9252280296083675,0.9007899044088499,0.5602838735865574,0.6796995112630221,0.3702441728508662,0.07950117948860458,0.23730400889743167,-0.11315962827160289,-1.423370432986127,-0.4768551058086554,0.04617732376747081,0.15755891379354406,-0.06320414399243673,-1.3687268736210372,-0.40114610129424816,0.03623466965077613,0.14266686693346795,-0.04132481087244415,-1.1404770975070553,-0.28965948268644454,0.05341329909730763,0.045308673453696074,0.09470557793612876,0.5667081535515407,0.6529900547563545,1.0297083321522855,trueSA,5,35,-0.999397709805566,-0.9994024473439773
-0.7581702931325236,0.8790851465662616,-0.8240585926841452,0.9120292963420726,-0.6608046681072899,0.8304023340536449,0.8978502876307275,0.8567388987860102,0.8603745925895904,0.5414048497554721,0.6503791528314709,0.735268060794427,0.027913912219652236,0.2906476266768944,-0.06761017544336814,-2.422096011169962,-0.23261905220553772,0.02427088670800772,0.11426916383682455,-0.04294378963184957,-1.7693539650399783,-0.3758125831144871,0.01607356834411132,0.10444947682489428,-0.026739715096343167,-1.6635830030946102,-0.25600621380968064,0.04208638827653246,0.04765152016879901,0.09377771675631431,0.6668550249006657,0.5815263991379853,1.4019486711949638,trueSA,5,36,-0.999397709805566,-0.9994024473439773
-0.8244905789301076,0.9122452894650538,-0.8284322299123779,0.9142161149561889,-0.5128564316817259,0.756428215840863,0.8509705425762015,0.860647241379406,0.8543879305554635,0.5475963873605041,0.7763749978206993,0.6066101927567277,0.04703137639587626,0.4232821676563719,-0.11639237827513334,-2.474781458561325,-0.27497586047523453,0.02780022049113535,0.2427334969161945,-0.06829066188694725,-2.4564791458658783,-0.2813400818368513,0.01906272964438828,0.09830087313017186,-0.022259342463166076,-1.1676891441262622,-0.22644094354777336,0.042587241044929836,0.04314853798931766,0.10549822000882322,0.641400208932054,0.6300809835666846,1.0737648093042076,trueSA,5,37,-0.999397709805566,-0.9994024473439773
-0.7939175670247847,0.8969587835123922,-0.7217674926806784,0.860883746340339,-0.5474666203529389,0.7737333101764694,0.8709732433809362,0.8889990990134827,0.8748003003225112,0.6395303107066485,0.754941848746273,0.5274932175936069,0.04823092129284631,0.3980265790480781,-0.10990557125791366,-2.278736717273013,-0.27612621127152925,0.029068808329303433,0.1587551134717888,-0.04898644619968324,-1.6851893495166572,-0.3085660998780254,0.023492909208236212,0.10695783896348474,-0.02728667247591675,-1.1614854607427891,-0.25511615362042217,0.04888989606269716,0.042223188622917136,0.08493854768099017,0.5864738323439358,0.6084516132466686,1.099883516520295,trueSA,5,38,-0.999397709805566,-0.9994024473439773
-0.914713077336533,0.9573565386682665,-0.8371648822688739,0.918582441134437,-0.6545645982427142,0.8272822991213571,0.9141145460027047,0.935440823833612,0.9303191684845431,0.6247187127267473,0.8342965254390153,0.452076981074403,0.07046221547978944,0.3563379146513445,-0.14429865551226964,-2.0478870062446246,-0.4049489251051416,0.04471589533996742,0.19493550276714347,-0.078783149903059,-1.7618600567892913,-0.4041498279416445,0.03549389033554235,0.12302935379450754,-0.0433646277337965,-1.2217490763578729,-0.3524738316209253,0.04883793906924542,0.0475547929311779,0.0879542339979891,0.6715754914379405,0.5987870755200598,1.064399306647654,trueSA,5,39,-0.999397709805566,-0.9994024473439773
