generation,regime,scenario,block,population,dose,survival,clear_rel_mean,clear_rel_sd,tol_rel_mean,pref_rel_mean,pref_rel_sd,kappa_13h_mean,bv_f_mean,bv_m_mean
1,I,kappa0,1,I,0.9986847130146114,0.47,1.0124311359250442,0.1570410628135335,1.0151589127305218,1.000803966787677,0.1607623193890929,0.0,-3.10023515027567,-5.677811873612802
2,I,kappa0,1,I,1.0015547150714341,0.49333333333333335,1.0195642947482835,0.16451251081114052,1.0286974893633392,1.0314556436355928,0.15675602160675048,0.0,-3.1623212557030587,-5.7028376308166004
3,I,kappa0,1,I,1.006144168395933,0.4766666666666667,1.0281226169613502,0.16356531101485927,1.0012909335053417,1.036813369546461,0.14541654327089681,0.0,-3.1412529093463117,-5.686243087691886
4,I,kappa0,1,I,0.9941152085142798,0.47333333333333333,0.9989718049969324,0.13547516670988857,1.0348140591557515,1.0400864510819847,0.1453197388645216,0.0,-3.1389356623601223,-5.720536367304118
5,I,kappa0,1,I,0.9907634000836119,0.5033333333333333,0.9934980630680186,0.14384253884530024,1.0332759724012917,1.0528965962206414,0.1190335208168603,0.0,-3.2030724629647263,-5.721229294534786
6,I,kappa0,1,I,0.9750385282315038,0.5433333333333333,0.9589040600031276,0.12487008728744864,1.053835772715677,1.0355967089554545,0.17155232896193554,0.0,-3.23045468863886,-5.758217860156173
7,I,kappa0,1,I,0.9735468058209161,0.5533333333333333,0.9570188888541429,0.1304305610192891,1.0489580305465653,1.0659692084130343,0.14168865184283455,0.0,-3.2423660101708456,-5.744507847466085
8,I,kappa0,1,I,0.9886388402858267,0.5,0.9880510868818508,0.13572993827396015,1.0438344545969802,1.0416714049993685,0.17944066855987026,0.0,-3.276248286544427,-5.758889794180036
9,I,kappa0,1,I,0.9832562836019284,0.5066666666666667,0.978660297919129,0.1440064413230847,1.0818320103615435,1.0801954288432392,0.12773566522165583,0.0,-3.273411789271017,-5.778770136825559
10,I,kappa0,1,I,0.9936920271687024,0.47333333333333333,0.9984967005800811,0.13660607660406285,1.039032168927381,1.1035976999733577,0.13506000603911889,0.0,-3.2682210364600555,-5.805854512013866
11,I,kappa0,1,I,1.0116066316520598,0.4866666666666667,1.0380651902503313,0.15315719495210176,1.099844726694488,1.0548133548291287,0.15107539573103243,0.0,-3.2514518291027046,-5.7916775634873146
12,I,kappa0,1,I,1.0372689923852219,0.49666666666666665,1.097383252838874,0.1811496159952457,1.0720620294487944,1.0710596390007217,0.13330548095588363,0.0,-3.2562002474909937,-5.823413726360333
13,I,kappa0,1,I,1.0569960488640884,0.5133333333333333,1.1430935755118818,0.19798034805996598,1.126478935263005,1.0139654652154442,0.14816792488296596,0.0,-3.2740559558607525,-5.850177524234746
14,I,kappa0,1,I,1.0622533124897695,0.49,1.1567446869364015,0.21072072970687628,1.0687118037919796,1.0607323008436123,0.11788883470872769,0.0,-3.267492644219902,-5.816881730013305
15,I,kappa0,1,I,1.0607472476764985,0.5533333333333333,1.1582337712419084,0.23136674687449874,1.1399225997405105,0.9672097201786327,0.16689836047797685,0.0,-3.2770521889393005,-5.849963339670913
16,I,kappa0,1,I,1.0580204749019202,0.5033333333333333,1.151855546820626,0.22785712479823123,1.0843546394720551,1.0283645916905766,0.16344926876934396,0.0,-3.2782207020833583,-5.881580124970611
17,I,kappa0,1,I,1.0721470808592233,0.48333333333333334,1.183080073213121,0.23009768785733775,1.0804788385924253,1.019402804343849,0.1297142527152592,0.0,-3.240424127365202,-5.855822590445119
18,I,kappa0,1,I,1.0697018157365104,0.54,1.176852792606397,0.22644487824896578,1.0216012347637404,0.9661787494737083,0.17323736588800115,0.0,-3.2059902718000695,-5.874422687360109
19,I,kappa0,1,I,1.0736226023817241,0.49,1.1856103272695486,0.22753632664189394,1.0051036264033948,0.997817455146809,0.14094125677533892,0.0,-3.2023109610987643,-5.904191585083506
20,I,kappa0,1,I,1.0753604546708238,0.51,1.188200601631928,0.22482878182598692,0.96093258770796,1.0258314265801967,0.12477064370260676,0.0,-3.2312720193725823,-5.820210510224261
21,I,kappa0,1,I,1.079041905641506,0.52,1.19444353505035,0.2115718257561023,0.9841726493246424,0.9925376065541608,0.14352629089794264,0.0,-3.2577420176930203,-5.842205209742937
22,I,kappa0,1,I,1.1038331381060045,0.49,1.2505153856681268,0.21182490136428545,0.9733755164873852,0.9864662388121864,0.12100513005743774,0.0,-3.278371866862407,-5.848783137077342
23,I,kappa0,1,I,1.0899897547471937,0.49,1.2156784507442622,0.19503489206973768,0.9467493965584359,1.0217415494930404,0.1350572775608385,0.0,-3.2816631945494517,-5.8565780183896825
24,I,kappa0,1,I,1.0902351330741213,0.5,1.2161617383241123,0.19746570706480374,0.9063910385494409,1.0628643960837096,0.12844534131839005,0.0,-3.3003745345398583,-5.882374769789669
25,I,kappa0,1,I,1.1103989921679076,0.4766666666666667,1.2708834701854388,0.24143245010045106,0.9125449931690783,1.0316587139965785,0.12323754956046974,0.0,-3.30907538126466,-5.875636833514581
26,I,kappa0,1,I,1.1174690437849923,0.4866666666666667,1.2885458007172157,0.24171652763275442,0.9026319504392484,1.0286339309479187,0.12708316250910362,0.0,-3.3408259907058753,-5.967856654586862
27,I,kappa0,1,I,1.1413149066870383,0.5133333333333333,1.3407008172345707,0.22700862120035092,0.8727518429374175,1.0177606119304705,0.12424484697474061,0.0,-3.368233648375956,-5.993699152563377
28,I,kappa0,1,I,1.1373667092940642,0.49333333333333335,1.3346039265144256,0.24062051605846352,0.8861980749436758,1.0082670380246284,0.12343414906425222,0.0,-3.33402626402843,-5.949481208315963
29,I,kappa0,1,I,1.162030650317203,0.4633333333333333,1.3956774205912748,0.254624141845848,0.8778729856261506,1.0048182934664176,0.12252558808808892,0.0,-3.3486863999570184,-5.9637308931457715
30,I,kappa0,1,I,1.1608766393570842,0.45666666666666667,1.3928544165694883,0.24818193543266304,0.8962873237324824,1.0458324076187735,0.10570994715412133,0.0,-3.416134334429979,-5.971239491431199
31,I,kappa0,1,I,1.1709870969606375,0.49333333333333335,1.412948043572883,0.23074074461283117,0.9152542876166637,1.0606073230707092,0.11135102483026288,0.0,-3.402902734261092,-5.9915777682811955
32,I,kappa0,1,I,1.1463724043019514,0.5266666666666666,1.353094365022114,0.2284301901345247,0.8741793804179399,1.0513686727045664,0.12298260901432023,0.0,-3.464366016909626,-6.019906386328871
33,I,kappa0,1,I,1.1524704215651809,0.5266666666666666,1.3702558169610226,0.24143617443420512,0.9000632735232261,1.0826946375006758,0.11724440722139058,0.0,-3.4448379996794385,-6.044613717692287
34,I,kappa0,1,I,1.165739065456315,0.48,1.405931829355395,0.2586407493534759,0.8943601767886484,1.0790872568580672,0.10646261507367909,0.0,-3.4598776175777735,-6.0086675583889715
35,I,kappa0,1,I,1.1984881901237516,0.5133333333333333,1.484338987071358,0.2506560312282368,0.8944262764375303,1.0890284389689378,0.10469395816581169,0.0,-3.416197752921265,-5.9969367308910995
36,I,kappa0,1,I,1.2119780200937311,0.5566666666666666,1.5188955019266184,0.25452889828419806,0.916807753770682,1.087861891872718,0.1045080029457328,0.0,-3.4364709115000194,-6.0094669633613815
37,I,kappa0,1,I,1.2401947763568362,0.46,1.5959884608923853,0.27874637605943015,0.8999628766919977,1.0736520569993766,0.06955763596296174,0.0,-3.3782189265872558,-5.940282510033532
38,I,kappa0,1,I,1.2525190719466177,0.49333333333333335,1.627578179965335,0.27751403232003635,0.9112007786773946,1.0698892755262952,0.08995011770672348,0.0,-3.3968904371914594,-5.907537184072202
39,I,kappa0,1,I,1.2730692402512658,0.48333333333333334,1.6750347090737323,0.24315312600029979,0.9035554146958366,1.082733097691124,0.07871189596628635,0.0,-3.393520348934087,-5.903014956057207
40,I,kappa0,1,I,1.2802572778654373,0.4633333333333333,1.7071703498017186,0.307006935857191,0.9081669956343019,1.0791502158141508,0.08729659364620321,0.0,-3.3556268706685843,-5.895133357692695
41,I,kappa0,1,I,1.2806390781339845,0.5166666666666667,1.7126175757051132,0.3257840894896167,0.9115171616314027,1.0665918733098665,0.08450496908473318,0.0,-3.398546153824279,-5.896564040226092
42,I,kappa0,1,I,1.2947710593776494,0.5,1.750383260651451,0.32392864239414576,0.9096080165767774,1.0525303852928656,0.11108561853341381,0.0,-3.3805712224974007,-5.837297187923726
43,I,kappa0,1,I,1.2815987168072185,0.54,1.704983500220616,0.2791228094451522,0.8852550296103251,1.080699610793704,0.10774982774442085,0.0,-3.372858243812208,-5.883102331185597
44,I,kappa0,1,I,1.2832780363285332,0.5033333333333333,1.7106073453959758,0.285856317544751,0.864224176793336,1.0460528852065643,0.11958937417014102,0.0,-3.3900566182359446,-5.898196981265584
45,I,kappa0,1,I,1.3093224070486378,0.51,1.7955678450012629,0.3489128459197715,0.8567709755006411,1.0643916653070604,0.10337283844047387,0.0,-3.414229089429209,-5.901942815222748
46,I,kappa0,1,I,1.3453844386302976,0.5266666666666666,1.8886357647390017,0.3255661602899612,0.8542284810997455,1.069150162384088,0.09666088985707139,0.0,-3.409268044135763,-5.942827988637706
47,I,kappa0,1,I,1.3510456190850746,0.49666666666666665,1.90529199040943,0.3265875788587222,0.8596854698011694,1.0514926509527625,0.1071612063075356,0.0,-3.389031262891333,-5.961096481462807
48,I,kappa0,1,I,1.3748185252404914,0.57,1.9727515835845286,0.322360851400243,0.8662674214290318,1.0786642094358663,0.09955843809446757,0.0,-3.3955025044760636,-5.916031195363328
49,I,kappa0,1,I,1.366292517761207,0.52,1.943130075562269,0.29998133599065013,0.8684050543050997,1.070124593538618,0.08478178299583583,0.0,-3.4086208242235676,-5.9473477469925164
50,I,kappa0,1,I,1.3696046117112557,0.47,1.9555328165895822,0.31245811263907486,0.8592804284716586,1.0645392617424614,0.10737516541254521,0.0,-3.3840211468322265,-5.957699469783716
51,I,kappa0,1,I,1.3881165050626791,0.5366666666666666,2.011585116156695,0.3235306778150658,0.8657899648242658,1.0634752330360882,0.09393240471934247,0.0,-3.381041413128491,-5.95505342087869
52,I,kappa0,1,I,1.4008682014073266,0.5266666666666666,2.0541884543149656,0.3505360920033564,0.8547135584612564,1.0379991635151877,0.11577071337020967,0.0,-3.386566299498442,-5.921440024274624
53,I,kappa0,1,I,1.3975434386807164,0.47333333333333333,2.040505479383671,0.33134245347298447,0.8497458866766245,1.0462927855527608,0.09431947940363211,0.0,-3.396685379398821,-6.027333252830527
54,I,kappa0,1,I,1.424343263682326,0.49666666666666665,2.1235790867330855,0.3486758046765011,0.8640864788020731,1.0309736478482285,0.1124113874241295,0.0,-3.4091082617516792,-6.020725177840884
55,I,kappa0,1,I,1.440122832788151,0.5,2.1664617445744843,0.32177958566602555,0.8499851463934733,1.0421524525499721,0.09298632884344546,0.0,-3.3957735504933777,-5.9928301565793145
56,I,kappa0,1,I,1.4514081199585516,0.5033333333333333,2.2047405593108085,0.34169604556410943,0.8336639640082234,1.0332831577782797,0.10921126295158073,0.0,-3.354505107383275,-5.962339186690051
57,I,kappa0,1,I,1.4516579817292938,0.5566666666666666,2.2042693721080693,0.3339610464847302,0.8506521006534875,1.0442309477176956,0.10962822212558755,0.0,-3.350564396650803,-5.910318654920148
58,I,kappa0,1,I,1.4540772051928286,0.5033333333333333,2.2141880604692163,0.347610701805901,0.8470831660675017,1.0358940460462012,0.10130883596361136,0.0,-3.3333585731672133,-5.937034784966577
59,I,kappa0,1,I,1.4743539604049496,0.5233333333333333,2.278239541589057,0.3565479273194454,0.8662526249353558,1.0449842471821171,0.0867338697003853,0.0,-3.3050650502463386,-5.9342969435229165
60,I,kappa0,1,I,1.4774155241432199,0.47,2.2857857190214528,0.3464003977291396,0.8396521455565257,1.0407718632791336,0.08294019729088989,0.0,-3.352321617088399,-5.907342201490963
1,U,kappa0,1,U,,,1.0148495184949982,0.16440600458876214,1.010063430034094,1.00488016171816,0.14735729215133572,0.0,-3.134653463324417,-5.673183290052424
2,U,kappa0,1,U,,,1.0178937594257482,0.16057160197587553,0.9977951419528237,0.9999426478562626,0.14965032344017998,0.0,-3.0905981051125075,-5.693473359565834
3,U,kappa0,1,U,,,1.0124992944633515,0.14582936261073356,1.0355158579135784,0.9989340243230586,0.1650393209983599,0.0,-3.0755638636252325,-5.7025114873068725
4,U,kappa0,1,U,,,1.0159440954860406,0.14526323979326194,1.0339341196152412,0.9838897458303723,0.1571690901981441,0.0,-3.067586275995202,-5.689638124652423
5,U,kappa0,1,U,,,1.0169766555124955,0.14249838730337247,1.0157420921840046,1.0329271412308934,0.16824011447445691,0.0,-3.057260844106311,-5.707728134038371
6,U,kappa0,1,U,,,1.0075055734047895,0.14053189681727676,1.0212227446234916,1.0316803088702833,0.17448795986436313,0.0,-3.0823821083942877,-5.671453180166422
7,U,kappa0,1,U,,,1.0108864238749746,0.15313556300975975,1.0163642881839656,1.031655871295008,0.18015902726561503,0.0,-3.0534999944676686,-5.6696869018366085
8,U,kappa0,1,U,,,1.0182112156767742,0.14254238359863414,1.019472138490194,1.0185521111292342,0.16366817671797024,0.0,-3.078556426443752,-5.69557606417358
9,U,kappa0,1,U,,,1.0353130403300361,0.1489036606009719,1.039904646436806,1.0471171923851244,0.16667113810862466,0.0,-3.0870865705186565,-5.681175413718808
10,U,kappa0,1,U,,,1.0155846837896858,0.14019108525185303,1.0193000925143705,1.026074800486048,0.18356882113654913,0.0,-3.160199212130986,-5.673821892405806
11,U,kappa0,1,U,,,1.0024886852085968,0.1286709677466908,1.0377340411880176,1.0432555760603652,0.1598262983688888,0.0,-3.151746461050144,-5.67076364750593
12,U,kappa0,1,U,,,1.0035192552784253,0.11490728387805076,1.049564004077227,1.0568270103192112,0.1774074070059814,0.0,-3.156100617480259,-5.64218020268176
13,U,kappa0,1,U,,,0.9947782508562576,0.11635915305294589,1.019672910872918,1.047205773145172,0.19697429343344863,0.0,-3.172415818266306,-5.6665281465774555
14,U,kappa0,1,U,,,0.9857857665812255,0.11162642069827347,1.052022674831114,1.0432064483050882,0.16754515587259639,0.0,-3.1669266218166556,-5.6416310673401115
15,U,kappa0,1,U,,,0.9882269399711504,0.10528260665661036,1.0573261765468454,1.0649982024767832,0.1879328568072622,0.0,-3.1681810553986587,-5.64480950950028
16,U,kappa0,1,U,,,0.9649607815240633,0.10407673209712434,1.0795763559347278,1.1003903731120555,0.1714104464645833,0.0,-3.1448808596040028,-5.63310901518237
17,U,kappa0,1,U,,,0.9642593083845138,0.09464464602209838,1.0490781081628837,1.094300395312629,0.2051237170913291,0.0,-3.172195270151323,-5.64649137181908
18,U,kappa0,1,U,,,0.9573184004798744,0.08578106673564571,1.0536794014920963,1.079066908026454,0.18900019732905923,0.0,-3.167434482320631,-5.640761427139461
19,U,kappa0,1,U,,,0.9561085717236669,0.09593028041854569,1.067506924841815,1.127275275574822,0.19909893663963715,0.0,-3.171810895987212,-5.647865337390913
20,U,kappa0,1,U,,,0.9337522891842714,0.09343782573654869,1.063748951084793,1.1309472382885437,0.20731982322340703,0.0,-3.2145829169679145,-5.647496330464863
21,U,kappa0,1,U,,,0.9378383046505011,0.09845703168090827,1.053761734692546,1.0952494807732478,0.18169030562248314,0.0,-3.192036550521287,-5.63394239935382
22,U,kappa0,1,U,,,0.9368477362092494,0.10467615084077446,1.085691209615849,1.1246990531195535,0.1974638471147568,0.0,-3.2129175843996607,-5.655341715491108
23,U,kappa0,1,U,,,0.9499440243886353,0.09220156941386465,1.0831226990672194,1.1516200674192114,0.16963169249321358,0.0,-3.187698219700892,-5.64397439707324
24,U,kappa0,1,U,,,0.9699238891823854,0.09298969521205097,1.080250300508787,1.187895588029418,0.15517845601002772,0.0,-3.2246682791508956,-5.631025953654203
25,U,kappa0,1,U,,,0.9677231153483512,0.09677127418885248,1.1044681033554218,1.185440520818582,0.14198646599220618,0.0,-3.205026171748753,-5.632294884225356
26,U,kappa0,1,U,,,0.9638336530472648,0.09410283687746103,1.1152425761667113,1.2061154446221367,0.14151926931102118,0.0,-3.2019639174527454,-5.648371884441104
27,U,kappa0,1,U,,,0.9668342475218704,0.10241492680824506,1.0950262228590786,1.1904222136033464,0.14777882406437404,0.0,-3.204239734994141,-5.637000750354311
28,U,kappa0,1,U,,,0.9766527457046925,0.10229124488749862,1.106349737535181,1.204091956732379,0.14061486013771857,0.0,-3.2234656598366316,-5.65949685819283
29,U,kappa0,1,U,,,0.966937189146322,0.1074482260968818,1.104946569640634,1.1756852978224368,0.12731182309042025,0.0,-3.211621217904707,-5.676211729731946
30,U,kappa0,1,U,,,0.9669646406658013,0.10499568772140819,1.1113290741417623,1.1931628547442188,0.1326797920425937,0.0,-3.2240229175075643,-5.649883817872107
31,U,kappa0,1,U,,,0.9737463262606806,0.09782233182441229,1.1216775833357588,1.1906541573819966,0.11270793654527518,0.0,-3.2248708937066195,-5.615376480559951
32,U,kappa0,1,U,,,0.9702004700127335,0.09938003420967581,1.0541463334726562,1.205646037959783,0.10348261371164612,0.0,-3.2063731651417395,-5.642971979776579
33,U,kappa0,1,U,,,0.9647572692873083,0.10275159661258906,1.0890186186597979,1.208340800266014,0.12165339148067639,0.0,-3.1751731579154208,-5.590025575231408
34,U,kappa0,1,U,,,0.9537780917565063,0.09663800557363078,1.0499775542620005,1.2184906270058165,0.12081674714138191,0.0,-3.2156708082687415,-5.63871495901339
35,U,kappa0,1,U,,,0.9520695857837794,0.10857538271669191,1.064535898643342,1.2189756169169137,0.1294334389721243,0.0,-3.2227874883455825,-5.606239101223503
36,U,kappa0,1,U,,,0.9756644459926122,0.11206042803187148,1.0402596937813902,1.2144998520711834,0.11537647525010783,0.0,-3.239630134930644,-5.6643897716968965
37,U,kappa0,1,U,,,0.9741189229109468,0.10129890423157821,1.0430235529631693,1.2611638759968329,0.1283500236378011,0.0,-3.2774524514383176,-5.6813760499622825
38,U,kappa0,1,U,,,0.9665515081741634,0.10910375455125822,1.0415260131197488,1.2590505452786203,0.12236408430662346,0.0,-3.2715520753465293,-5.672047844772022
39,U,kappa0,1,U,,,0.9530039254669608,0.09669642405160742,1.0347397275328305,1.2610126101062986,0.12101282794639155,0.0,-3.2915469587154047,-5.7178163654774385
40,U,kappa0,1,U,,,0.9385685664230641,0.088993502801587,1.0540447270388014,1.2122797761885078,0.1409253216964333,0.0,-3.2879546991256974,-5.694279630620002
41,U,kappa0,1,U,,,0.9511781119467358,0.09880450220835103,1.0258923685146955,1.2447104419964903,0.11811844657260862,0.0,-3.3038965032966994,-5.681812925592125
42,U,kappa0,1,U,,,0.935966955055812,0.10330732357639627,1.041497378471693,1.2412815122817251,0.12630860443007327,0.0,-3.2865745937870385,-5.693849343759587
43,U,kappa0,1,U,,,0.9503494740022446,0.10003382769980833,1.0272375776393552,1.2450126506869745,0.1383666463108488,0.0,-3.2932870944933823,-5.700370832840222
44,U,kappa0,1,U,,,0.9530251934241187,0.10175531135156854,1.022315278060191,1.2474647966286792,0.11212785787175505,0.0,-3.265463931388658,-5.739295818075548
45,U,kappa0,1,U,,,0.9723152909925523,0.10993243731308742,1.0307477885683245,1.2551450031344458,0.144763935830818,0.0,-3.2782123492326307,-5.760278723384287
46,U,kappa0,1,U,,,0.9776771606386243,0.10863390892355389,1.0274539269659895,1.2756564209695687,0.12755289170813075,0.0,-3.265201784039181,-5.7421422831241244
47,U,kappa0,1,U,,,0.961911881774624,0.10534186388981805,0.9988058841805222,1.2718987952367196,0.13389004701231333,0.0,-3.289425555358533,-5.7593861545469025
48,U,kappa0,1,U,,,0.9582573046959254,0.10484351419040319,1.0023511601175423,1.2921096581744638,0.14791379269624502,0.0,-3.291799115748407,-5.780329675865483
49,U,kappa0,1,U,,,0.9599106236524293,0.10897899151999668,1.0045646745984735,1.2701361702372496,0.13933234203148695,0.0,-3.30984265102825,-5.782884808099826
50,U,kappa0,1,U,,,0.9437859570369388,0.10596916740447214,1.0168262020236993,1.2490500325894418,0.1398532796485143,0.0,-3.2967887947415146,-5.800142094478559
51,U,kappa0,1,U,,,0.9516822647554053,0.10368014263923331,1.0381074132020096,1.2547907118864712,0.12567671678126022,0.0,-3.3006166435328517,-5.784253991145732
52,U,kappa0,1,U,,,0.9536435672081555,0.10676334702206151,1.0325305598892327,1.2657253414974092,0.12722165125303075,0.0,-3.298841877519519,-5.818380115160399
53,U,kappa0,1,U,,,0.9400763999826093,0.10024042399267606,1.0608688901533023,1.264074186087848,0.13783145564077512,0.0,-3.28655572379227,-5.794059491166291
54,U,kappa0,1,U,,,0.9522411068162101,0.09407055367518788,1.0718926621124543,1.2639062415420523,0.13138891210400785,0.0,-3.2879184689813448,-5.772654760075142
55,U,kappa0,1,U,,,0.9433532957883138,0.08924779181103452,1.0804488891150619,1.256093382712992,0.13437741406410514,0.0,-3.3123695216257807,-5.742951410224549
56,U,kappa0,1,U,,,0.9463130559843618,0.09643727037665446,1.1075305616720323,1.2610944371440895,0.15528368161161815,0.0,-3.324045246652698,-5.759952925662137
57,U,kappa0,1,U,,,0.9495812100066064,0.09863192363225869,1.0771432760180104,1.2686921548794419,0.12897445527925813,0.0,-3.2968101365933093,-5.766463887061799
58,U,kappa0,1,U,,,0.9538213134935318,0.09873235151945307,1.0834253971312038,1.2630576397479019,0.11283332019237084,0.0,-3.2981322506039588,-5.756699759549221
59,U,kappa0,1,U,,,0.9635794171868285,0.09608405565262461,1.0932155236686152,1.2769922115188,0.12430262313710592,0.0,-3.297739574936138,-5.781502587900497
60,U,kappa0,1,U,,,0.9559889330129173,0.09234172048583317,1.1064593203270692,1.2797754835488364,0.12878793203004413,0.0,-3.2837896687333212,-5.819820934201971
1,I,kappa0,2,I,0.9968438096091297,0.47333333333333333,1.0076075693975874,0.15209234458609322,1.0512967429724893,0.9917136219369824,0.16071450334011594,0.0,-3.121261623670668,-5.6967257981435075
2,I,kappa0,2,I,0.9948492342788363,0.51,1.0015450095754745,0.13957558623140479,1.0485198929855222,0.9970781788269915,0.1347639100539614,0.0,-3.1455929699714926,-5.739406573601591
3,I,kappa0,2,I,0.9955312938414663,0.52,1.0021802062457068,0.13624351734119006,1.02013019094305,1.007607023860973,0.13182419557053102,0.0,-3.0995993236564434,-5.754500529881232
4,I,kappa0,2,I,1.0078652413662332,0.52,1.0296890593661312,0.14856025712165702,1.0774329600565777,1.026208535383789,0.1450974365084701,0.0,-3.0611631409701734,-5.750754337611305
5,I,kappa0,2,I,1.020107612056594,0.45666666666666667,1.0560411309160855,0.15300863723966188,1.062398082095536,1.0137396831403638,0.11417917590892009,0.0,-3.0321038684648767,-5.755131501675364
6,I,kappa0,2,I,1.0244467943055526,0.5533333333333333,1.0664473881020244,0.1629984837746019,1.0601713173077671,1.0169119360127552,0.14990789102178426,0.0,-3.057744951177803,-5.741842707589855
7,I,kappa0,2,I,1.0337597435796786,0.46,1.087219406011553,0.169712701273304,1.043055357190443,1.0207888540461727,0.1417571202875793,0.0,-3.046938595036805,-5.717499897311879
8,I,kappa0,2,I,1.0428778070101143,0.5266666666666666,1.1106885887379092,0.1874058126434018,1.0292543715208322,1.0466387100073944,0.14869731862136065,0.0,-3.049121053700785,-5.721623195897319
9,I,kappa0,2,I,1.0571916991762262,0.5333333333333333,1.139337936738019,0.1749673590620672,1.0525967380445733,1.057094855369293,0.13631100542831306,0.0,-3.042390163674304,-5.704322413000767
10,I,kappa0,2,I,1.0575623617794636,0.54,1.1430093413594504,0.19297415647092925,1.1025616436244654,1.084563023955994,0.07637692780698883,0.0,-3.037161697394994,-5.7377667768319744
11,I,kappa0,2,I,1.0945854491150815,0.5066666666666667,1.2290997132857993,0.21060041217283323,1.1264829864466663,1.0960758368627876,0.08490747942861814,0.0,-3.065790923697357,-5.772280778070463
12,I,kappa0,2,I,1.1045701936509036,0.5266666666666666,1.256349799572448,0.23202078572393248,1.1288407177575273,1.0722425061229235,0.09487689407061303,0.0,-3.061457620711682,-5.776064867531859
13,I,kappa0,2,I,1.0983155088034962,0.5366666666666666,1.2360441452919462,0.20213309819423672,1.0864197341757773,1.1087165005593074,0.09645578324739591,0.0,-3.048502739198638,-5.805468748749743
14,I,kappa0,2,I,1.110517536104044,0.48333333333333334,1.2641585451710033,0.20377966369906395,1.1123834900007044,1.0899195201388308,0.10160411758076188,0.0,-3.087101098849591,-5.821932551132181
15,I,kappa0,2,I,1.1233660739954543,0.43666666666666665,1.2963821297675489,0.2161264519569393,1.1246542489201279,1.0999202373852544,0.11224710791461628,0.0,-3.060856734874871,-5.823018347728745
16,I,kappa0,2,I,1.146295861910071,0.47333333333333333,1.3573450464951735,0.2488123308376022,1.144231207708854,1.0981749308927997,0.10629627439721208,0.0,-3.0730206859135962,-5.842128597566813
17,I,kappa0,2,I,1.1413699179114283,0.5266666666666666,1.3435918454742644,0.2401198782323384,1.1928218802742456,1.0818975252813459,0.10546069991452503,0.0,-3.09294880616444,-5.835939054563439
18,I,kappa0,2,I,1.1394283341853684,0.5133333333333333,1.3373412454733775,0.23364994727625063,1.1694179798086974,1.1016991957367979,0.12737923005142757,0.0,-3.1503925330674836,-5.8762218168697125
19,I,kappa0,2,I,1.1436701358503047,0.49,1.3497846226095314,0.24229176503475017,1.1728903306294038,1.1180029383554637,0.1195705822856649,0.0,-3.0931602344560916,-5.8391864682584025
20,I,kappa0,2,I,1.1469133357875656,0.48333333333333334,1.3637036813030656,0.2719953627314383,1.1264124952656485,1.1160801109945715,0.11196101791545597,0.0,-3.093624507186179,-5.844567539595496
21,I,kappa0,2,I,1.154800585812216,0.51,1.378745414693975,0.25676415571451866,1.1229187186658258,1.1300191618612896,0.12340432719577249,0.0,-3.053447430972109,-5.838443725067993
22,I,kappa0,2,I,1.1620652048698652,0.49333333333333335,1.3940859680258784,0.24560239744427767,1.1347831058922415,1.146473367954974,0.11115053435377063,0.0,-3.0711183805443794,-5.812487577696803
23,I,kappa0,2,I,1.152231062544287,0.5166666666666667,1.3679789825577253,0.2350353512233225,1.1184500287348413,1.1452899144036857,0.12022494282937171,0.0,-3.0799936428869263,-5.88688106648937
24,I,kappa0,2,I,1.1783184207938135,0.49,1.435497347318757,0.25340433973921395,1.1366660714843455,1.1680673582916,0.1224364786211711,0.0,-3.118045384803978,-5.94362564273152
25,I,kappa0,2,I,1.1946814722204995,0.5266666666666666,1.470533771499573,0.22890232645924422,1.1548654255715969,1.1929122565878503,0.12081867366411354,0.0,-3.097243756969382,-5.927396753181421
26,I,kappa0,2,I,1.2158567045173811,0.53,1.5266611811426014,0.24296539178783974,1.0913701790662331,1.1914748969161144,0.1262617817329911,0.0,-3.1322528990953242,-5.944267529628051
27,I,kappa0,2,I,1.2173171238142069,0.53,1.5295346809527417,0.2380118409472493,1.1158582918998137,1.1812322243250346,0.11052146470987868,0.0,-3.1245528938677256,-5.995921939286104
28,I,kappa0,2,I,1.2145199467632108,0.45,1.5299507539996515,0.2732359370979462,1.082665315780502,1.18622721184664,0.13034619650172402,0.0,-3.154636225119712,-6.006445490573332
29,I,kappa0,2,I,1.2380333804692285,0.4766666666666667,1.5799405060623408,0.22518439806984591,1.05876930178404,1.17883300634509,0.1200459043584333,0.0,-3.137158841278285,-6.0363374429312735
30,I,kappa0,2,I,1.2416515590544825,0.47,1.5963729630863117,0.26084268771252117,1.0758057752258166,1.1715321929859064,0.12412838979366754,0.0,-3.1317235327284307,-6.022030218385523
31,I,kappa0,2,I,1.244368229744424,0.51,1.6042038101885845,0.2645602279759497,1.0744850460971216,1.181187849470519,0.1152636661844183,0.0,-3.1274798383202924,-6.018045993586914
32,I,kappa0,2,I,1.2514349273421141,0.5366666666666666,1.6164692467091553,0.2348722369856536,1.075884777876798,1.16374412086964,0.10961560279863986,0.0,-3.1407846876239236,-5.960690306636668
33,I,kappa0,2,I,1.2572878342067786,0.48,1.6392560855278189,0.2714155144438606,1.1070365259220984,1.1670917911732894,0.1249614812137944,0.0,-3.135364344885071,-5.990399127819419
34,I,kappa0,2,I,1.2680522940074406,0.51,1.664772148987911,0.2569801468179944,1.1293064739944751,1.1898155294244477,0.1225505455799119,0.0,-3.1529427019042298,-6.020427106160623
35,I,kappa0,2,I,1.2679430626711783,0.5633333333333334,1.6651303446128787,0.2627021204629255,1.0927089526149276,1.1612256923266595,0.11185900256548635,0.0,-3.12510742990004,-5.971175310456342
36,I,kappa0,2,I,1.2732306333630121,0.49,1.6745583893865004,0.2380711920516308,1.0807897356994378,1.1702838259925703,0.10208218073747352,0.0,-3.1681796587040374,-5.990332002379618
37,I,kappa0,2,I,1.2876191786446236,0.5433333333333333,1.7137275304217667,0.2389475204349826,1.0834909114255455,1.1776367358349948,0.10580794122279615,0.0,-3.1516111907129916,-5.987602166034606
38,I,kappa0,2,I,1.2885097248896225,0.5266666666666666,1.715089833328757,0.23484619153578046,1.0926532046484916,1.1763378173301915,0.09687912824450497,0.0,-3.163945234440165,-5.994305377772494
39,I,kappa0,2,I,1.2771015022745078,0.44333333333333336,1.6889630482152702,0.2598414933804407,1.118279306345831,1.145715982545948,0.08927291513673553,0.0,-3.182179246003903,-5.9914336859854735
40,I,kappa0,2,I,1.28571583421787,0.5033333333333333,1.7053996920601002,0.22113126988078288,1.1221740585692677,1.1457915205335154,0.08285776277908319,0.0,-3.167071517767049,-6.013051610023425
41,I,kappa0,2,I,1.300733416773082,0.5166666666666667,1.7508545483849116,0.24791007223403932,1.0955833081051372,1.1285513202071986,0.07648507817873453,0.0,-3.149354662321576,-6.002388750591025
42,I,kappa0,2,I,1.3231057326409623,0.5366666666666666,1.8076814749570584,0.22087053251114777,1.085274068100745,1.1238601056216007,0.08458964366986695,0.0,-3.1523386709956225,-5.990003936641754
43,I,kappa0,2,I,1.3181030657266009,0.53,1.795196043028233,0.22761237120820227,1.1107881460548628,1.1083974218965524,0.07449833581722688,0.0,-3.2048167608774847,-5.990978066261358
44,I,kappa0,2,I,1.3251994955461628,0.5166666666666667,1.8153147029691785,0.23136586864539374,1.1425670894389235,1.115426723181146,0.07540043293903986,0.0,-3.232944236834198,-6.023768606480993
45,I,kappa0,2,I,1.3372024229826074,0.49666666666666665,1.850451096484694,0.2410196033859994,1.1138700726884068,1.0964644986805987,0.08238724319859236,0.0,-3.2169168061255733,-6.052597206019206
46,I,kappa0,2,I,1.338075982661412,0.5066666666666667,1.8521273331166057,0.23734313546660232,1.1078053631593698,1.0848449589776787,0.06884008142721638,0.0,-3.2211097425371613,-6.070078752902506
47,I,kappa0,2,I,1.3439859320117338,0.5466666666666666,1.8681221153476357,0.23112467767564956,1.1075413290001461,1.0963611160696298,0.06044569802938472,0.0,-3.194926448555676,-6.0974296308858
48,I,kappa0,2,I,1.3443062178815106,0.5566666666666666,1.8695285939394375,0.23381631776730807,1.0762650474107636,1.08770957947486,0.05465137164047993,0.0,-3.2020765745248414,-6.086432859059912
49,I,kappa0,2,I,1.3459735045743424,0.5633333333333334,1.8728929301843928,0.22476591418717592,1.0633186708591538,1.079511381810507,0.0632390959738835,0.0,-3.1385675836546665,-6.106605450376425
50,I,kappa0,2,I,1.3512791831463764,0.49,1.8871250482383213,0.21941169504963925,1.068170464597882,1.0985939554683513,0.06381383415786188,0.0,-3.182918880494385,-6.06762502394541
51,I,kappa0,2,I,1.355783997858977,0.47333333333333333,1.9010686318353975,0.226872898939749,1.0539337101036694,1.1076121470925488,0.06215452287531736,0.0,-3.1453430513395344,-6.094119928419329
52,I,kappa0,2,I,1.359533358575458,0.4866666666666667,1.9102513134666883,0.2156867647222107,1.052072826976679,1.1254295394425549,0.07796785070617174,0.0,-3.1478373875485754,-6.043677206683317
53,I,kappa0,2,I,1.3582969841022672,0.5133333333333333,1.9097266992550983,0.23620510998869446,1.0672750252797902,1.1218909117882356,0.08782801960756458,0.0,-3.1054855828627694,-6.058380497245967
54,I,kappa0,2,I,1.3654358792334311,0.48333333333333334,1.9299071554433382,0.23330706008531174,1.0597073262478034,1.1229218239800938,0.08326537504488378,0.0,-3.1074441527896357,-6.054578963690554
55,I,kappa0,2,I,1.375413551347033,0.5,1.9577730965956066,0.22705741362955698,1.0540308363287771,1.1017767786097072,0.07623277789005632,0.0,-3.0800689009769515,-6.043925369707153
56,I,kappa0,2,I,1.3740244002198874,0.53,1.9545809129190783,0.2319900283475835,1.0445965910664397,1.1065815969251807,0.07782129443415112,0.0,-3.09839754068549,-6.02511247714934
57,I,kappa0,2,I,1.3765743981505876,0.5233333333333333,1.9623649668856948,0.23442760148708636,1.0622507069857305,1.0893846890651033,0.08312966665788066,0.0,-3.0749229484737284,-6.020245071168812
58,I,kappa0,2,I,1.3763606014659189,0.48,1.9621672126753174,0.23718075092170463,1.0766797757099096,1.0782449268958325,0.0942986067806063,0.0,-3.0937902987646657,-6.03847593456444
59,I,kappa0,2,I,1.37839515012387,0.5133333333333333,1.9679595474158202,0.23715113869136856,1.0161492955526596,1.05961032287506,0.13026221084856696,0.0,-3.057328928619914,-6.021627200874721
60,I,kappa0,2,I,1.3755922503931963,0.5533333333333333,1.961375051216733,0.24601477113765155,1.0083563649982752,1.0600361351310035,0.09766341579373829,0.0,-3.08816727868442,-6.0492880593611975
1,U,kappa0,2,U,,,1.0137730155365725,0.1664959172897558,1.0260429405161342,0.9880700805447115,0.14600010191869767,0.0,-3.110999455102236,-5.705757183231039
2,U,kappa0,2,U,,,1.0038782803539394,0.1707262035267325,1.042498984662278,0.9952327168793262,0.15335033074208637,0.0,-3.1115532190255895,-5.666074844039937
3,U,kappa0,2,U,,,1.0503701141606887,0.19366988200430077,1.041039408752943,0.9664691087767672,0.14843584748044067,0.0,-3.104764416884048,-5.649809794509559
4,U,kappa0,2,U,,,1.03551654469522,0.18240786581074359,1.0488325295695153,0.9685346174634923,0.14638393115212572,0.0,-3.1232874790868235,-5.634900939250665
5,U,kappa0,2,U,,,1.0533198732906275,0.18525274022453492,1.0265362102162523,0.9596817791853041,0.1500636954685532,0.0,-3.1461120431934795,-5.673971327447532
6,U,kappa0,2,U,,,1.0373233818854617,0.17309617798819749,1.0248005705972347,0.9613248121426121,0.16005219062669276,0.0,-3.1436581299044475,-5.640264847916507
7,U,kappa0,2,U,,,1.0435691250401269,0.17052069633273348,1.0196572692601984,0.9660899831763912,0.1420851182031735,0.0,-3.1364526944053734,-5.688748472677206
8,U,kappa0,2,U,,,1.0463313606121878,0.1641438040223519,1.0157452841899188,0.9849734534230272,0.15854391571253,0.0,-3.1597302150550757,-5.668216514021584
9,U,kappa0,2,U,,,1.0668258914147764,0.1844883114007846,1.0022058743060023,0.9744365626692145,0.16755562664236764,0.0,-3.1299221370499004,-5.652285282844527
10,U,kappa0,2,U,,,1.0871102116610474,0.18229448054191683,0.995206183807388,1.0127577057064863,0.1393255772383251,0.0,-3.109633950828942,-5.702829126787721
11,U,kappa0,2,U,,,1.1166653983177586,0.19079624929997088,1.013562004138082,1.0034731827425964,0.13340256463948968,0.0,-3.1175854819583835,-5.698646055377388
12,U,kappa0,2,U,,,1.1404705659036627,0.185347292440341,0.9885232978356998,0.9948297323226681,0.13542896856360748,0.0,-3.14958140747361,-5.708610670750275
13,U,kappa0,2,U,,,1.1582460436752464,0.22021422299301063,1.0201861592726789,0.9870450006086138,0.15621424545060536,0.0,-3.1235978668149924,-5.7085093949263745
14,U,kappa0,2,U,,,1.1841868551540256,0.18766217792312434,1.0006990483679814,0.9741580555325265,0.13827866921204737,0.0,-3.1663437324987056,-5.7476588143895
15,U,kappa0,2,U,,,1.1838192682346858,0.20103048912053048,1.007889924922056,0.9873497461787929,0.15033098716939833,0.0,-3.116764467657039,-5.727009700572673
16,U,kappa0,2,U,,,1.1847509207399265,0.19622946208371722,0.9830014834159918,1.0020893641185022,0.13532599891799257,0.0,-3.16038646104189,-5.755216128667439
17,U,kappa0,2,U,,,1.1665814357656883,0.1935210957015545,0.996270576874468,1.0043938983468894,0.14154154748684925,0.0,-3.1864774432554,-5.744933611283953
18,U,kappa0,2,U,,,1.1768204934234905,0.178518182741744,0.9737751896315399,1.0180866489688913,0.1368294961676707,0.0,-3.1704871778946266,-5.735311117499347
19,U,kappa0,2,U,,,1.1803302713717507,0.19305633170925365,0.9757805161514227,1.0111103728322173,0.13426873519099553,0.0,-3.1624420340762485,-5.7271756607202295
20,U,kappa0,2,U,,,1.1844441852739154,0.17879787975799427,0.9923234639283699,1.021092085438817,0.1342966540848297,0.0,-3.158340443337544,-5.7179275345392755
21,U,kappa0,2,U,,,1.2025481271373528,0.20901648799637368,0.9996528425980284,1.0078277751304412,0.13113989417003383,0.0,-3.155205336133344,-5.735925807205007
22,U,kappa0,2,U,,,1.1821494464569313,0.1886475219755567,0.9809277505225564,1.042871513280145,0.12190612934644562,0.0,-3.1538733230709446,-5.745291627851778
23,U,kappa0,2,U,,,1.1772832288263568,0.1922125551834348,0.9855413042127361,1.0279105188290256,0.1409843691535705,0.0,-3.1478859158479637,-5.764630294981964
24,U,kappa0,2,U,,,1.1583828447647715,0.18374413320986008,0.9721482204352296,1.004882046671202,0.1449165884328287,0.0,-3.14075165583085,-5.7704039735478565
25,U,kappa0,2,U,,,1.1596305455717122,0.20732821152113792,0.9891036506057602,0.9979978740717198,0.1339820400283438,0.0,-3.1797131725932246,-5.778177995749373
26,U,kappa0,2,U,,,1.1829815090962177,0.18724204263539032,0.9984068271520069,0.9950461405291717,0.12342186831181513,0.0,-3.196682026747403,-5.795555481641157
27,U,kappa0,2,U,,,1.1963951038296528,0.21227569151946435,1.0055468709376858,0.9923809067440853,0.11851865685900366,0.0,-3.1929210696911743,-5.788883406803787
28,U,kappa0,2,U,,,1.2035090143200118,0.20257903161774787,0.9922799118222163,1.0042013232300597,0.11082792233631227,0.0,-3.196131953697596,-5.7853030123148255
29,U,kappa0,2,U,,,1.2226205484973203,0.19548200411637867,0.9699372764828822,0.9888274453364727,0.12724896091809992,0.0,-3.1482003253371893,-5.767779499038767
30,U,kappa0,2,U,,,1.2156063199665563,0.2083183955815087,0.9963247465663612,0.9965100256278123,0.12741248518001475,0.0,-3.1826249812187632,-5.789091770221455
31,U,kappa0,2,U,,,1.2106791195833102,0.1971093396863619,0.9994568703967726,0.9947663016686927,0.12445997076509813,0.0,-3.156533847644931,-5.778614568320008
32,U,kappa0,2,U,,,1.192163490554766,0.19186543374484763,0.987923686816276,1.0225541786191261,0.12184407226557238,0.0,-3.1913047247525985,-5.753967880248927
33,U,kappa0,2,U,,,1.2090986620499322,0.17184492754822012,0.9772685713139448,1.0371120042836348,0.10243018389549034,0.0,-3.229155708821257,-5.736979779074644
34,U,kappa0,2,U,,,1.211260303729453,0.18461760677567568,0.9934540240090295,1.026952652891751,0.11091767723369005,0.0,-3.1945582841281484,-5.717405744823491
35,U,kappa0,2,U,,,1.2182634175180476,0.16951135561675384,0.9717415373713002,1.0122870228357412,0.11732581103157154,0.0,-3.1836555786916882,-5.73960909526043
36,U,kappa0,2,U,,,1.2217758323281032,0.1839592534631478,0.9998911674781,1.0240901467489918,0.12939039902788302,0.0,-3.2198239508517053,-5.732499588381858
37,U,kappa0,2,U,,,1.1968242612187527,0.17561239717201702,0.9767954703006384,1.0258856635065905,0.13875221944861588,0.0,-3.2109552205869685,-5.691993220258534
38,U,kappa0,2,U,,,1.1918878133463275,0.16399583217187136,0.9758436615392304,1.0158567957183835,0.13748264812924804,0.0,-3.225751673669569,-5.717434902522062
39,U,kappa0,2,U,,,1.1848096424141825,0.17810331771481633,0.9656020388442732,1.0211448700281922,0.146306044912904,0.0,-3.2149577233505577,-5.702097255497828
40,U,kappa0,2,U,,,1.1775195225513975,0.1720219049613965,0.9752028492262745,1.0223988576719443,0.13415884173745882,0.0,-3.2392478734931527,-5.684314267383351
41,U,kappa0,2,U,,,1.1832604660342456,0.18124509348199735,1.0001159563441222,1.035659130751141,0.14180568522585826,0.0,-3.2400863199604526,-5.7141821801295904
42,U,kappa0,2,U,,,1.1745261406335752,0.16842825412001539,0.9723066192182307,1.0347306734724964,0.1404292614699312,0.0,-3.2137575139418377,-5.7260632748492695
43,U,kappa0,2,U,,,1.1641661197160627,0.1727386588613188,0.9550591649849143,1.0152552626841331,0.14344139818656548,0.0,-3.2386434815377445,-5.729246624595603
44,U,kappa0,2,U,,,1.1571771542505704,0.16544666468876887,0.943489102504764,1.0107406046858844,0.14700968948871931,0.0,-3.219177027814728,-5.713570251042073
45,U,kappa0,2,U,,,1.1862718421881295,0.1735308557663865,0.9471149845250703,1.0236758360576816,0.1433123008830229,0.0,-3.2721974136275804,-5.714616419313506
46,U,kappa0,2,U,,,1.1815015285217831,0.16237681122268993,0.9528218003695671,1.0518644372262453,0.1443943581519711,0.0,-3.2860677975055252,-5.724582041641086
47,U,kappa0,2,U,,,1.1810340801330306,0.15924452894048077,0.9584108748095641,1.054070800255186,0.12858590904573128,0.0,-3.29828102991129,-5.7335612324939165
48,U,kappa0,2,U,,,1.1845401115753353,0.1603534971480721,0.9604151681460538,1.0609232160976205,0.12992894444952602,0.0,-3.3234471217615105,-5.752270103687489
49,U,kappa0,2,U,,,1.193375490462846,0.15882626520683607,0.9414781586124351,1.0739942434531642,0.12653204514147517,0.0,-3.3124233278289616,-5.726532058997668
50,U,kappa0,2,U,,,1.1860001412623198,0.15552669468736957,0.9970689496853996,1.0577024121144822,0.1285795314531894,0.0,-3.2950602693260063,-5.7453601973042945
51,U,kappa0,2,U,,,1.1888747182940056,0.17105363884780594,0.9669262375050939,1.065234537785432,0.132811353688735,0.0,-3.323968285245934,-5.769515136890666
52,U,kappa0,2,U,,,1.1757022209242958,0.14569745730755926,0.9721703591683054,1.0762726614582725,0.13213949576333203,0.0,-3.3172385489736924,-5.778739073082423
53,U,kappa0,2,U,,,1.1898271410773433,0.16146917373857414,0.970076331473447,1.0880600546720818,0.1301537604528183,0.0,-3.3274961371674205,-5.728204788487303
54,U,kappa0,2,U,,,1.204477019325955,0.15753691283116533,0.9976936657351355,1.07270417363959,0.1380121325792267,0.0,-3.319447822417563,-5.7548244367374055
55,U,kappa0,2,U,,,1.1918916611067074,0.15678517534151667,0.9874403687555287,1.0662828054397737,0.139753788737847,0.0,-3.273632189571994,-5.75632187102707
56,U,kappa0,2,U,,,1.1867970970987278,0.15760017799835369,0.9723487324039276,1.0600527554440755,0.1236849030950297,0.0,-3.2776788375595447,-5.729449605752949
57,U,kappa0,2,U,,,1.1933515966560369,0.1615884473596865,0.9534751010368082,1.0474045192228862,0.14498014958585467,0.0,-3.24628492846221,-5.723592245464608
58,U,kappa0,2,U,,,1.2092538465250264,0.15407486629021785,0.9424713879596304,1.0843287806428472,0.10983411212679461,0.0,-3.2625712331994214,-5.732580944917014
59,U,kappa0,2,U,,,1.1901177980280324,0.17322603748701557,0.9550042642852656,1.0766914972365562,0.12666543853922455,0.0,-3.2528249563338805,-5.701892749166988
60,U,kappa0,2,U,,,1.1925892371993838,0.163078705619851,0.9596581188875103,1.0717189090316095,0.10607992800733163,0.0,-3.2814371566815783,-5.684014617742391
1,I,kappa0,3,I,0.9991695670150846,0.4766666666666667,1.014128324034599,0.16167122655574395,1.0196856574877087,1.0057207270029858,0.14666685499111187,0.0,-3.1089795645421416,-5.689681910574347
2,I,kappa0,3,I,1.00929337170071,0.48,1.0358395380673933,0.16693668665783554,1.0195424278955962,1.0130379461399575,0.16166738415003784,0.0,-3.1235776840489726,-5.684539217519549
3,I,kappa0,3,I,1.0165914149121469,0.5133333333333333,1.0511901526273473,0.16712121183736,1.0100680863397935,1.037651331354675,0.16440192661486702,0.0,-3.0926085639903205,-5.671894253894634
4,I,kappa0,3,I,1.0340879814555608,0.47,1.0941813206505384,0.2029873097615772,0.9795380270204066,1.0638080160843644,0.1810366089990657,0.0,-3.0836396035631917,-5.71579141047465
5,I,kappa0,3,I,1.0290802930891698,0.5133333333333333,1.085864611065065,0.2090050555435764,0.9561106674543184,1.061893108702885,0.14465709379888336,0.0,-3.0454781747387147,-5.695096983654413
6,I,kappa0,3,I,1.0414280783457255,0.5266666666666666,1.117648701128445,0.2418799389973726,0.9425503368349706,1.0753491456075388,0.14731007713839028,0.0,-3.0811304037402936,-5.698484654294999
7,I,kappa0,3,I,1.061990730998687,0.5366666666666666,1.160912024627355,0.2320120740098803,0.9582543991942585,1.076414295933815,0.12725012615849565,0.0,-3.0516885064138055,-5.672681669289331
8,I,kappa0,3,I,1.0425254935088402,0.44,1.1094366885626725,0.1832418870155449,0.9593695533607316,1.0751505447198901,0.1274201942712919,0.0,-3.035144472684125,-5.722651776468501
9,I,kappa0,3,I,1.0512535978758804,0.49,1.126599393793171,0.17609405530603253,0.9673656959970595,1.0347513392721295,0.13093757330742486,0.0,-2.9605248116175558,-5.693788955874179
10,I,kappa0,3,I,1.0749818473975434,0.4866666666666667,1.1945311802853844,0.2526816461477029,0.983925670649936,1.0273883901592853,0.11301694845566398,0.0,-3.0273682477644055,-5.725545060671746
11,I,kappa0,3,I,1.1090061707377792,0.5066666666666667,1.2732922092384815,0.26423131277779244,0.99137833583421,1.0549656771473748,0.09940450021343285,0.0,-2.9924026751950827,-5.688475090552991
12,I,kappa0,3,I,1.1252222366060654,0.5333333333333333,1.305102622642639,0.238518722967701,1.028072027677556,1.0753975310854993,0.09522656308882127,0.0,-2.9920678854872564,-5.7235914928943
13,I,kappa0,3,I,1.1250845011902015,0.53,1.3117866537930178,0.2695864082192091,1.0223728957303384,1.048047570378371,0.11662619642825693,0.0,-3.005988763506401,-5.724071192966216
14,I,kappa0,3,I,1.118549095974413,0.4533333333333333,1.2896432005033858,0.24086683141251983,1.0752278292110975,1.0507899629271726,0.11745378970847681,0.0,-3.0044205914438833,-5.691110362718403
15,I,kappa0,3,I,1.0992195418884732,0.48333333333333334,1.2478560493663198,0.2483926224447119,1.0595588130361906,1.0520655904957452,0.1160698381602853,0.0,-3.0363962143336205,-5.718910640325217
16,I,kappa0,3,I,1.1227000559427909,0.4866666666666667,1.298182350189573,0.23432977619243034,1.0800615978178707,1.0597344014627825,0.11520710274032646,0.0,-3.0435162238018876,-5.696303755147942
17,I,kappa0,3,I,1.1446474538554676,0.5733333333333334,1.354104133415624,0.25629098277520673,1.083149334073937,1.0739635915180785,0.1036379641688,0.0,-3.087671808646552,-5.713799783506914
18,I,kappa0,3,I,1.1419288438858235,0.4633333333333333,1.3486681369435911,0.256874033594729,1.068389420569348,1.0798627483196364,0.09304902970895981,0.0,-3.1312859633667913,-5.696508191154622
19,I,kappa0,3,I,1.1339354794890968,0.4866666666666667,1.3290758273087242,0.2543756739761769,1.0564744301093258,1.095473847104746,0.07762756522621402,0.0,-3.1483570605112337,-5.682484953161011
20,I,kappa0,3,I,1.1398466568724626,0.5366666666666666,1.3449641824164273,0.25930654408273934,1.086244968808371,1.0935984322367684,0.07053203026314568,0.0,-3.1676138536329086,-5.64207075918342
21,I,kappa0,3,I,1.1560277439311464,0.51,1.3821653328451735,0.25818046795017136,1.0921121412041814,1.0934842799789968,0.08123485204781807,0.0,-3.1367486088767382,-5.695069855093886
22,I,kappa0,3,I,1.1676606142563881,0.4866666666666667,1.4089901156195954,0.2512830663176796,1.1142294311900673,1.1072180666071445,0.08004519660984821,0.0,-3.1201846772855744,-5.716621630341603
23,I,kappa0,3,I,1.1864042817800549,0.47,1.4547719908173193,0.25466003303828566,1.0921718515538166,1.1254209894257727,0.07145689343472757,0.0,-3.1276791126949366,-5.712680371709525
24,I,kappa0,3,I,1.1851339949333655,0.5466666666666666,1.4433091671742777,0.2091587042598977,1.1175526515180259,1.11529286868991,0.08014698873840337,0.0,-3.1386271912323993,-5.72125578372929
25,I,kappa0,3,I,1.195379037410534,0.5233333333333333,1.4736225694673954,0.23536385168005766,1.1300543551710398,1.1204953446968322,0.07397600732074855,0.0,-3.147158002954411,-5.731667059454004
26,I,kappa0,3,I,1.1851625640336079,0.4666666666666667,1.4432932101363312,0.21171291643336904,1.1648694526461376,1.0989715670740001,0.08332467703824674,0.0,-3.161412301633206,-5.783749914965575
27,I,kappa0,3,I,1.1856553049674092,0.53,1.4494143108840285,0.234538427298297,1.1349644519580078,1.1182702066004393,0.09812539799593636,0.0,-3.1544034959228484,-5.799744985709302
28,I,kappa0,3,I,1.1978695435436204,0.49666666666666665,1.4837057354274754,0.25751525259251457,1.1445713240702822,1.107604614104108,0.09074895147720026,0.0,-3.155967858082114,-5.761822283574804
29,I,kappa0,3,I,1.2260602373114566,0.4766666666666667,1.5597477732822234,0.2814713468804327,1.1314496149655149,1.1204659152158611,0.07647869273020723,0.0,-3.1237292206788387,-5.831940109922173
30,I,kappa0,3,I,1.2501049223452194,0.5433333333333333,1.6280123157567652,0.3115698111930341,1.1434940634748283,1.1065987724656958,0.08363566411942729,0.0,-3.1429097565768296,-5.787244764358828
31,I,kappa0,3,I,1.2639769165722319,0.49333333333333335,1.659899514372784,0.2898248814701441,1.125990404518631,1.1115650169975204,0.08701447315224876,0.0,-3.1281884203047063,-5.863656291928772
32,I,kappa0,3,I,1.2631400417141,0.5333333333333333,1.6581642965294905,0.29255786288717783,1.1365660755559248,1.1142954242416223,0.09124021238557603,0.0,-3.147032811228647,-5.813761949132291
33,I,kappa0,3,I,1.258150533460868,0.5,1.6441587002457052,0.29112845435677176,1.128712253370126,1.1224596273759448,0.08156816722552096,0.0,-3.1484950372773857,-5.815817826026377
34,I,kappa0,3,I,1.2625317892279446,0.54,1.6620517836011668,0.31784907584088945,1.153786056192907,1.1239447898881687,0.07169910938197185,0.0,-3.1605374646833706,-5.780789604367118
35,I,kappa0,3,I,1.275432078598342,0.45,1.6901506041298888,0.2922084512469779,1.119294300544905,1.099560155385424,0.09069385006774443,0.0,-3.1540606020186295,-5.817877256265068
36,I,kappa0,3,I,1.2868477247074315,0.49666666666666665,1.7234550778202622,0.3041453060373522,1.1729957738687604,1.118883686205164,0.08552014087625628,0.0,-3.132467684744396,-5.830737279426238
37,I,kappa0,3,I,1.2975092592568123,0.51,1.749152124145324,0.28904531510754194,1.1843143976965333,1.121187522678213,0.08475573087113399,0.0,-3.156755321574884,-5.8625806053141725
38,I,kappa0,3,I,1.2912617267475013,0.49333333333333335,1.7297814668991047,0.275507882455198,1.1877415855574027,1.1251607256021865,0.08701054145825085,0.0,-3.1254709378267935,-5.878261578950186
39,I,kappa0,3,I,1.300460583871671,0.5,1.758711825197798,0.2962807975240456,1.1735111217567025,1.1404829581052738,0.081859511845733,0.0,-3.1427318725965763,-5.8776995937155565
40,I,kappa0,3,I,1.308397804661082,0.5133333333333333,1.7820031873148938,0.30266517226219264,1.1561745531868075,1.1319733931253255,0.08505427924284407,0.0,-3.1489630546481022,-5.86987594300871
41,I,kappa0,3,I,1.303161766532139,0.49,1.7628143564890077,0.28225647812920557,1.1949349191699112,1.1412522411064283,0.09412222631712035,0.0,-3.1603253013963224,-5.905065071082713
42,I,kappa0,3,I,1.2911054114425162,0.5066666666666667,1.7312981524569682,0.28690909322751396,1.1938984962062678,1.1538707863747242,0.09309082971228551,0.0,-3.1720077971500262,-5.911386919364456
43,I,kappa0,3,I,1.296694533125009,0.52,1.751194721293003,0.3121832393448871,1.189251284242914,1.1485727497773681,0.09086914768046278,0.0,-3.214376176904891,-5.932682500660529
44,I,kappa0,3,I,1.3013419045073384,0.5166666666666667,1.7590939222569633,0.2870666816767825,1.1698883440856782,1.15133077465242,0.08472306982385103,0.0,-3.2376935468694508,-5.947347511599366
45,I,kappa0,3,I,1.2984871674934968,0.49,1.7471647489264512,0.2652750641979626,1.166781355409167,1.1491110638600197,0.0913077570357887,0.0,-3.237622225197118,-5.925348715745132
46,I,kappa0,3,I,1.3089692989671426,0.5333333333333333,1.7852343868449463,0.31896363163756825,1.1957136780386182,1.1405211511550677,0.0930818358449482,0.0,-3.2614180824369634,-5.899146223682441
47,I,kappa0,3,I,1.308200443557483,0.49666666666666665,1.776677494647676,0.2810682311213812,1.1913251894123795,1.137944738928497,0.08879374763776296,0.0,-3.2669530682228904,-5.884040377392433
48,I,kappa0,3,I,1.3057844265472973,0.5033333333333333,1.771495945434583,0.2892208174994825,1.1941283453851417,1.1659562350777848,0.08964404109603702,0.0,-3.2361060170547904,-5.8224606888279
49,I,kappa0,3,I,1.3128739817064867,0.48,1.7928443702383334,0.3005552950610548,1.1755809429401562,1.1553172630293114,0.09857721442795067,0.0,-3.279524647997545,-5.828099561291208
50,I,kappa0,3,I,1.327040470378051,0.5333333333333333,1.8419352982375221,0.3472432283310034,1.1775829576331198,1.148750973539289,0.0976490149016927,0.0,-3.2667470755277788,-5.81660492912355
51,I,kappa0,3,I,1.3273438823260273,0.49666666666666665,1.8405728686529923,0.33925862662788026,1.1558488423837934,1.149187610601283,0.10516484344874062,0.0,-3.3086427697275282,-5.84852512000902
52,I,kappa0,3,I,1.3265889949809253,0.48,1.8410696505957451,0.35223819534646866,1.1997551847844563,1.1617993421756205,0.09671071246176038,0.0,-3.267474592732202,-5.863431992532649
53,I,kappa0,3,I,1.3307032866877924,0.44333333333333336,1.8471579346075264,0.326311563605334,1.2195925415340643,1.1536349051643275,0.08104160703163606,0.0,-3.2769993914163047,-5.835578845345189
54,I,kappa0,3,I,1.3175588091902173,0.56,1.804387034134555,0.29339525127849486,1.228716916602612,1.1473478293179156,0.08280244792722793,0.0,-3.2799381749084784,-5.877174934697939
55,I,kappa0,3,I,1.315485491834549,0.5133333333333333,1.7996864136584425,0.30132754316179955,1.2105382028942109,1.1591324624158037,0.08273038954853053,0.0,-3.2425892631490796,-5.844643058717703
56,I,kappa0,3,I,1.3283691962329887,0.53,1.8441989091458064,0.34491800622252844,1.173097853781442,1.1598587658951123,0.08307754123026115,0.0,-3.260452902673609,-5.8816360739933335
57,I,kappa0,3,I,1.301028388286698,0.49666666666666665,1.7638076766655921,0.31941837455973776,1.1713221580418975,1.1803809673203771,0.06531837978415192,0.0,-3.256925259192929,-5.850129032630074
58,I,kappa0,3,I,1.3025508866697755,0.49,1.7631514997920665,0.29320527677866604,1.1664202938828074,1.1664001479375827,0.06508842406250887,0.0,-3.2596247883804406,-5.879419320586587
59,I,kappa0,3,I,1.3077691203936388,0.55,1.7846999269992474,0.334740617818234,1.1522161935497834,1.1641782964963603,0.06689256884107811,0.0,-3.2725156269910953,-5.8820694315484365
60,I,kappa0,3,I,1.3117104194061397,0.4766666666666667,1.7917607877641695,0.31359945198382116,1.1263423329078062,1.1578801456922205,0.06233603473300839,0.0,-3.312468180839991,-5.883609537065457
1,U,kappa0,3,U,,,1.0183511472262508,0.15423472597460833,1.022724094658065,0.9954394260467143,0.1427068190038845,0.0,-3.125939882422289,-5.671395022887837
2,U,kappa0,3,U,,,1.0014100222340645,0.13650042606482665,1.0169561563919358,0.9748271516983126,0.16735278238585863,0.0,-3.1627826585725938,-5.692766689113446
3,U,kappa0,3,U,,,0.9897419865283811,0.14044889253286374,1.0176181271167084,0.9961508580953387,0.1537949145291954,0.0,-3.171775844572274,-5.681809717861085
4,U,kappa0,3,U,,,0.9525850355482506,0.12582595734713695,1.001715606452184,0.9898288025366739,0.1548847758235838,0.0,-3.2016222673429193,-5.656747094306475
5,U,kappa0,3,U,,,0.9501198000209848,0.12435747759858753,1.0183528683153942,0.9977473670492046,0.14135044054144694,0.0,-3.226906127956216,-5.668009683628168
6,U,kappa0,3,U,,,0.9433167729362215,0.12800167045856417,1.0354455607456585,1.0065973106706436,0.16102287223456438,0.0,-3.198911920667072,-5.652187990044029
7,U,kappa0,3,U,,,0.940200162902939,0.11910751768499123,1.0308817635100225,0.9996297779747636,0.16359062489680465,0.0,-3.146326967689428,-5.619047017211102
8,U,kappa0,3,U,,,0.9565835698030052,0.1101728999628741,1.049076604809865,1.0151185115331631,0.17105701641173246,0.0,-3.1684637890938876,-5.652077925838074
9,U,kappa0,3,U,,,0.9558850954383825,0.11724749772516592,1.023847440882225,1.0071302113054779,0.1634905300664665,0.0,-3.16534364074433,-5.644578817539764
10,U,kappa0,3,U,,,0.937996225985854,0.11585669984264277,1.0312494720749603,1.0205204609515424,0.14856617268275582,0.0,-3.1347889059957637,-5.644056624296269
11,U,kappa0,3,U,,,0.9457107143481184,0.12238803686114963,1.0261337994321018,1.0096067624922371,0.15463539176992283,0.0,-3.1070526106440637,-5.646810820137393
12,U,kappa0,3,U,,,0.9660620315628952,0.13374318747575237,1.0392153669261763,1.0289462758829728,0.14099218588310108,0.0,-3.126869847617345,-5.625418458046632
13,U,kappa0,3,U,,,0.9611333682438268,0.12698056854935932,1.0260260502352019,1.0352817768764737,0.14091515971629281,0.0,-3.152336441526391,-5.62502571985129
14,U,kappa0,3,U,,,0.9962781007295056,0.13202010628349223,1.0221819680396254,1.0477830849112264,0.12362554487260585,0.0,-3.1493564199271424,-5.624983443777563
15,U,kappa0,3,U,,,0.9882898213493445,0.13596777734537105,1.0352012878489192,1.0711349149735907,0.13725304523668597,0.0,-3.1005947606306483,-5.611148761113187
16,U,kappa0,3,U,,,1.005334651742414,0.15405840066604928,1.0307053355513764,1.0387375206862586,0.1575645095230079,0.0,-3.1589476325795443,-5.626676353297506
17,U,kappa0,3,U,,,1.0179467452942341,0.1403758777767198,1.0557097461956684,1.0668757591668734,0.12801792813981597,0.0,-3.097909052806568,-5.605929281400906
18,U,kappa0,3,U,,,1.0085773744964914,0.14242445959246103,1.0258809867719647,1.08031193976588,0.12792591164615622,0.0,-3.1027750982274838,-5.5937472786918025
19,U,kappa0,3,U,,,1.0219542333745064,0.15062604651305392,1.0124044231354323,1.0628497501271188,0.13049868377898355,0.0,-3.0964864161530805,-5.585407298562041
20,U,kappa0,3,U,,,1.0369677010559004,0.17430052080668676,0.99781152835619,1.0722350451935623,0.14053603425501282,0.0,-3.0955002725223326,-5.5813362081135605
21,U,kappa0,3,U,,,1.0542214171254114,0.189753283645593,0.9970397781850081,1.058241077063043,0.14693851523238274,0.0,-3.0809501308760043,-5.603541207211989
22,U,kappa0,3,U,,,1.019382386334099,0.16360329740552548,0.9761190517162278,1.10052183680584,0.14375813346769156,0.0,-3.097424985017647,-5.60602193430514
23,U,kappa0,3,U,,,1.023237036531863,0.14286525764759123,1.011197349157186,1.0592465781554203,0.16175565392863436,0.0,-3.080013384599002,-5.635031545969162
24,U,kappa0,3,U,,,1.017799745828395,0.1419569860909662,0.9939555906384715,1.1044097038552199,0.15742715662943654,0.0,-3.1533480874568203,-5.624711686540548
25,U,kappa0,3,U,,,1.0109067807788088,0.13204617567565752,1.0034816602351546,1.0936031406451556,0.1375174409622123,0.0,-3.0913299269276795,-5.63503696620213
26,U,kappa0,3,U,,,1.0146189383883102,0.12800315705330137,0.9997290728237249,1.0912685511530866,0.14593848548215405,0.0,-3.0731831865335995,-5.616210224558686
27,U,kappa0,3,U,,,1.0157564165545383,0.12143390962301706,1.0155124602958994,1.0999922493492569,0.15288882302711726,0.0,-3.039474973490219,-5.5924662865667445
28,U,kappa0,3,U,,,0.9947748630891021,0.11625454551306033,0.999616718240915,1.077826989160453,0.14545159428901216,0.0,-3.0140860108020697,-5.622726002750674
29,U,kappa0,3,U,,,0.9879833671408146,0.11879272962829131,1.0159173992619008,1.0526537282947221,0.1460644001815688,0.0,-3.05447285541586,-5.605279210691877
30,U,kappa0,3,U,,,0.960833760844541,0.12683747457163771,1.024148600996127,1.0101141306539596,0.16511124489235401,0.0,-3.0187991738519897,-5.602825141759818
31,U,kappa0,3,U,,,0.9454498684326175,0.11723132084344341,1.0220022733006353,1.058422090310105,0.13456778846007494,0.0,-3.0331169701099125,-5.595550628357158
32,U,kappa0,3,U,,,0.9327806577189843,0.12044794855714414,1.0101362570284138,1.0272452633640319,0.15014857616779084,0.0,-3.0573490235167005,-5.557111734713808
33,U,kappa0,3,U,,,0.9427138864514507,0.11927386193690956,1.029657979006726,1.055395086663021,0.12822919422816956,0.0,-3.061073719910492,-5.573723293637424
34,U,kappa0,3,U,,,0.9480793017594755,0.11826527993572963,1.0177535648285159,0.9992478315185894,0.12389786272619564,0.0,-3.027425731866546,-5.587651576970027
35,U,kappa0,3,U,,,0.9478306918430587,0.11320307440486697,1.0138663430814507,1.0085302245810936,0.1458747459724336,0.0,-3.0553892993106406,-5.568006180950934
36,U,kappa0,3,U,,,0.9749699320571915,0.11555316610782047,0.9941682543595274,0.9864828641380037,0.13847602451399546,0.0,-3.105000408979381,-5.598773820347926
37,U,kappa0,3,U,,,0.9743152252351447,0.12407528352747833,0.9899052340385179,0.9787178632492793,0.1408078392592908,0.0,-3.082404855873521,-5.526638921015199
38,U,kappa0,3,U,,,0.9714288966692693,0.1119751176479432,0.9991830765573282,1.0103395648987072,0.12624386007776903,0.0,-3.074334525940156,-5.573796413500562
39,U,kappa0,3,U,,,0.9611274712553304,0.11154635515053168,1.0119379961217476,0.9701380329588332,0.14233922472093843,0.0,-3.0216004867683037,-5.568050091684204
40,U,kappa0,3,U,,,0.9455485661785789,0.11869694694821961,1.006575294705449,0.9930921939876752,0.13111865084606883,0.0,-3.0148292218717443,-5.56468681071191
41,U,kappa0,3,U,,,0.9425336649009165,0.12281298182465482,1.0176861078785282,0.9644766291476814,0.13472458492621436,0.0,-3.044876087364581,-5.608967109186137
42,U,kappa0,3,U,,,0.94379833254675,0.1202824977570501,1.0158123671909793,0.984398173557848,0.14304351241689045,0.0,-3.041508163475089,-5.610126839892162
43,U,kappa0,3,U,,,0.9447622244852236,0.12815557911963696,1.0206890885828046,0.9752051747002969,0.13813887452615556,0.0,-3.046993957514614,-5.59899194581398
44,U,kappa0,3,U,,,0.9503926610415717,0.13128346935907884,1.016072283758403,0.973585647666606,0.13968153262282176,0.0,-3.0470524190726964,-5.628192036749744
45,U,kappa0,3,U,,,0.9425409003380427,0.12120748165048639,1.0053104074347998,1.0124734548330783,0.14023205924514612,0.0,-3.0524853542381782,-5.642147584079417
46,U,kappa0,3,U,,,0.9548259585906635,0.1274358627413419,1.015955259200558,0.9788919881345544,0.14216646668163033,0.0,-3.06997593187314,-5.641412306196753
47,U,kappa0,3,U,,,0.9435638397711807,0.12831083404158278,1.023588732684434,1.0324557685417024,0.14434197078190955,0.0,-3.1053989538910356,-5.672423588808665
48,U,kappa0,3,U,,,0.9517054863460366,0.14786698389833397,1.0404622505019845,1.0195580988873758,0.14699778336359,0.0,-3.129291623654915,-5.677273154520158
49,U,kappa0,3,U,,,0.9388360377936192,0.1327188101645911,1.008827487760163,1.0137871361499768,0.158283378052835,0.0,-3.165741150890147,-5.676290281641201
50,U,kappa0,3,U,,,0.942111590749246,0.12681875996049896,0.9962329103748667,1.0088632311400605,0.15542819366666935,0.0,-3.1645925115301456,-5.679441877522841
51,U,kappa0,3,U,,,0.9398719456183122,0.13354736476597528,1.0002433577651277,0.9962068983623464,0.14064065983983154,0.0,-3.1893500501432084,-5.697367766109476
52,U,kappa0,3,U,,,0.9326398380892639,0.12978982239693082,1.0007463087654227,1.026481991894281,0.1465120113228897,0.0,-3.22147648830704,-5.662542269425438
53,U,kappa0,3,U,,,0.940722364969774,0.1284973695986617,0.9999540587485177,1.0287875247376823,0.13477677656821896,0.0,-3.221879490090742,-5.706004123038576
54,U,kappa0,3,U,,,0.9327428394498539,0.1270554037415535,1.0419267569167485,1.0082535812096716,0.1442631034400812,0.0,-3.240345477204915,-5.650542919141727
55,U,kappa0,3,U,,,0.930781900611865,0.13163332379821374,1.0435257655172194,1.0041758628800475,0.14601399761141806,0.0,-3.2186178302151345,-5.664783834175041
56,U,kappa0,3,U,,,0.9375412743382346,0.12302790532625173,1.0125097515760615,0.9958190726660371,0.13367746743277145,0.0,-3.1832877153258154,-5.625583690914637
57,U,kappa0,3,U,,,0.9199786930012207,0.11186344884209304,0.9830407517146534,0.9968379016822834,0.1479441708570099,0.0,-3.1757020970693066,-5.627721541148401
58,U,kappa0,3,U,,,0.9019617280831382,0.11091391980301556,0.9984897185624307,1.0053545653831033,0.1541978194976206,0.0,-3.1876375663606407,-5.65712235620038
59,U,kappa0,3,U,,,0.9014501011189625,0.11618744378050362,0.9891707890445754,0.9803617999509254,0.14631071932193573,0.0,-3.170724222820177,-5.642749061013937
60,U,kappa0,3,U,,,0.9258773467904037,0.10988074504179367,1.0188963007181489,1.0115239386660273,0.14122751853700216,0.0,-3.1594378813146053,-5.625951183674361
1,I,kappa0,4,I,0.9988220281982514,0.4866666666666667,1.0137621512614363,0.1635819821059323,1.0120576693760202,0.9887163853974176,0.1586696799407816,0.0,-3.0976833816587503,-5.6672948602507125
2,I,kappa0,4,I,0.9928175104107079,0.4633333333333333,1.0000021210604804,0.15517486077975792,1.0311422757617557,1.0344163101761321,0.16889390553060324,0.0,-3.1304799069530294,-5.728656185671106
3,I,kappa0,4,I,1.0079069038898254,0.5333333333333333,1.0345981702520297,0.17566969713224462,1.0426597982496484,1.059725365986259,0.15480136506364953,0.0,-3.102885999554452,-5.729351516286607
4,I,kappa0,4,I,1.0134056261698434,0.5366666666666666,1.0479833168374864,0.18481324399199717,1.0694442945289708,0.9895230388954658,0.1884596339314551,0.0,-3.1108582619706593,-5.686680218738446
5,I,kappa0,4,I,1.0393199651732459,0.5233333333333333,1.1009506706887338,0.17491800392125764,1.11939495823716,0.9894404938181871,0.17976577946918545,0.0,-3.0827354224098236,-5.698108917446631
6,I,kappa0,4,I,1.0484569888084647,0.53,1.122972869347098,0.18868604753852328,1.098831143113561,0.944622318930847,0.1814984473873643,0.0,-3.077817390430094,-5.708810363785495
7,I,kappa0,4,I,1.0495047430584301,0.5133333333333333,1.1258567407506122,0.19168134424090646,1.0988396638714648,0.9311551403386664,0.18351547695496237,0.0,-3.126033565010926,-5.716866891395529
8,I,kappa0,4,I,1.0572701698114666,0.5466666666666666,1.1408707079073899,0.18396589686395318,1.1150067214565567,0.9190129356225877,0.17460809765224922,0.0,-3.134813050983368,-5.724924931127643
9,I,kappa0,4,I,1.0486910328818853,0.5233333333333333,1.1222625345875892,0.18421153633408607,1.135437976068026,0.9279914943378867,0.16739546286894827,0.0,-3.107922838926666,-5.656886654985971
10,I,kappa0,4,I,1.0655514910461228,0.48,1.162481980156501,0.2023126079443794,1.1071746894163068,0.877756172201277,0.17911253658641318,0.0,-3.1183286273719286,-5.673336286582693
11,I,kappa0,4,I,1.0685684816196843,0.47333333333333333,1.168158246106015,0.19630117326666371,1.1117583907693593,0.8732270045212711,0.16904357059632397,0.0,-3.140506202124557,-5.639226489982943
12,I,kappa0,4,I,1.0763986986632252,0.4866666666666667,1.1870971727386497,0.20388748874418053,1.0703819039257372,0.8872122707053248,0.15847888788161033,0.0,-3.135721036599222,-5.665853098788899
13,I,kappa0,4,I,1.067566405394732,0.5166666666666667,1.1633388682823587,0.18059530772679358,1.062870518151825,0.9345671428885924,0.15285551320216054,0.0,-3.180062971821902,-5.587784662225704
14,I,kappa0,4,I,1.062292841806221,0.5533333333333333,1.1499798617042922,0.17250468201195387,1.0201384726380327,0.931777208560608,0.14208883005297843,0.0,-3.1970340075949424,-5.640384576295106
15,I,kappa0,4,I,1.0718135871495402,0.5233333333333333,1.170362839940873,0.16858611991298936,1.0134998059995528,0.9531635031107267,0.13470432053311412,0.0,-3.173670123509179,-5.608739045099833
16,I,kappa0,4,I,1.0861067729492655,0.4866666666666667,1.2024073309268404,0.16792315319119513,1.0582285167643655,0.9501046830578889,0.13645153635264456,0.0,-3.1246675534812463,-5.606081874417824
17,I,kappa0,4,I,1.0986108713757823,0.49333333333333335,1.230087968665434,0.1672423922493209,1.0562043799297358,0.957172780617772,0.13192195814306446,0.0,-3.115136492591886,-5.610555921522505
18,I,kappa0,4,I,1.1116900940300714,0.51,1.2653617417835157,0.19933019939327506,1.0307034222921334,0.9849071420994342,0.12434939361040794,0.0,-3.1100753918174195,-5.575042874384609
19,I,kappa0,4,I,1.1044192442629934,0.48333333333333334,1.2434443863712017,0.1673238189811618,1.0719499600979359,0.9767414106449037,0.12110512403250985,0.0,-3.107647880673959,-5.585728114771946
20,I,kappa0,4,I,1.0941101318008548,0.4666666666666667,1.2182719234142387,0.155398611880933,1.0584514811973842,0.9919191864458519,0.11745286536850147,0.0,-3.124369873823118,-5.59392024925106
21,I,kappa0,4,I,1.1001332927588805,0.5366666666666666,1.2350916026501344,0.17620201013065628,1.0372988192428705,0.9878798553015459,0.12980302398763377,0.0,-3.1545766603959766,-5.587077047840814
22,I,kappa0,4,I,1.1168953450860095,0.4533333333333333,1.2774337990947944,0.1985833826938279,1.0231268587134013,0.9938820469231564,0.13152364764159416,0.0,-3.1228958226966266,-5.570486443254109
23,I,kappa0,4,I,1.1141152632972855,0.5,1.2658319086497458,0.16971843604762166,0.9980243515396774,0.9946347302823525,0.1407420673914083,0.0,-3.1384540766813793,-5.5938864325372135
24,I,kappa0,4,I,1.1208548140991135,0.45,1.2831695387365103,0.1785722581531829,1.0143798010088279,1.016553254687088,0.12849911454646948,0.0,-3.1617156370818327,-5.594710413150575
25,I,kappa0,4,I,1.1374483545635439,0.49,1.3247790738643401,0.1951400543316431,1.0317497345524567,0.980170336208508,0.14507221891926766,0.0,-3.1846451016253643,-5.568354779692574
26,I,kappa0,4,I,1.13279806817381,0.48,1.3176734792482883,0.21760717091973075,1.0218408311015985,0.9913116161195523,0.1269831762231133,0.0,-3.1512988149040897,-5.569786132455124
27,I,kappa0,4,I,1.1476392197163152,0.49666666666666665,1.3525941534222616,0.21367834672548497,1.0272267346679278,1.0102912043433716,0.12961033995093696,0.0,-3.1759137964205557,-5.60132636872312
28,I,kappa0,4,I,1.159949193197289,0.47,1.3840079079639782,0.22628398179080128,1.0215169796447932,0.9646004252454726,0.13127976869075705,0.0,-3.14094955355589,-5.549264517711862
29,I,kappa0,4,I,1.1749167096450128,0.53,1.4201068364993261,0.22277709975669702,1.0379086959162345,1.0060732501237697,0.12877157197971917,0.0,-3.1238973052351207,-5.576475492501068
30,I,kappa0,4,I,1.1907475952223296,0.5266666666666666,1.4598973507617237,0.22724092594516074,1.0338808434389333,0.978732497143808,0.13293943240333492,0.0,-3.129663525705548,-5.580355349479772
31,I,kappa0,4,I,1.1957318982230047,0.4866666666666667,1.4754837500907128,0.24170247347700455,1.0443210262518203,1.0137262613658957,0.13102551716652414,0.0,-3.1683452280685636,-5.579237371690472
32,I,kappa0,4,I,1.2074253778139359,0.48333333333333334,1.504023774544107,0.23474833802109385,1.0121960435353072,1.0091450897439278,0.11668003843542009,0.0,-3.1772967327665818,-5.553672308634731
33,I,kappa0,4,I,1.2016302084487565,0.48,1.493728969011184,0.262079073429259,0.9692068506332367,1.0194647030577169,0.12463260780979692,0.0,-3.153704778682228,-5.5495388367606315
34,I,kappa0,4,I,1.2174567904153168,0.49333333333333335,1.5344340338773998,0.26244973363416624,0.9861823586535405,1.0301700047461346,0.12518027676236654,0.0,-3.211581404415395,-5.5607499538634215
35,I,kappa0,4,I,1.228816971431082,0.4766666666666667,1.569061087742822,0.2865992066806195,0.9815836951347046,0.9929431855324371,0.12187183684705118,0.0,-3.162730926839415,-5.569567808457041
36,I,kappa0,4,I,1.2384605866285259,0.53,1.5893329683005097,0.26845224613436885,0.9594824334175549,1.0130098428710463,0.12145753593991424,0.0,-3.16002369429364,-5.560036091781855
37,I,kappa0,4,I,1.250515153343862,0.45666666666666667,1.6180695226895196,0.2551927202112818,0.9694952369360553,1.0206180690588378,0.11110163702677363,0.0,-3.1617030916666855,-5.579212915865316
38,I,kappa0,4,I,1.2618121705022716,0.54,1.6491351711259583,0.2632491674133643,0.9834626588931709,1.0280037208037724,0.1133541810735919,0.0,-3.142864325000613,-5.545841895344983
39,I,kappa0,4,I,1.2599596791541416,0.47,1.646538304766901,0.2728876368074195,0.9567289341722642,1.025676833445449,0.11383419246665455,0.0,-3.121810529037899,-5.566440957233399
40,I,kappa0,4,I,1.2671472632531275,0.5033333333333333,1.6647525438253459,0.2685361868706159,0.9467357078358308,1.0170568495658274,0.11799386665111068,0.0,-3.143570960918684,-5.544336559363843
41,I,kappa0,4,I,1.2645847936452448,0.51,1.6594015339444836,0.2744886582278311,0.9524811980182327,0.9959584044871486,0.10379482752411519,0.0,-3.1093508915964465,-5.548084389333341
42,I,kappa0,4,I,1.2664600017690937,0.47333333333333333,1.6584736620497915,0.2483022539504524,0.9872832523938633,1.029681863747224,0.12079205132604576,0.0,-3.130241704068095,-5.570717203362199
43,I,kappa0,4,I,1.2718985306691928,0.52,1.6822055600397903,0.28970950195231304,0.9530378563741446,1.0051213125110825,0.1188770448488674,0.0,-3.1553399985019257,-5.594611507420381
44,I,kappa0,4,I,1.2662066252007813,0.49333333333333335,1.6586799204127656,0.25281331656337475,0.9729015575969947,1.024651639003357,0.1155418921298292,0.0,-3.174819004706411,-5.610376967939054
45,I,kappa0,4,I,1.2616159179337472,0.5066666666666667,1.647907270505387,0.25976153421107306,0.967766962729559,1.001011687303884,0.1095044013162675,0.0,-3.2333890019915073,-5.646005167643414
46,I,kappa0,4,I,1.2652021544622343,0.5333333333333333,1.653055720410178,0.23824132689611893,0.9707843481945209,0.9863781734346821,0.10810890820330467,0.0,-3.2587738889133697,-5.682010259111656
47,I,kappa0,4,I,1.271170774368841,0.49,1.6741631736771974,0.26183733417030736,0.970912030735398,0.9804938382649562,0.10342869420525584,0.0,-3.2300353215095265,-5.667861945727368
48,I,kappa0,4,I,1.280202164826788,0.49333333333333335,1.6928611143185641,0.23396213906158173,0.956519456473405,0.952345246422387,0.08849889896815234,0.0,-3.2721675487364155,-5.66055635304494
49,I,kappa0,4,I,1.29124587505435,0.4866666666666667,1.721946399635966,0.23124174374758064,0.9533263093391228,0.9522917699999652,0.08656706708791101,0.0,-3.2766830842571144,-5.652410435899504
50,I,kappa0,4,I,1.2946138861721608,0.5466666666666666,1.730499365105405,0.22676813321404143,0.9531746570825033,0.9719237586587974,0.10197532134618247,0.0,-3.267836193377744,-5.68594161203924
51,I,kappa0,4,I,1.2995362964169805,0.51,1.7442333110625072,0.2288541155683735,0.9217230479071326,0.975021382645566,0.10838420680593543,0.0,-3.287539768264878,-5.707557084795561
52,I,kappa0,4,I,1.3055195498633516,0.49666666666666665,1.7596216322723657,0.2246828865107565,0.9524517774794851,0.9380779782310407,0.08534549297177672,0.0,-3.2614473744913486,-5.731166346368762
53,I,kappa0,4,I,1.2984983729775097,0.5,1.742661754856094,0.23715917792630414,0.911587046502233,0.9819376109354344,0.11419956585347535,0.0,-3.2400847133912034,-5.777173148796839
54,I,kappa0,4,I,1.3008469286031403,0.49333333333333335,1.7491896407064649,0.23903772581683,0.922374876605899,0.9598782125184808,0.10246433927999458,0.0,-3.2505907104160823,-5.7707208680998185
55,I,kappa0,4,I,1.312378968197224,0.47333333333333333,1.781376126421593,0.24183812211752737,0.914107976269269,0.9877327093123699,0.10522123179361313,0.0,-3.2775226960839414,-5.730505811351583
56,I,kappa0,4,I,1.3160663535891999,0.51,1.7897638322089218,0.22982613869715104,0.9039128672650075,0.9707740400116961,0.1077084518946446,0.0,-3.2969346590194166,-5.731072646548852
57,I,kappa0,4,I,1.3232779045988041,0.43666666666666665,1.812347167934541,0.2449645939732029,0.9096877312133751,1.00110680841872,0.1129518321996463,0.0,-3.3519790413158814,-5.727921617292173
58,I,kappa0,4,I,1.3224012922375081,0.5,1.8079934403911564,0.23483243388550484,0.9196506656786089,0.9833406285301396,0.11124416362268566,0.0,-3.3118130194589193,-5.706041646905257
59,I,kappa0,4,I,1.3243212089643117,0.49666666666666665,1.8137090499246074,0.23636750078385999,0.9168522392381621,0.9702649599376962,0.11026915042256136,0.0,-3.3101371013303993,-5.659983718590375
60,I,kappa0,4,I,1.3283298592324202,0.5,1.8255833910161994,0.24103147463518396,0.902506591139501,0.9806124136013972,0.11490470066801302,0.0,-3.3127379847201346,-5.6929155662474855
1,U,kappa0,4,U,,,1.017406526922641,0.1581197490061367,1.006916821291447,1.0114368459501681,0.16537517587791511,0.0,-3.113440509659071,-5.6813322746575805
2,U,kappa0,4,U,,,1.0112952977308987,0.16325103581450826,1.019910893853119,1.0212319071677474,0.15187210755166505,0.0,-3.0883580992440853,-5.704098420451758
3,U,kappa0,4,U,,,1.0164480700252652,0.1638286950212062,1.0336872733988534,0.9672560201278484,0.16970196819571556,0.0,-3.1000154979887102,-5.70241615849501
4,U,kappa0,4,U,,,1.005071419609178,0.1607920192676067,1.0411570021908987,0.9839961127746011,0.1480327515621887,0.0,-3.122197340519696,-5.691791216420376
5,U,kappa0,4,U,,,0.9861984838340944,0.13600596042936555,1.0137703095690855,0.9774430912905901,0.16737006742346627,0.0,-3.0988983898070006,-5.71175147028382
6,U,kappa0,4,U,,,0.9788400518479968,0.1542609679894985,1.0433973657671993,0.9706631009013216,0.15852772987573946,0.0,-3.089225124465695,-5.669464872418548
7,U,kappa0,4,U,,,0.9801017225926614,0.147830488694372,1.0655639304659317,0.9382423634680935,0.19294528251317616,0.0,-3.097903803435654,-5.684030574425663
8,U,kappa0,4,U,,,0.9883777156296405,0.14940230137428387,1.0489535067981781,0.9568834578181528,0.17979961381752768,0.0,-3.0954237977633854,-5.733340835360022
9,U,kappa0,4,U,,,0.9971467687822603,0.14142720222947452,1.0553115919251843,0.9268303563914122,0.2059902860333848,0.0,-3.0952985820340593,-5.722011056110386
10,U,kappa0,4,U,,,0.9952558581238374,0.14433045867834587,1.0441948987356806,0.9542197369071171,0.15887224611296266,0.0,-3.102622732609774,-5.751777607414964
11,U,kappa0,4,U,,,0.9862765626943929,0.1273021476844776,1.0496181561511349,0.9132837410722436,0.17264452554964274,0.0,-3.10988957009566,-5.770075470347325
12,U,kappa0,4,U,,,0.9921191215661831,0.12630918944389102,1.0588174244975348,0.937570034311921,0.15992125367651852,0.0,-3.1362806142941877,-5.711052730608796
13,U,kappa0,4,U,,,1.0005593363931504,0.12590159717896435,1.0412802188200145,0.9147028745134101,0.1661275800141577,0.0,-3.1179956561409625,-5.752823335976304
14,U,kappa0,4,U,,,1.0070964655485772,0.13344765750872495,1.0360837324092367,0.9060484939343432,0.19280177565369758,0.0,-3.125858119297172,-5.7502760496236105
15,U,kappa0,4,U,,,1.0156496082529838,0.1283485001251246,1.0199259458971153,0.9340728847269499,0.1811205259692057,0.0,-3.104097241571292,-5.741106640724937
16,U,kappa0,4,U,,,1.0374951713421678,0.1305724028614717,1.062088000244885,0.9171523011121507,0.18289709019857303,0.0,-3.074265457671776,-5.789910317258203
17,U,kappa0,4,U,,,1.0382578418312773,0.12358176380530886,1.0297893041286184,0.9351719094579289,0.18192197201126598,0.0,-3.0818815565335935,-5.7699141793912245
18,U,kappa0,4,U,,,1.036638350658599,0.12980385417320758,1.06604042667405,0.9559771644775954,0.1758462221146619,0.0,-3.079265538035249,-5.782946945057351
19,U,kappa0,4,U,,,1.0232805508271112,0.12242667951086914,1.0640201182340934,0.9192558873556765,0.16982961092226453,0.0,-3.0617966006825754,-5.767169222061472
20,U,kappa0,4,U,,,1.0325518768143813,0.12739854530457181,1.0646706891741216,0.9264123030205483,0.1854915715701907,0.0,-3.0708094618904767,-5.748562612176424
21,U,kappa0,4,U,,,1.026049829169139,0.1421646872027978,1.0300291827673362,0.9029817868549973,0.19695345988856064,0.0,-3.088441358701589,-5.776383075704581
22,U,kappa0,4,U,,,1.0112226619626612,0.14072883644617945,1.0381338271045883,0.8539140630628688,0.1663949409490837,0.0,-3.1058831945764966,-5.74921411298025
23,U,kappa0,4,U,,,1.0222648294436512,0.1408662027308037,1.0123391134606448,0.8963856710674591,0.1692915899114174,0.0,-3.0595176980489547,-5.742615197052592
24,U,kappa0,4,U,,,1.0127204435899895,0.13088210840041264,1.0201112152126162,0.8810950276868971,0.1634731493141752,0.0,-3.0750827834834897,-5.776081232623221
25,U,kappa0,4,U,,,1.0492663381675789,0.14863466105785156,1.03708796202168,0.8891917965183194,0.1787422283336723,0.0,-3.0796742825016135,-5.702792042358154
26,U,kappa0,4,U,,,1.0502049743268387,0.15203377452689884,1.0242958625954437,0.8914254404889949,0.2039025946263669,0.0,-3.05895886851097,-5.740409528709205
27,U,kappa0,4,U,,,1.032540306960509,0.13488251148151223,1.0425644070718068,0.9260930569798228,0.1681477043142556,0.0,-3.06951472005051,-5.776426919956688
28,U,kappa0,4,U,,,1.0317447815718992,0.12815042396377227,1.0044656468961628,0.9203471796854973,0.1535483421770322,0.0,-3.0775346723995174,-5.77858209328092
29,U,kappa0,4,U,,,1.0432822097014252,0.13467860993899475,1.011264121946014,0.901738052660794,0.1785150051852968,0.0,-3.0819007132103624,-5.773716139322333
30,U,kappa0,4,U,,,1.0348608772474555,0.14795152013358182,1.02725585978696,0.9069658224985679,0.1907136879613663,0.0,-3.089421186202563,-5.768082986954602
31,U,kappa0,4,U,,,1.0378816304278586,0.13939850692115346,1.0159224376785765,0.8798408588169963,0.1533976004539766,0.0,-3.087584324601601,-5.757637856838799
32,U,kappa0,4,U,,,1.0536327788558504,0.1426548819534097,1.0289835948852524,0.9192750596896633,0.17170944609042194,0.0,-3.0622329823961834,-5.730292500885245
33,U,kappa0,4,U,,,1.0557971641937578,0.13631153128272583,1.0259496806319925,0.9109735245241605,0.17262294255298127,0.0,-3.06430981671631,-5.731865851143715
34,U,kappa0,4,U,,,1.0720416094385636,0.15700381478881578,1.0211430920105078,0.920517369474612,0.17975008974640228,0.0,-3.0540603118100442,-5.736977536987033
35,U,kappa0,4,U,,,1.0805117634561716,0.15401900773263807,0.9985493519914516,0.8986770871692115,0.15218180609798246,0.0,-3.0657063890457463,-5.761699513897238
36,U,kappa0,4,U,,,1.0828676223442484,0.15957640506392462,0.9845642000323687,0.9094232507686278,0.18965629157928096,0.0,-3.08246608170245,-5.7745174704271856
37,U,kappa0,4,U,,,1.0877662724301371,0.13876191572909324,0.9673995147650563,0.9061415019122838,0.17818036129001225,0.0,-3.1017446050898134,-5.808465035924568
38,U,kappa0,4,U,,,1.0844082451764006,0.1379837050092743,0.950561276765333,0.8997873075063967,0.16280647146146612,0.0,-3.1424789456464186,-5.777784663815081
39,U,kappa0,4,U,,,1.0867290539552517,0.151450696692724,0.96884812433988,0.9075493769055534,0.1844919116678997,0.0,-3.1359247205932093,-5.773128112130959
40,U,kappa0,4,U,,,1.093177812123897,0.13749496057282704,0.9403409418723413,0.885139175074892,0.17699024907621644,0.0,-3.1125946824260327,-5.7955418013438385
41,U,kappa0,4,U,,,1.0735626903017552,0.14458060458624666,0.9363023203344244,0.9175136143773819,0.160419620293422,0.0,-3.123290904478247,-5.7538792035277115
42,U,kappa0,4,U,,,1.08196999701367,0.1470078255783059,0.9509071560234239,0.9013251758809622,0.16378529036370143,0.0,-3.075274300593276,-5.762617257963081
43,U,kappa0,4,U,,,1.0933341680179731,0.1482091787584785,0.9624206300106585,0.923396367632386,0.1572724882618219,0.0,-3.0911096145515375,-5.7639316453853855
44,U,kappa0,4,U,,,1.085961612264957,0.16413695256981828,0.9769928687569347,0.9336034206141753,0.16708743206163576,0.0,-3.090063756947662,-5.7678326991657745
45,U,kappa0,4,U,,,1.0714801054205931,0.14800184052192236,0.9735470866805285,0.89459485504939,0.14180135688120588,0.0,-3.1045961702390232,-5.767252787093039
46,U,kappa0,4,U,,,1.074529786330726,0.15404594212420825,0.9789024625485558,0.9383466460192077,0.12818211189312095,0.0,-3.1230168444857562,-5.7347184299825384
47,U,kappa0,4,U,,,1.058963745080415,0.1634464983107156,0.9780694621399304,0.9013288082340514,0.154699140762721,0.0,-3.140442682456466,-5.757600188008237
48,U,kappa0,4,U,,,1.049542688060672,0.16018526196883706,0.9682057480711668,0.9227662345897981,0.13811912777012395,0.0,-3.2017553808994896,-5.788415651096194
49,U,kappa0,4,U,,,1.0492797577603161,0.15067011424582047,0.9863520343375183,0.90158232743906,0.1430904254987201,0.0,-3.141925453457963,-5.787009249506423
50,U,kappa0,4,U,,,1.0298867336387596,0.1332063115365304,0.986805317545382,0.9424548957558317,0.1449985144374553,0.0,-3.178977353162269,-5.794963165991268
51,U,kappa0,4,U,,,1.0347096660205028,0.1365807145960267,0.9972941930074781,0.9006587565211377,0.15015529601592195,0.0,-3.1871364153839483,-5.801953282490237
52,U,kappa0,4,U,,,1.0547304113630511,0.15579691234798937,1.0064359141936303,0.9370264193399112,0.13987734915500086,0.0,-3.200400420938256,-5.808128171288127
53,U,kappa0,4,U,,,1.0610975266189906,0.14966672716511129,0.9949863263368187,0.9057888505996922,0.15047998721005876,0.0,-3.1750050808211108,-5.790520059192017
54,U,kappa0,4,U,,,1.0817075446476072,0.16848821174895584,0.9951244182807268,0.9280549754363976,0.1582074257732647,0.0,-3.186121552413796,-5.788242827124126
55,U,kappa0,4,U,,,1.104140301573329,0.17988616109260966,1.00478103349375,0.9146214035281556,0.1417980295815685,0.0,-3.204033207226752,-5.8167070916048536
56,U,kappa0,4,U,,,1.1030924693603568,0.1650241360088138,1.0083396503979816,0.9166227581194657,0.1356471442681496,0.0,-3.212439930891658,-5.799933967336202
57,U,kappa0,4,U,,,1.0798301218846071,0.16150939290781113,1.0243544178919788,0.9499481248039457,0.14333136587522635,0.0,-3.1618443311494766,-5.806132548896456
58,U,kappa0,4,U,,,1.0851369172549963,0.15772947135200158,1.008770440756911,0.9215533201978349,0.14228650948303845,0.0,-3.1919701826968,-5.823330168481227
59,U,kappa0,4,U,,,1.0686189785301599,0.13755693562485932,1.0026546543565935,0.9234749295225697,0.14285245468796723,0.0,-3.1841321494036405,-5.81827166383325
60,U,kappa0,4,U,,,1.0802557279695424,0.15323039354415638,0.9989155916939675,0.9369082100534092,0.1564544489985366,0.0,-3.184400281301435,-5.828212301729707
1,I,k96_0.1_flat,1,I,0.998288164551222,0.49666666666666665,1.0095708702717592,0.14623005114344506,1.0100041396057735,0.9908006511912326,0.1448386200241346,0.10083402208666557,-3.1298447025100944,-5.690406260813972
2,I,k96_0.1_flat,1,I,1.0013454133433053,0.49666666666666665,1.0189022754621617,0.16857309472762785,1.0691620170611742,1.0201704351380587,0.14953666129025533,0.1064084604231267,-3.121420032166036,-5.650156510650534
3,I,k96_0.1_flat,1,I,1.006204103823734,0.5166666666666667,1.0288013617237501,0.16328307981312307,1.0393896545761105,1.0027712505998176,0.1393135839385622,0.10361209254577562,-3.1496625351128236,-5.712646809600482
4,I,k96_0.1_flat,1,I,1.0248738136216768,0.56,1.0704549679595443,0.17809771322642765,1.0920084318281966,1.0312951157764196,0.16448289194651755,0.10856225628451653,-3.1387508149589385,-5.662430170341751
5,I,k96_0.1_flat,1,I,1.0324092310085904,0.47333333333333333,1.0864032004719766,0.17604288985985592,1.0648653349662296,1.0310838942375908,0.15631581002042216,0.10601877387603041,-3.186489822265761,-5.6726873119080015
6,I,k96_0.1_flat,1,I,1.058985293665015,0.5,1.145453431105018,0.1872701932687788,1.1320830200663,0.994586536844021,0.1854656049674702,0.11230338273045161,-3.205875191547902,-5.7146029627346
7,I,k96_0.1_flat,1,I,1.069259761393136,0.47,1.1735365881440376,0.21402428169860044,1.1340931947839887,0.9915495717707891,0.1774530398811936,0.11249605643579123,-3.2113631069048925,-5.712909276812264
8,I,k96_0.1_flat,1,I,1.080704784743684,0.5366666666666666,1.2040842808581305,0.23645596763203278,1.1268021143486628,0.9912286764589756,0.15722925960595888,0.11181572717437663,-3.201820924075427,-5.712901035814326
9,I,k96_0.1_flat,1,I,1.1179963124759182,0.51,1.29042542598543,0.2450989673169974,1.12166166328021,1.0057132449213722,0.16222487047977258,0.11133839797172605,-3.219662340949245,-5.767268519947313
10,I,k96_0.1_flat,1,I,1.1215017948936241,0.5166666666666667,1.305567657788868,0.27705445920609606,1.1644293688348069,0.955186142627669,0.18175846383784244,0.11532153669009147,-3.1821440967058625,-5.806237272983177
11,I,k96_0.1_flat,1,I,1.1484940259026235,0.5166666666666667,1.3667873071430583,0.2689261536555599,1.1639303295253682,0.9906199622841592,0.1564888580895508,0.11526494347006737,-3.1667616404718553,-5.877278620400634
12,I,k96_0.1_flat,1,I,1.1625873234155006,0.5033333333333333,1.4033848496674441,0.28147676169417474,1.1888120854422,1.012759848747136,0.161501417776283,0.117617103421661,-3.1582244527932097,-5.902459610077218
13,I,k96_0.1_flat,1,I,1.1719368369850016,0.48,1.4318966383394722,0.3038297813236939,1.1714226978518176,1.0161624316256666,0.15911370222164475,0.11602319487204941,-3.159319454000525,-5.921840367136908
14,I,k96_0.1_flat,1,I,1.169214402250225,0.5133333333333333,1.4264635755807118,0.309880529296246,1.1979234455508545,1.0093036064983398,0.1613742461908727,0.11848314600048226,-3.1320614064142727,-5.852437448755873
15,I,k96_0.1_flat,1,I,1.2132441201136817,0.49666666666666665,1.5344914011518347,0.3130396331628664,1.1997396700570842,1.0573357830106356,0.15704992668889411,0.11862741629291675,-3.1234428456869416,-5.936632421473717
16,I,k96_0.1_flat,1,I,1.1991986307455536,0.48,1.510973164953532,0.35193248322633336,1.2521068323317912,1.0714243052297412,0.15670494375313343,0.12344236050652511,-3.1016675377306226,-5.958823260843719
17,I,k96_0.1_flat,1,I,1.1898787823242614,0.5033333333333333,1.4812459379068412,0.32899288705676344,1.2700729518489318,1.0805411505140656,0.12347329744041086,0.12512512979525076,-3.1007184154139202,-5.86845405811849
18,I,k96_0.1_flat,1,I,1.1955982660916271,0.4866666666666667,1.496780201223675,0.34033283244092205,1.273499177567788,1.0690131204914162,0.1563806318240359,0.12545294865027226,-3.050560424384496,-5.9109311336311565
19,I,k96_0.1_flat,1,I,1.2367058165833038,0.5033333333333333,1.6045116281521095,0.35579136334385825,1.2829870580240887,1.0303005966533427,0.16948712607017188,0.1263358375781991,-3.0296673457733516,-5.918377102711498
20,I,k96_0.1_flat,1,I,1.2562410894483553,0.48,1.6531751435452349,0.34877520158580827,1.2861173379325241,0.9769598156492968,0.17946011724021393,0.1266103556666613,-3.024784192764072,-5.917526440348409
21,I,k96_0.1_flat,1,I,1.264082246677652,0.5333333333333333,1.665912721259022,0.31586101352638574,1.2631219262112234,0.9937169944062615,0.17335480962957817,0.1245029412979648,-2.9949978497570964,-6.000054937599679
22,I,k96_0.1_flat,1,I,1.2794848410531718,0.5033333333333333,1.7137510386817425,0.34536555516811923,1.2239216036503282,0.9661332098655314,0.16540421055848176,0.12087479811339459,-3.041401516141165,-5.935247134834093
23,I,k96_0.1_flat,1,I,1.2871071539921797,0.5066666666666667,1.7384005938578264,0.36198334123093007,1.1901147689641671,1.0027084487310696,0.1596604676261457,0.11772757030395697,-3.0613579503245036,-5.920288377099524
24,I,k96_0.1_flat,1,I,1.3296407015552407,0.5033333333333333,1.8612925529971311,0.39451676985574735,1.1531608841334593,0.9933606311893864,0.1494011087112646,0.11430579957284867,-3.0036246355653886,-5.954831393086819
25,I,k96_0.1_flat,1,I,1.3602255663636122,0.48333333333333334,1.9557623115363572,0.42542140768690007,1.1239227860215055,0.9576509317890255,0.17350277698086566,0.11157374644752385,-3.0530360953517297,-5.951183981588909
26,I,k96_0.1_flat,1,I,1.392563382712432,0.53,2.0550937299698973,0.4560746164764042,1.1186240256800206,0.8977219707804869,0.173901638469112,0.11107450508322311,-3.056812145991789,-5.902752737344251
27,I,k96_0.1_flat,1,I,1.4229900791010293,0.51,2.1566063493347194,0.49892555086422924,1.0894985694313841,0.8675317069081977,0.16829645790519746,0.10838335104252077,-3.054847199846751,-5.877181703977292
28,I,k96_0.1_flat,1,I,1.449094030482219,0.5233333333333333,2.2228030092362783,0.4549177612422239,1.1541564450340336,0.8049625470456898,0.17880823397762888,0.1144211236775955,-3.0277270252494524,-5.905890642185521
29,I,k96_0.1_flat,1,I,1.4528435316372432,0.4633333333333333,2.235869499793188,0.4621056492410623,1.1260585672713908,0.8690752430424579,0.1941839256516328,0.11178943885109459,-3.0224753332928076,-5.908795990098293
30,I,k96_0.1_flat,1,I,1.4478631098038617,0.53,2.2240129033352902,0.4735296219715902,1.1175694973965946,0.8335246063680477,0.16588874187489513,0.11101343069832421,-2.9815248596032964,-5.949238011205221
31,I,k96_0.1_flat,1,I,1.4319925353931526,0.5466666666666666,2.169067617953542,0.4473596881181125,1.0879143670212215,0.8526984411525576,0.14379995552844102,0.10823510542288048,-2.9855285362958535,-5.891990023097334
32,I,k96_0.1_flat,1,I,1.441874977757673,0.5433333333333333,2.2122011500670524,0.49906393214345685,1.108309902691536,0.8681443302725781,0.13717327370686463,0.11015467148314756,-2.9958891963394207,-5.8519174711425075
33,I,k96_0.1_flat,1,I,1.4463939672208876,0.4766666666666667,2.215952308778895,0.4643053606039811,1.1376831050542489,0.8392758252884266,0.13937719460519246,0.11289229610687525,-2.9953101161911233,-5.858551562093333
34,I,k96_0.1_flat,1,I,1.4303331259809928,0.48333333333333334,2.167310895206699,0.4600765064000147,1.123898823928427,0.8386219762764209,0.13497678563007284,0.11161349349997418,-3.0269715805968698,-5.906186856974509
35,I,k96_0.1_flat,1,I,1.4210155472687584,0.48,2.141868672411015,0.4684385920032924,1.130699048598641,0.8416457211329625,0.15093653245558616,0.11224157311572251,-3.0381814064866055,-5.849053930286652
36,I,k96_0.1_flat,1,I,1.4490506966784835,0.5,2.2206870353422774,0.4515894121451157,1.0949200613751464,0.8179603307326534,0.14213146947314326,0.10891266356372445,-3.0252916437020616,-5.878886915288503
37,I,k96_0.1_flat,1,I,1.468854072144464,0.5466666666666666,2.288224522184468,0.4810677007194259,1.103604433945769,0.801413596662036,0.17904773916360328,0.10970828994081351,-3.021428962372499,-5.827420732978861
38,I,k96_0.1_flat,1,I,1.47261881014527,0.4866666666666667,2.296651673949663,0.4658570270826412,1.1155834741290769,0.8143375369114416,0.1545313024335202,0.11083955263933504,-2.993091105565875,-5.793328814170735
39,I,k96_0.1_flat,1,I,1.4910371831856823,0.5033333333333333,2.3501055163416855,0.44863858597990364,1.1269617590297867,0.84025998306418,0.14706385374221004,0.11190667822377295,-2.957721768225953,-5.813632289242285
40,I,k96_0.1_flat,1,I,1.5039385655892978,0.5033333333333333,2.3923227581867508,0.4505538774046258,1.134512550181203,0.829456367064736,0.15853967312262343,0.11261099839344771,-2.9467755240227014,-5.795038529262977
41,I,k96_0.1_flat,1,I,1.5066907075077711,0.49333333333333335,2.4074341646664013,0.4795480911122499,1.12809312092058,0.8694267597210684,0.17391923836578907,0.11201336394189942,-2.9294887553414566,-5.786597299599484
42,I,k96_0.1_flat,1,I,1.5128157861014535,0.49333333333333335,2.4287105144365153,0.4905387414803106,1.1309995068155647,0.8832936489520982,0.17019035497239837,0.11227786149508823,-2.9038578963077915,-5.749744519271532
43,I,k96_0.1_flat,1,I,1.5431117550754856,0.49666666666666665,2.536901402210405,0.5271926157805027,1.1001784132442263,0.8594912453774118,0.17210719539916833,0.109401778932301,-2.888909604506977,-5.7806862408059665
44,I,k96_0.1_flat,1,I,1.5512022368044405,0.45666666666666667,2.553224425724441,0.49513576806968845,1.0820380774183032,0.88105887085771,0.16693464370941535,0.10770903776200602,-2.9003597572449085,-5.727306601135541
45,I,k96_0.1_flat,1,I,1.546173057903503,0.5366666666666666,2.5474171126870955,0.5369149042538272,1.0795095441949996,0.9030453596450123,0.1602762056593685,0.10745825748666386,-2.8955888006925767,-5.738024892027306
46,I,k96_0.1_flat,1,I,1.5380377256668363,0.49,2.523521837909955,0.5545204804954851,1.0900321228345904,0.9049637096659194,0.1444091186982585,0.10845618844322968,-2.8827026516903618,-5.719169990982531
47,I,k96_0.1_flat,1,I,1.5493824713353492,0.49666666666666665,2.5561202286562126,0.5349752452176105,1.075705925507286,0.9512096469887493,0.15134251331128315,0.10711376190505974,-2.8890200864267834,-5.743974634626472
48,I,k96_0.1_flat,1,I,1.5416578607098328,0.48333333333333334,2.535548821993162,0.5495800842374173,1.0528767650970232,0.9567536140809496,0.14249435216582773,0.10497565742815236,-2.939295877815367,-5.701381275852559
49,I,k96_0.1_flat,1,I,1.5552282443960974,0.4766666666666667,2.5796070305724723,0.5481946569878797,1.0587433950624088,0.9590352956346614,0.13816230588127135,0.10551973197212533,-2.9292560676244466,-5.6851996995712915
50,I,k96_0.1_flat,1,I,1.580128305522204,0.5233333333333333,2.671109074009559,0.598664453581441,1.064760844693603,0.9334836400501703,0.13592030959780063,0.10607790320043785,-2.943194315787855,-5.694987567369461
51,I,k96_0.1_flat,1,I,1.582385134335985,0.49,2.6681670450941395,0.5459314891965819,1.074147202922981,0.9536121084191008,0.12897444194605545,0.10696256458564492,-2.9715206143521504,-5.7225516979885205
52,I,k96_0.1_flat,1,I,1.593755819248098,0.54,2.711796252631106,0.5726103036393313,1.086429271565738,0.941429981400294,0.12085802349078352,0.10810143456141262,-3.0054651162462322,-5.693668382725661
53,I,k96_0.1_flat,1,I,1.6171685788092818,0.5,2.7997289764151274,0.6116010256378067,1.080675551651796,0.930268746800636,0.1263803976836188,0.10757207721265899,-2.975920106235168,-5.736467180136307
54,I,k96_0.1_flat,1,I,1.6158016001951492,0.46,2.808534112179146,0.646370803196996,1.0783665974086936,0.9399125393598328,0.10683017202077436,0.10736400828673863,-2.98225300055578,-5.744820185655306
55,I,k96_0.1_flat,1,I,1.6162524684406414,0.54,2.7871752511042147,0.5698362630502054,1.0911839643213497,0.9304452451439938,0.10631402208079048,0.10855208573492879,-2.985618525167673,-5.738041232276396
56,I,k96_0.1_flat,1,I,1.6155663805847642,0.52,2.7976736416455363,0.6127719092696674,1.1095605494834009,0.9419392604338104,0.12748475360781028,0.11027871454312001,-3.006663361008057,-5.7283548928322015
57,I,k96_0.1_flat,1,I,1.6644786011170856,0.5133333333333333,2.994856093285019,0.7199779629677039,1.1174333070199525,0.9503672211691905,0.11567063555645465,0.11102749990177632,-2.994577075469788,-5.7349734703430535
58,I,k96_0.1_flat,1,I,1.6997568920076431,0.5233333333333333,3.117332094406339,0.7224580960045747,1.096108474885786,0.9050451778688064,0.1447641516627012,0.10900893270969852,-3.00753820423802,-5.747630177615683
59,I,k96_0.1_flat,1,I,1.6841251111347848,0.5433333333333333,3.061092737269286,0.7157476970231867,1.1209087839685783,0.961996587634045,0.13813734492072802,0.11132985118045975,-3.0345348164416226,-5.753152003247984
60,I,k96_0.1_flat,1,I,1.6833892032280249,0.49,3.0427654462806752,0.6609424326266183,1.1046827270595205,0.9404263244027153,0.15423498767318838,0.10982480052785214,-3.0385164466453904,-5.761252251054276
1,U,k96_0.1_flat,1,U,,,1.0078374713693097,0.1600767016956004,1.0091993661393928,0.9914060494922637,0.15118901121871406,0.10075055911137551,-3.111505107751453,-5.709642330070275
2,U,k96_0.1_flat,1,U,,,0.997058973159271,0.15734123369908412,0.9951842078428291,1.0278112614450643,0.16949600806168474,0.09941218746495854,-3.1138590276901708,-5.715477150134344
3,U,k96_0.1_flat,1,U,,,1.0068032064773291,0.1632020421055682,1.0011797156700337,1.0253432716263489,0.14400000779271688,0.09998230395648813,-3.1088458791350053,-5.687198636177427
4,U,k96_0.1_flat,1,U,,,0.9839982286262816,0.16052223899018803,1.0077254111137586,1.0740526973157676,0.15623509668212196,0.10059465534880783,-3.124362460786814,-5.6691250782326685
5,U,k96_0.1_flat,1,U,,,0.994013473609281,0.1631645225321531,0.9874752557330957,1.0513587368745918,0.15371252167794747,0.09868379006152886,-3.132640762970979,-5.712594952055688
6,U,k96_0.1_flat,1,U,,,1.0070782229040454,0.15850163314346594,0.9596332949779981,1.06785252324985,0.1512682407499158,0.09604567722868526,-3.117693025517607,-5.685727460756373
7,U,k96_0.1_flat,1,U,,,0.9951246916502682,0.15353277363932555,0.9815481764398284,1.0513317726455982,0.14589360747481167,0.09814632716469615,-3.0947507968059065,-5.702898213835718
8,U,k96_0.1_flat,1,U,,,1.0061555885081301,0.15302867399321304,0.9739819110939227,1.0848968402662997,0.16737442960759744,0.09745138406405655,-3.0848964430773353,-5.6902843572546455
9,U,k96_0.1_flat,1,U,,,1.0221335956368423,0.13933102557940638,0.9598335835649986,1.085169253059042,0.16604890989239207,0.09608961728488948,-3.089400619035238,-5.681080738845975
10,U,k96_0.1_flat,1,U,,,1.0168610534309035,0.1652511198302722,0.9654842507648967,1.0955158366826303,0.1456716545495371,0.09662673998984742,-3.0547501017183634,-5.695229004042291
11,U,k96_0.1_flat,1,U,,,1.027763869860616,0.17649671688944213,0.9840867544998965,1.125365049189693,0.15838977397033024,0.09838442570581384,-3.10283621645048,-5.6929946534540905
12,U,k96_0.1_flat,1,U,,,1.0256487563639032,0.16397673684988348,0.9553338376203673,1.1132615353157125,0.15351278297131735,0.09566091585011118,-3.116878550599954,-5.689576574452797
13,U,k96_0.1_flat,1,U,,,1.0468681298372655,0.16750685415887004,0.9716479635407882,1.1423763383618029,0.15709788474010178,0.09722150724213906,-3.121096978655088,-5.715963786556933
14,U,k96_0.1_flat,1,U,,,1.0604043606455968,0.16684412938723855,0.9707108436462304,1.1168640899959301,0.1642563212960115,0.09711745782423979,-3.1005091233869178,-5.683441208164717
15,U,k96_0.1_flat,1,U,,,1.074361380430736,0.17419198374933448,0.9445386030998478,1.1301251076010623,0.14523889034057214,0.09462766116810763,-3.127923949363226,-5.689573054511466
16,U,k96_0.1_flat,1,U,,,1.0770090423273362,0.1857033584893609,0.9527651201204475,1.0988489733662967,0.16156182655621193,0.0954246627093286,-3.1412673480687068,-5.713003548155817
17,U,k96_0.1_flat,1,U,,,1.0678239280284594,0.16364833021253145,0.9317015460013711,1.0762802716174178,0.1578793124592963,0.09339807761864687,-3.1528142550474847,-5.698814914923006
18,U,k96_0.1_flat,1,U,,,1.0961813630604202,0.1770777753861281,0.9902708306324646,1.0932631971282318,0.17323950591991735,0.09899426396979727,-3.1381378311063526,-5.707406364042773
19,U,k96_0.1_flat,1,U,,,1.1028629871966908,0.19132849961732581,0.9818561592950908,1.0913404985653437,0.1386269484896202,0.09818621515305068,-3.1394252971808547,-5.743737475293012
20,U,k96_0.1_flat,1,U,,,1.117556369457808,0.1839988706806503,0.9768106273261107,1.113501506453193,0.13398031469735566,0.09772532270260245,-3.1441328729325124,-5.74509392033907
21,U,k96_0.1_flat,1,U,,,1.0789064207902914,0.17367793529410103,1.0023522721441604,1.1029830559039802,0.1371571420020005,0.10011653388680723,-3.1302395466516644,-5.737512122583835
22,U,k96_0.1_flat,1,U,,,1.0921537660917444,0.16881703736668024,1.0002518396030735,1.0843531206918264,0.11339272914730195,0.09989721081518506,-3.1697958525635506,-5.7167343507785535
23,U,k96_0.1_flat,1,U,,,1.0965492301435757,0.16488660860868506,0.9759134205068702,1.1254507246448038,0.12690173327967394,0.09760562986326737,-3.1537304031030584,-5.709278019070064
24,U,k96_0.1_flat,1,U,,,1.118662311991028,0.1700950503888167,1.0129313274411538,1.101554914926381,0.11529145186380117,0.10110724808902681,-3.1476228554688404,-5.714279682376888
25,U,k96_0.1_flat,1,U,,,1.1234710956010592,0.18935708624041042,0.9986118604033887,1.1432488622631263,0.10781220249662236,0.09975857744299937,-3.1384135910308,-5.6989446564835395
26,U,k96_0.1_flat,1,U,,,1.0967038285490587,0.1752718683733321,1.0045868220146934,1.1326280958281127,0.09535410162647624,0.10031139352239021,-3.1448957882553947,-5.726069554761613
27,U,k96_0.1_flat,1,U,,,1.1065461522454905,0.18905848785332707,1.01168540168013,1.1315363030973071,0.12497693731143138,0.10100512415459052,-3.151732885439178,-5.712711646926505
28,U,k96_0.1_flat,1,U,,,1.125327100556716,0.1674640491836039,1.0362594888418122,1.1342911956231971,0.11539827439138757,0.10329671028973575,-3.1288970054219947,-5.667213126700683
29,U,k96_0.1_flat,1,U,,,1.117747570423636,0.16552984602226337,1.0070326916165835,1.1452514932430056,0.1247165796630216,0.10057032720912583,-3.1545954534348852,-5.647185536867743
30,U,k96_0.1_flat,1,U,,,1.1315542082595298,0.16209570686692362,0.9986204362441792,1.1536891787223713,0.09529795152576198,0.09980341667022406,-3.122385323921077,-5.690356644468028
31,U,k96_0.1_flat,1,U,,,1.1277472759034708,0.1719326683321654,1.0154806417284385,1.1573965890701128,0.10116030498448203,0.10138096047911303,-3.134027700162322,-5.703818916332455
32,U,k96_0.1_flat,1,U,,,1.1499589883249162,0.17137779190532662,1.000909373768852,1.1662221246181783,0.10304420678479283,0.10000016947224409,-3.157821753333876,-5.712062010210908
33,U,k96_0.1_flat,1,U,,,1.1581650791119409,0.17261697478137272,0.9780874523166309,1.1698409192055181,0.0976759869541736,0.09783514729490381,-3.1651318589535866,-5.700952567482207
34,U,k96_0.1_flat,1,U,,,1.1771838768389307,0.16322225391515888,0.9930429918616739,1.1552675294275028,0.10998994629251732,0.09927086986744312,-3.1603570945995005,-5.7115977276713785
35,U,k96_0.1_flat,1,U,,,1.1837730793847148,0.1650513334170718,0.9720082042350259,1.1828814678456525,0.10098465586930644,0.0972685821366592,-3.1443236718033427,-5.7116372831994155
36,U,k96_0.1_flat,1,U,,,1.182520779284199,0.17380903589539434,0.9792295904143218,1.191270957986581,0.11153591808539039,0.09796581268537596,-3.1507630802083644,-5.692634630266407
37,U,k96_0.1_flat,1,U,,,1.1866316791467006,0.15098155946242817,0.9777969902502248,1.170630243292095,0.12466101668348188,0.09782772513154482,-3.1252296676367397,-5.682544073536961
38,U,k96_0.1_flat,1,U,,,1.1877627614342525,0.168981095126451,0.9835453066956469,1.2260587745229117,0.15674767032626252,0.0983778010997031,-3.13649740982686,-5.637112077224457
39,U,k96_0.1_flat,1,U,,,1.2046394579359587,0.1843971526598146,1.0049708821801955,1.236191422452321,0.1330318835047233,0.10040430363085417,-3.09938423498141,-5.635832279883607
40,U,k96_0.1_flat,1,U,,,1.2077311650075577,0.17849614856108484,1.0025477591895302,1.278256232100297,0.14730473531250166,0.10016097871314165,-3.105750951716707,-5.600867216528139
41,U,k96_0.1_flat,1,U,,,1.1854595985097387,0.18134998366867283,0.9818114178234509,1.2618702084219986,0.14146530774248023,0.09820186320378413,-3.099074100396978,-5.600397120184821
42,U,k96_0.1_flat,1,U,,,1.1800354746176838,0.17758763936628139,1.0052890022830232,1.2414424968835236,0.13650668094502227,0.10043249048803882,-3.1192069695009863,-5.605516160667866
43,U,k96_0.1_flat,1,U,,,1.1988014083382945,0.19680872946821854,0.9907159268564321,1.231413261159616,0.1286320306925355,0.09903666940775216,-3.136380383282793,-5.589281978647374
44,U,k96_0.1_flat,1,U,,,1.1862847774095389,0.19378820333776786,1.0227522512702119,1.261883988538455,0.1478856371166395,0.10205653341512382,-3.1277010481723324,-5.584636295275659
45,U,k96_0.1_flat,1,U,,,1.1964371353967131,0.18165403182908507,0.9876604671279643,1.2599968992741466,0.15579017361167452,0.09874942322924697,-3.131903536672637,-5.552223733446891
46,U,k96_0.1_flat,1,U,,,1.1931754312983947,0.16555619521743017,0.9891057742705129,1.2908082466852056,0.16417959492601525,0.0988918129332211,-3.1105853145794087,-5.6023690529142245
47,U,k96_0.1_flat,1,U,,,1.1879581170284885,0.16426759358043413,0.9519213615131671,1.313246286638878,0.16496656959559938,0.09536039387306884,-3.1189392274317895,-5.577794843333144
48,U,k96_0.1_flat,1,U,,,1.209062840736425,0.18422327421919293,0.9380274143570243,1.2654111636833576,0.1356164947987519,0.09404556179845311,-3.121356119115162,-5.58851463426825
49,U,k96_0.1_flat,1,U,,,1.218066936241222,0.18941875879913742,0.9535274811935456,1.3145311058529934,0.16922196036309878,0.09552250824299967,-3.0802665510789016,-5.550738995009104
50,U,k96_0.1_flat,1,U,,,1.1954372756664093,0.1759219962339331,0.9446695682303842,1.2702586237531663,0.12964534959295035,0.09466970895284449,-3.1282137130008456,-5.582451957607188
51,U,k96_0.1_flat,1,U,,,1.1852725880634212,0.1726250154024959,0.9255567669730169,1.3130271728683571,0.17905953898564866,0.09285651022488367,-3.143181899054147,-5.553853779759115
52,U,k96_0.1_flat,1,U,,,1.175743261654722,0.18135135402934413,0.9539156078437259,1.2356018670546747,0.1310605331405042,0.09557333872650761,-3.1774928563039717,-5.54501350070552
53,U,k96_0.1_flat,1,U,,,1.1585882974732216,0.1632293452101874,0.9426431058291967,1.291572844418863,0.1754457568236126,0.094479279762808,-3.178721288452802,-5.544622211779925
54,U,k96_0.1_flat,1,U,,,1.1388532002591392,0.14738053181193358,0.9816331317527636,1.256200773511369,0.1462203733408262,0.09816417584771463,-3.1539651312430963,-5.581692816926607
55,U,k96_0.1_flat,1,U,,,1.1320795693148413,0.16262816439127195,0.9683289564137229,1.245464471668865,0.17241035585310724,0.09691357822947866,-3.166960768457428,-5.580640387998314
56,U,k96_0.1_flat,1,U,,,1.1243186895011987,0.15694499740253176,0.9902412041707557,1.3044123710211986,0.1594434571059831,0.09901359398930204,-3.1926834955357966,-5.5756198850522045
57,U,k96_0.1_flat,1,U,,,1.1299182694440537,0.1482233499853333,0.9781561181318854,1.2711567468343257,0.16506123722954244,0.0978610076580681,-3.170188389798564,-5.603309791404767
58,U,k96_0.1_flat,1,U,,,1.1130145620070016,0.1479781497801985,0.9869324243825376,1.293342264910763,0.16805326032640136,0.09868908000209185,-3.17396966711007,-5.638972665130425
59,U,k96_0.1_flat,1,U,,,1.1286765245303203,0.15174502290859487,0.9792285872967843,1.2970770542834222,0.17777829923958058,0.09795101563689741,-3.188847948229855,-5.6703271101329555
60,U,k96_0.1_flat,1,U,,,1.1122439062467302,0.14087626253952845,0.9921557034676124,1.325224838454386,0.1816960665000381,0.09920563471921559,-3.1737093739930926,-5.644881519044831
1,I,k96_0.1_flat,2,I,1.0017664977613268,0.5066666666666667,1.0188104834868488,0.15765822037020238,1.0358101899918866,1.0061304492947483,0.14562105628270564,0.1032681380779805,-3.1209392009772077,-5.681713700657604
2,I,k96_0.1_flat,2,I,0.9892834239476378,0.49666666666666665,0.9926632562912395,0.15409634813106307,1.0263324377724594,1.026490446185094,0.14605185524120362,0.1023904901107122,-3.110271123844782,-5.696582894868416
3,I,k96_0.1_flat,2,I,0.9964726402223879,0.49,1.0066871045165158,0.15004287465324703,1.019314164091054,1.0093637228702754,0.1629606569578671,0.10174153161312485,-3.1291825826948356,-5.7558417060157145
4,I,k96_0.1_flat,2,I,1.000502083705642,0.47,1.014653467577438,0.14774444556615168,1.0334261459034613,1.0743742794150606,0.13930568375908628,0.10307203908681493,-3.1552430297426266,-5.745018994503268
5,I,k96_0.1_flat,2,I,1.009294501415301,0.45666666666666667,1.0334663593161866,0.15182888135590863,0.9657939694585476,1.0625283121399203,0.13638920395405058,0.09664499273908086,-3.1564719669206363,-5.77811776295117
6,I,k96_0.1_flat,2,I,1.027112112499773,0.52,1.0723822926883193,0.16242950722405486,0.985352081997889,1.059290775162233,0.15597154073823843,0.09848444359555543,-3.1485744945455916,-5.7576211934157575
7,I,k96_0.1_flat,2,I,1.0496939957408777,0.4666666666666667,1.1225563733440542,0.17308838862224368,0.9842501967951698,1.0393402740166913,0.15292384831017575,0.09841708387490933,-3.129483457091606,-5.738699946162726
8,I,k96_0.1_flat,2,I,1.053070673329021,0.4866666666666667,1.1345718344895908,0.19633720025886947,0.9563167779075318,1.0271063608572712,0.15089279047743473,0.09575132640043123,-3.1582765945181404,-5.702647406049289
9,I,k96_0.1_flat,2,I,1.068854757780481,0.51,1.1692525529159574,0.1957547139364709,0.9321582174672922,1.035799997241569,0.13152982052225232,0.09346136931828829,-3.136705568377582,-5.704417891377339
10,I,k96_0.1_flat,2,I,1.0697106515387245,0.5233333333333333,1.1720479042043621,0.20009299782856613,0.950469955391169,1.0536446361455085,0.14548395413230408,0.09519203649715205,-3.1619205168441034,-5.724986441926673
11,I,k96_0.1_flat,2,I,1.0806265478314432,0.52,1.201643192295143,0.23070680600855978,0.9427650044902823,1.023743645288431,0.16885661900517795,0.09446732100658195,-3.1105650966144456,-5.717738600583813
12,I,k96_0.1_flat,2,I,1.1039172933621317,0.49,1.2572901162914674,0.24513075060971534,0.9400003751180486,1.0264851986444845,0.15617716615205823,0.0942104731564237,-3.2005414802011214,-5.67561503529295
13,I,k96_0.1_flat,2,I,1.1380417723521823,0.46,1.3346008055051797,0.2342014154657113,0.9729021916203783,0.988482958956044,0.1599008186565004,0.09735163399114384,-3.1894766120512466,-5.722667553765518
14,I,k96_0.1_flat,2,I,1.145379659507589,0.51,1.3556686775760722,0.25255956377686883,0.9544226137009385,0.9975993249115932,0.18780480439359412,0.09560346993558869,-3.207923655770323,-5.714399454511205
15,I,k96_0.1_flat,2,I,1.1394387420239198,0.4666666666666667,1.343532983124582,0.2608929808723994,0.959551265486759,1.0317749654016117,0.16155676512665526,0.09608231095259784,-3.1922614334665322,-5.742864520560051
16,I,k96_0.1_flat,2,I,1.1527857215596757,0.5166666666666667,1.3722062391015475,0.24694087035746964,0.9268075177103081,1.0252006481182698,0.15040541908608593,0.09298104951258862,-3.2346000451850516,-5.7344590053019955
17,I,k96_0.1_flat,2,I,1.177632614419428,0.5133333333333333,1.4450960420328636,0.30562530952415295,0.9591522564872386,1.0210494522673919,0.15238553407267885,0.09606855111070753,-3.2239319985808956,-5.7601175343961195
18,I,k96_0.1_flat,2,I,1.1898723379724072,0.5166666666666667,1.4781611245750212,0.31237434125961455,0.9613537271090422,1.0401830712977076,0.14809151607194734,0.09627059398684855,-3.199117434896864,-5.762618309889895
19,I,k96_0.1_flat,2,I,1.180845508998339,0.5433333333333333,1.4482609211116417,0.28926752269533085,0.9629174658494105,1.0575923080122072,0.14494861678460116,0.09640664082907982,-3.239507721635657,-5.730072483533974
20,I,k96_0.1_flat,2,I,1.1967879179604686,0.5433333333333333,1.4954079053255593,0.3194958540913045,0.9560564717050054,1.0769766776936927,0.14199303288107637,0.09576663553097609,-3.2042966565839923,-5.750815456299427
21,I,k96_0.1_flat,2,I,1.2163691855998813,0.4633333333333333,1.5448600085322766,0.3205470849125315,0.954698535673881,1.067138187858219,0.14917314760081984,0.095645847269334,-3.192352721559643,-5.722599745591145
22,I,k96_0.1_flat,2,I,1.2332728616261666,0.49,1.5885705847281089,0.3229418506569529,0.9348959824485837,1.067662877921515,0.1433707920106485,0.09376065324407414,-3.204466221983621,-5.7647746210654685
23,I,k96_0.1_flat,2,I,1.2588150462545868,0.48333333333333334,1.6566898578617815,0.332503319924366,0.9224272305091226,1.0292023397879109,0.160495875333579,0.09257345929552749,-3.188415441844471,-5.768181848917218
24,I,k96_0.1_flat,2,I,1.263524644782869,0.5066666666666667,1.6707103334219622,0.3386334608188613,0.9506079203713881,1.0698395562784322,0.1416628661317132,0.09525099857527,-3.1937314015892686,-5.782296073370025
25,I,k96_0.1_flat,2,I,1.2787375270982029,0.5766666666666667,1.7074694391531715,0.32336779735992444,0.9443950262279263,1.0370240132110988,0.15441421095051638,0.09464756909377518,-3.179045931816777,-5.7386202319055
26,I,k96_0.1_flat,2,I,1.296741952656627,0.5066666666666667,1.7604652687047981,0.347459694164137,0.9580869327101315,1.057067020247932,0.13329462489821076,0.09596217275100727,-3.2090722284803856,-5.708485333206172
27,I,k96_0.1_flat,2,I,1.3046304051626427,0.51,1.7893097698438958,0.37528845240762376,0.9714278198944044,1.0445717289815413,0.14320445795443618,0.0972158030195257,-3.195404136765279,-5.766557470280839
28,I,k96_0.1_flat,2,I,1.325285973033611,0.4866666666666667,1.8411785093870647,0.35785536159130366,0.9589556420129316,1.0060964365635316,0.1191460250526576,0.09603203794428727,-3.140966181861855,-5.758604160983041
29,I,k96_0.1_flat,2,I,1.3189782712434757,0.5333333333333333,1.8278261312151,0.37400519735483917,0.9497434308613864,1.0049345245716879,0.1242644138659017,0.09516693379054264,-3.165044590000328,-5.755596979830513
30,I,k96_0.1_flat,2,I,1.336566833100477,0.52,1.8720033049379368,0.3561632236441071,0.9568003398244442,0.9861148973692678,0.11900844481147953,0.09583769168736989,-3.1759165319017666,-5.708228966019919
31,I,k96_0.1_flat,2,I,1.3317110401914087,0.48333333333333334,1.8619470120443786,0.3701726862880059,0.9539306696430022,0.9848048886770733,0.10464926067659291,0.09554077023056223,-3.177724612331565,-5.725784186725529
32,I,k96_0.1_flat,2,I,1.3483902050945482,0.5066666666666667,1.9146826880634504,0.388184989426452,0.9611656693634146,0.9735405473003347,0.10032717311387844,0.09622969131604925,-3.164096150652108,-5.740230295255558
33,I,k96_0.1_flat,2,I,1.3691893605632004,0.5266666666666666,1.9715010926637926,0.38456515056006324,0.9730678989097095,0.9913246430318082,0.10981348150256882,0.09736430904834407,-3.1784880316290884,-5.712743877206992
34,I,k96_0.1_flat,2,I,1.3719243953731135,0.49333333333333335,1.9757275920978543,0.3741896121109393,0.9876930264151019,0.9689901291405671,0.11381002530703133,0.09876379285440653,-3.205152479942351,-5.730536178092629
35,I,k96_0.1_flat,2,I,1.3775479149016638,0.47,1.9930716286797028,0.3719153188444182,1.0115345150160828,0.963311174683415,0.10241813422332718,0.10101542165796047,-3.1589981835968777,-5.737151439830447
36,I,k96_0.1_flat,2,I,1.407026835044842,0.46,2.0784422708357084,0.37107812501186094,1.0006041326690733,0.971018788056388,0.11123404323416458,0.09998769675971343,-3.1443788779079567,-5.709882307009598
37,I,k96_0.1_flat,2,I,1.4227271444651164,0.4766666666666667,2.1180356454558127,0.34022387196632214,0.9767714441449893,0.9555490227324479,0.09525599804267282,0.0976955082579621,-3.159064958348913,-5.705033495130157
38,I,k96_0.1_flat,2,I,1.4398828809304154,0.49666666666666665,2.1658423709287398,0.3195422012132471,0.9804941540674037,0.9191376109502193,0.0830950911641026,0.09808342989242426,-3.1579353574409765,-5.703823314179404
39,I,k96_0.1_flat,2,I,1.4546893241791283,0.49333333333333335,2.2101406126253504,0.3151483301853423,0.9976429968719409,0.9117791501196001,0.07756630873523335,0.09968090247702426,-3.144616310075014,-5.678030475477432
40,I,k96_0.1_flat,2,I,1.4565921476600263,0.51,2.2186181929516926,0.3279792448961716,1.0040933775537924,0.9140592035444738,0.08131897482383255,0.10031964725053324,-3.1748456417394575,-5.693275514963943
41,I,k96_0.1_flat,2,I,1.4620451503466936,0.47333333333333333,2.2344379911498495,0.3234957559584907,0.9860630907179988,0.9197877465856635,0.07917193531233244,0.09860595432394309,-3.207032088697769,-5.702923811444367
42,I,k96_0.1_flat,2,I,1.4753000220171333,0.51,2.277154804447131,0.3345387010117356,0.9506200737091691,0.9221896426402213,0.07464082388737323,0.09524720090487947,-3.237214945016785,-5.688847373745051
43,I,k96_0.1_flat,2,I,1.478945459237638,0.49666666666666665,2.2897615746127085,0.3384366462868776,0.9332438568381527,0.9302077403124872,0.0729609962728085,0.09359624057170367,-3.243342141090086,-5.696551475918309
44,I,k96_0.1_flat,2,I,1.492824936832593,0.5,2.3380185263474274,0.365329545048466,0.928739541689314,0.9250040811055901,0.07913360390067935,0.09316416874881951,-3.26306676788614,-5.756332357353892
45,I,k96_0.1_flat,2,I,1.507863254716333,0.5633333333333334,2.3909602121948907,0.3914973329407035,0.9040128265445674,0.9186018727968419,0.08022629741099353,0.09081885500193032,-3.290597448479166,-5.718051266154793
46,I,k96_0.1_flat,2,I,1.5180233824173675,0.4766666666666667,2.4239244186602455,0.39339489888909673,0.8841954029987047,0.9293600897950042,0.08066371004348481,0.08890546673753921,-3.3100452940483254,-5.718214386411251
47,I,k96_0.1_flat,2,I,1.5442467270635192,0.44666666666666666,2.5081726519502507,0.389883488102203,0.8731740364993343,0.9536300402861592,0.08249163803940915,0.087853447217645,-3.352632672540015,-5.727759942965528
48,I,k96_0.1_flat,2,I,1.5539369312699713,0.48,2.536399183920049,0.37113693481985477,0.8905308456510643,0.9329325857130821,0.08911134777543699,0.08951213364688296,-3.3256174803655205,-5.735162824192423
49,I,k96_0.1_flat,2,I,1.5646959654294224,0.44333333333333336,2.573216700463129,0.37790874397637164,0.8814160229284324,0.9619135658454593,0.09777575830509012,0.08864778607356946,-3.3167362792293003,-5.787283963593826
50,I,k96_0.1_flat,2,I,1.574465362076418,0.5166666666666667,2.615348606952512,0.42574832481235364,0.8583533100665829,0.9484218247432011,0.09211868090388113,0.08643271031351848,-3.3765082813195613,-5.841806170818305
51,I,k96_0.1_flat,2,I,1.5864230212645578,0.5233333333333333,2.654759930986304,0.4222349570765389,0.8698946407793644,0.9613272779549777,0.09375731778289789,0.08754335740848297,-3.4150626271168405,-5.808963139537554
52,I,k96_0.1_flat,2,I,1.5995854708814183,0.51,2.7007548529306082,0.42836893265934795,0.8505494798459599,0.9885141171789263,0.08124786237660907,0.08568870464289484,-3.402088110881197,-5.798725865010198
53,I,k96_0.1_flat,2,I,1.6112800732920771,0.5266666666666666,2.732482381087266,0.38623564878485206,0.8339243494638239,1.0069953995686016,0.07189295851970585,0.08408649144105598,-3.405843942454107,-5.792760859241294
54,I,k96_0.1_flat,2,I,1.617964316982195,0.48,2.760734911062353,0.41230816502941764,0.8643066964584731,1.0136783135198995,0.06990249559694495,0.0870021871457042,-3.3757480081211306,-5.723988602350616
55,I,k96_0.1_flat,2,I,1.6164652797646317,0.45,2.756604029127092,0.42064647258714677,0.858826518954092,1.0187819172490866,0.06423316045273432,0.08647699220021034,-3.3484739564134247,-5.665679404288645
56,I,k96_0.1_flat,2,I,1.625362379552286,0.5066666666666667,2.780970471849216,0.38515447272933556,0.8816521332713951,1.034739133097625,0.056301458449803166,0.08866076929404539,-3.334780678326003,-5.6796408406395535
57,I,k96_0.1_flat,2,I,1.62123567795098,0.5366666666666666,2.768564382909692,0.3946139089826605,0.8981358558398794,1.0404695948905638,0.05172349423968261,0.09025086969134564,-3.3094418170310957,-5.662540880126344
58,I,k96_0.1_flat,2,I,1.6086412935634387,0.44666666666666666,2.7255966459533454,0.40040172426417664,0.8925570441794995,1.0205556369318685,0.05982007023840449,0.08972213058806157,-3.2643096650373926,-5.630190886239687
59,I,k96_0.1_flat,2,I,1.6001894348102985,0.4533333333333333,2.6921091209853643,0.3731276162509226,0.9053189234149884,1.0239457472373223,0.058935257294932854,0.09093685287712566,-3.257546614575274,-5.590428893076609
60,I,k96_0.1_flat,2,I,1.610348637323174,0.5266666666666666,2.7253184812537654,0.36310954578124083,0.9054943813359112,1.032730153343698,0.049800670517429174,0.09094418405462769,-3.228487457849788,-5.6100725367565625
1,U,k96_0.1_flat,2,U,,,1.000740597658077,0.14893923100059864,1.0096734255679565,1.0023817262250925,0.14008966304034426,0.1007978539072343,-3.088128991514848,-5.688604488429206
2,U,k96_0.1_flat,2,U,,,0.9717455536896695,0.14022940273298318,1.004224872075268,0.9932586864256636,0.14276078883184398,0.10026856473755802,-3.0877079111986716,-5.725520652069654
3,U,k96_0.1_flat,2,U,,,0.9771134203884471,0.151654668695551,1.0428932131818183,0.9726349206762631,0.13158505405168663,0.10390037254906419,-3.055400146865941,-5.711128452149311
4,U,k96_0.1_flat,2,U,,,0.9749289507345763,0.14280108934897362,1.011263760429148,0.9725529847033586,0.128622428122233,0.10094602059383578,-3.1262105839379752,-5.686982628893333
5,U,k96_0.1_flat,2,U,,,1.0099009896414657,0.17101250142944052,1.049041827799463,0.9508667915355155,0.14304199136011098,0.10450123230451663,-3.0800717360635783,-5.7353874592198855
6,U,k96_0.1_flat,2,U,,,1.0183822034740195,0.17359134412297705,1.028970746516741,0.9469082025082223,0.14121800937927065,0.10259706508145139,-3.076636813504973,-5.708933470146168
7,U,k96_0.1_flat,2,U,,,1.0275383301201984,0.1911688624602367,1.0779048656197707,0.97008282137162,0.1389229089869553,0.10719553856524987,-3.097592259695693,-5.698807813075314
8,U,k96_0.1_flat,2,U,,,1.0243191239290645,0.1674147491293552,1.0396611619559615,0.9533776243539701,0.14744736497920713,0.10358145494860181,-3.06978247795554,-5.712998018392458
9,U,k96_0.1_flat,2,U,,,1.021114597542036,0.15661386976311,1.0191099563325725,0.9600604712977168,0.13465433732314908,0.10163333215718391,-3.073217718191158,-5.755265552483394
10,U,k96_0.1_flat,2,U,,,1.0341450334792197,0.1608957570588826,1.0209791203779606,0.9630970414960687,0.13259485842991084,0.10184288651062304,-3.029551939030898,-5.739709428410618
11,U,k96_0.1_flat,2,U,,,1.0463030431805216,0.15755395405601563,1.0137340839165387,0.9372835360761674,0.1436481559550141,0.10114836309620667,-3.037125719026895,-5.764716564506574
12,U,k96_0.1_flat,2,U,,,1.0784822223582693,0.16914242202481963,1.048658185430219,0.9406539197734435,0.12935887370796503,0.10442751214749872,-3.0670272037243147,-5.7444463315587075
13,U,k96_0.1_flat,2,U,,,1.0969015383417988,0.1907173821114288,1.013113931180238,0.9209836771520796,0.1376172978332998,0.10107639059163223,-3.0874643068468055,-5.773559810591874
14,U,k96_0.1_flat,2,U,,,1.1014649707385133,0.17259792275917069,0.9776567003371878,0.9330082731310021,0.13051096875105886,0.09770199588156761,-3.066998598933372,-5.770746907181231
15,U,k96_0.1_flat,2,U,,,1.120548475707624,0.20175407951113097,0.9867622295378298,0.9172316912750741,0.14627535683153262,0.09861668997099149,-3.0800094203747417,-5.760806887122147
16,U,k96_0.1_flat,2,U,,,1.1345032385981797,0.23405883405109784,0.9968185781176794,0.9136417519935285,0.14205671995999275,0.09952080277963243,-3.1157655158585915,-5.747811215593397
17,U,k96_0.1_flat,2,U,,,1.1967752693456595,0.2591288775471171,0.9857064248622374,0.8929971916269456,0.14913123181798124,0.09854214570792105,-3.176208654792018,-5.757231633780042
18,U,k96_0.1_flat,2,U,,,1.2227417024495582,0.2531068657201831,0.9763229865228599,0.9022223733154348,0.1438402677805697,0.09763268800611813,-3.1953626033384706,-5.7776625531114165
19,U,k96_0.1_flat,2,U,,,1.1830894894658297,0.2160749576153241,0.9950512066512582,0.9567973869652148,0.1339728380750367,0.09938636904959071,-3.1838053958339483,-5.768401080782801
20,U,k96_0.1_flat,2,U,,,1.1754474983504248,0.24150497986692512,0.999088722071605,0.9261123287111256,0.15097275129280993,0.09980914686243461,-3.1957249357931192,-5.758941202135108
21,U,k96_0.1_flat,2,U,,,1.1690178915859668,0.23766584435464558,0.9849204114891179,0.9577275896072168,0.13815910042102572,0.09845382231428915,-3.2060251032051252,-5.73355608019769
22,U,k96_0.1_flat,2,U,,,1.1539949683914748,0.23050174791632447,0.9959212221373669,0.9201910148980913,0.134167502432028,0.09950558015611033,-3.152450276486314,-5.744410210421055
23,U,k96_0.1_flat,2,U,,,1.1546929821225573,0.2188352707522299,0.996045836564554,0.9270796423960473,0.12928133934499125,0.0995008808895464,-3.19303654031915,-5.6868507246729845
24,U,k96_0.1_flat,2,U,,,1.1059159978700277,0.21218778909075267,1.0068803664241734,0.9318200460892452,0.1463705127869326,0.10053305027744877,-3.201662136152747,-5.6891456764311465
25,U,k96_0.1_flat,2,U,,,1.0888190151829265,0.20560110840493892,0.9907114152864532,0.9471404699040477,0.13503164741878873,0.09899606912043152,-3.2158808138729564,-5.739174227273482
26,U,k96_0.1_flat,2,U,,,1.0595443108689204,0.21044026791865741,0.9981768037116031,0.960863099411124,0.13620764817585115,0.09972151780610837,-3.22310955585199,-5.7438000251197305
27,U,k96_0.1_flat,2,U,,,1.083751583427304,0.22018898457977015,0.9629481191034434,0.9664538019449498,0.14228088669898542,0.09636718485109161,-3.217374169976109,-5.717847352880988
28,U,k96_0.1_flat,2,U,,,1.1014585570192723,0.22463004889452642,0.9898992725216502,0.9609879607148559,0.13500602228549297,0.09891652283747913,-3.2410698440025127,-5.732458420906444
29,U,k96_0.1_flat,2,U,,,1.0987401310194806,0.23360498949241562,0.9710420254267043,0.9614984325084087,0.14081113781882315,0.09711016746658288,-3.2486168586451027,-5.738609944445463
30,U,k96_0.1_flat,2,U,,,1.162689800382772,0.24984064941958456,0.9904412327390079,0.9579421135973389,0.11958289318992465,0.09896226207875908,-3.2787684706998115,-5.735758980673402
31,U,k96_0.1_flat,2,U,,,1.1449781434427895,0.27277598922077967,0.970470348750462,0.9502380139947169,0.1384259005794957,0.09705534058212952,-3.2707647704794636,-5.748590842209522
32,U,k96_0.1_flat,2,U,,,1.1486133205357736,0.24270594936792608,0.9567809200039953,0.9480651975151708,0.1282104737407028,0.09576993816330447,-3.2880833402601595,-5.741895543482555
33,U,k96_0.1_flat,2,U,,,1.1734209565683034,0.2741400659560466,0.9640851181026593,0.9292719525631321,0.1359880641623662,0.09646032855368177,-3.305738969751119,-5.788634317195705
34,U,k96_0.1_flat,2,U,,,1.1729762600164813,0.2799271580360824,0.9772633245154693,0.9196923717141097,0.15096877463554773,0.09770795903788668,-3.3430450700887344,-5.773483200776764
35,U,k96_0.1_flat,2,U,,,1.1788373913980044,0.29443679851733817,0.992080232449995,0.9649911927599916,0.1351705841549567,0.09909854282332463,-3.3267429416371965,-5.807383568242758
36,U,k96_0.1_flat,2,U,,,1.1456236011697798,0.24987138725262734,0.9959410296731493,0.9752774050448746,0.13888115738958046,0.09949101425362777,-3.266130976878242,-5.7803039295251875
37,U,k96_0.1_flat,2,U,,,1.1474966856537894,0.26065768543470436,1.030672377639593,0.9941545088010197,0.11831905345335064,0.10277510346780383,-3.2844540190057514,-5.773037810121374
38,U,k96_0.1_flat,2,U,,,1.1525706574504468,0.25730780220210997,1.0171994498643304,1.0050736505020683,0.1233110064601229,0.10149474783609648,-3.2754220417109536,-5.747834667456997
39,U,k96_0.1_flat,2,U,,,1.190753515390609,0.2902019194343415,1.0428401355531862,0.9890182601331371,0.11624320092806975,0.10391757305618661,-3.274097571529466,-5.788567705470623
40,U,k96_0.1_flat,2,U,,,1.1963531142426647,0.28667274105690554,1.028048086339205,1.0005327953224146,0.12054064555194856,0.10251204217249298,-3.2508089659169515,-5.760501237333753
41,U,k96_0.1_flat,2,U,,,1.1833502817172254,0.2820020950118438,0.9978923734108237,0.9818576391777716,0.12492125309844444,0.09966869607773317,-3.288193622515545,-5.811294833058323
42,U,k96_0.1_flat,2,U,,,1.206305870015587,0.2859968271863622,1.016581743913349,0.9931332242941585,0.12183498281012636,0.10145549502105332,-3.283958773173837,-5.807443339996907
43,U,k96_0.1_flat,2,U,,,1.2352118799851424,0.30405450642166026,1.0055730847296664,0.9691515013136173,0.1376374717329923,0.10041315277936143,-3.331162977524247,-5.823506119383968
44,U,k96_0.1_flat,2,U,,,1.1916974150789907,0.2955397110328638,1.0122226636278404,0.9673330661698736,0.12536035906170603,0.10103917894413618,-3.3486121491976637,-5.838707953302284
45,U,k96_0.1_flat,2,U,,,1.2116658017976578,0.30236465680080093,1.0006266421661538,0.996809044609874,0.118589363675735,0.099930824866057,-3.374128370913928,-5.84013332647661
46,U,k96_0.1_flat,2,U,,,1.2379701506505074,0.2844073273091803,1.0343212479112773,0.9569349420835624,0.11640037092098052,0.10310227354666265,-3.3118056068169857,-5.865881603747745
47,U,k96_0.1_flat,2,U,,,1.2496045143404508,0.3060538319174406,1.013443962723112,0.9719102112957809,0.13406618285335034,0.10112867239129593,-3.2922025456426884,-5.840824581560994
48,U,k96_0.1_flat,2,U,,,1.269543759494655,0.3024625647251159,1.004360999048336,0.9771575036991669,0.12914399831515191,0.10030631876880655,-3.3285757879574076,-5.847841919840521
49,U,k96_0.1_flat,2,U,,,1.2873397430219073,0.2996908891094261,1.0045705477245572,0.9553220966154697,0.1386669101364044,0.10033189059539163,-3.397311869154505,-5.889589424853057
50,U,k96_0.1_flat,2,U,,,1.3061736171800555,0.30427200495521983,1.0016926622525273,0.9663933060913533,0.11418281002690629,0.1000686155217764,-3.361464380022966,-5.891286542856133
51,U,k96_0.1_flat,2,U,,,1.2827254642945203,0.31035730097313646,0.9946472943034166,0.9584339453807388,0.11379369634800893,0.09937151239582238,-3.373773501955233,-5.883806696759957
52,U,k96_0.1_flat,2,U,,,1.29640203155942,0.3110188505907109,1.045691175933383,0.9760528175355413,0.10887073034661679,0.10421746127260524,-3.3967345559750486,-5.869944851268784
53,U,k96_0.1_flat,2,U,,,1.3472805654259445,0.32412841634543765,1.048352620721932,0.9693087775084686,0.10325876121699633,0.10446063791755565,-3.3776291661967384,-5.870012307605409
54,U,k96_0.1_flat,2,U,,,1.3195205990598122,0.32129440515328195,1.0691110351841753,0.9564354314476012,0.10663619957622873,0.10641228625725524,-3.405984758854423,-5.871881255226504
55,U,k96_0.1_flat,2,U,,,1.320630834752776,0.3580572891538923,1.076848282999627,0.9448856589520638,0.11329870526656069,0.10712907148954921,-3.4230667617488164,-5.842663598979849
56,U,k96_0.1_flat,2,U,,,1.2637783358997388,0.3079950529558059,1.061617068070434,0.9201926646040217,0.1069904189644778,0.10571705904040747,-3.413789117235718,-5.923453418903088
57,U,k96_0.1_flat,2,U,,,1.2471016023340455,0.30567246444968976,1.0683116741737235,0.9425471213832537,0.10349794561506946,0.1063394784288159,-3.4462303740994593,-5.905967553669525
58,U,k96_0.1_flat,2,U,,,1.1756250896272313,0.27110877283586104,1.0705102287041797,0.9347392830092118,0.10603203409933944,0.10658003569914153,-3.4120092044900843,-5.930385623514131
59,U,k96_0.1_flat,2,U,,,1.1758952921268733,0.26771433492914176,1.1026306497212999,0.9447863536432576,0.10638818645468057,0.10956735000609769,-3.4191467084062515,-5.931034666066372
60,U,k96_0.1_flat,2,U,,,1.166522608451821,0.2736362405401668,1.1028201171131136,0.9429356886486786,0.10399094564351963,0.10960575589470586,-3.421530718937034,-5.973893463408359
1,I,k96_0.1_flat,3,I,1.000148940548721,0.5333333333333333,1.014922057296402,0.1555190219967302,1.0222418486295144,1.0049974400010058,0.15664659883033,0.10197605672982524,-3.1333174090651577,-5.695873074935938
2,I,k96_0.1_flat,3,I,0.9918752039000909,0.5166666666666667,0.9961717326897396,0.1447845715731237,0.9928098200205661,0.9760244822907763,0.14223712358239177,0.0991874150958621,-3.1254200662107854,-5.692114734216757
3,I,k96_0.1_flat,3,I,0.9930802549972471,0.48333333333333334,0.9996155870372233,0.1502636712779042,1.001240026630451,0.9803156079397043,0.14908080185091047,0.10001700019146917,-3.126567872466977,-5.756406593632376
4,I,k96_0.1_flat,3,I,0.978405210951857,0.44333333333333336,0.9686693990485308,0.14544339900998318,0.990931316668706,0.9548027321836621,0.15523445891770193,0.09905252339556225,-3.144151902398875,-5.710625046691157
5,I,k96_0.1_flat,3,I,0.9876846960735438,0.52,0.9857152069653705,0.1344347956784119,1.0103554383684659,0.9636152155341461,0.12976110068882088,0.10090098756843333,-3.1921451114760817,-5.730822987373364
6,I,k96_0.1_flat,3,I,0.9940982919857481,0.49666666666666665,0.9982571847739385,0.13034711370032565,0.9597252080552804,0.9641348933434453,0.11239772475273063,0.09609408414535985,-3.2048304300572523,-5.741168023992645
7,I,k96_0.1_flat,3,I,0.9845831157489314,0.5,0.9784469919775124,0.12774304426512198,0.9634307693336033,0.9553246877617941,0.12621239822142108,0.0964376709018298,-3.1905260447613686,-5.76428117722808
8,I,k96_0.1_flat,3,I,0.9923720298380173,0.4633333333333333,0.9940100380324027,0.1258016737352921,0.9357371688694404,0.9845323122851717,0.1207124154087052,0.09381274940113779,-3.16075475605035,-5.732744040780638
9,I,k96_0.1_flat,3,I,0.9749708509619781,0.5266666666666666,0.9570628290954073,0.11406461736654727,0.921402112743283,1.0093033819045747,0.10344411000278932,0.09244822768923133,-3.1903372362466285,-5.745896077895424
10,I,k96_0.1_flat,3,I,0.9856549851135673,0.49666666666666665,0.9772411227769354,0.10409346680463065,0.9006379161734461,1.029693289972539,0.10675318910255426,0.09046383007350203,-3.168178032453169,-5.736417170880443
11,I,k96_0.1_flat,3,I,0.9949059371887043,0.47333333333333333,0.9980332597228717,0.11752738665424099,0.8855396148310274,1.0228954147193776,0.1261479696010981,0.08900927942370228,-3.1698014958117837,-5.726870427840391
12,I,k96_0.1_flat,3,I,1.0058775857675837,0.5466666666666666,1.0235126230379847,0.1377104869526346,0.9076684974949315,1.0358246114021035,0.11319651123672866,0.0911355227766577,-3.177487272863954,-5.737121213374536
13,I,k96_0.1_flat,3,I,1.0064312970489102,0.48333333333333334,1.0245757921730259,0.13675674892239495,0.8905590271350102,1.016129812362993,0.11751622668165984,0.08950341664912423,-3.2099133089592677,-5.767825578511323
14,I,k96_0.1_flat,3,I,0.9974923635212777,0.5366666666666666,1.0039651612976732,0.12114197001009652,0.9167484410388544,1.010155937213828,0.09986443442507523,0.09199079552440705,-3.170794442969211,-5.758254951230192
15,I,k96_0.1_flat,3,I,0.9921732775990841,0.45666666666666667,0.994131272802556,0.13015751958798008,0.9271746924450057,1.0023859118220826,0.09470503541615641,0.09297988394217138,-3.1615345281496117,-5.748736271464155
16,I,k96_0.1_flat,3,I,0.9893333554854536,0.5033333333333333,0.9874275152700576,0.125106157626261,0.9116375766944358,1.0298529330692754,0.11019394682731103,0.09149424085258533,-3.1705817056227072,-5.750031289724691
17,I,k96_0.1_flat,3,I,0.9901528294820199,0.4633333333333333,0.9880810838516421,0.11583034982025375,0.9162471618241436,1.002745652527437,0.11581125104610683,0.09193750080622416,-3.147770392937585,-5.738120642597271
18,I,k96_0.1_flat,3,I,0.9945403460146118,0.49,0.9980612682048604,0.12309848913226426,0.9164290544011199,1.0595096008731133,0.09727886594735013,0.09197297471557889,-3.1114618419107387,-5.743708281118206
19,I,k96_0.1_flat,3,I,1.0180520272283458,0.49333333333333335,1.0496267612702086,0.1394436537495178,0.8997105222770938,1.0696368645127154,0.0989115839674463,0.09039021796784562,-3.1208095350016,-5.784981002644283
20,I,k96_0.1_flat,3,I,1.0256046797468426,0.5133333333333333,1.0677288118414476,0.15424153922124686,0.8891811162505261,1.0631624578109353,0.09366518574051168,0.0893774289791494,-3.1045409101238572,-5.7812194893893
21,I,k96_0.1_flat,3,I,1.0259661918577234,0.5133333333333333,1.0682309793694116,0.1516367512072853,0.8969991755158805,1.0619562886151492,0.0827746336043152,0.09012435906314657,-3.1404816761527212,-5.811894785214641
22,I,k96_0.1_flat,3,I,1.0372483461781814,0.5433333333333333,1.09593671697105,0.17551134718960887,0.9067178240750383,1.076115753673286,0.10092854820511231,0.09105394233971463,-3.1067134214937795,-5.823728540134294
23,I,k96_0.1_flat,3,I,1.0489084906941515,0.5166666666666667,1.1236228548115892,0.1872512650258318,0.9037895230291149,1.0834573297449397,0.09481950922814848,0.09077128212380324,-3.129904239274839,-5.837687984613239
24,I,k96_0.1_flat,3,I,1.0724246916642162,0.49,1.1788386017688708,0.2059731633410156,0.8723932486889104,1.0828682355656414,0.09207922029222576,0.08774798910841705,-3.1031958653760534,-5.839915112365282
25,I,k96_0.1_flat,3,I,1.0882437665885116,0.5066666666666667,1.2120187773892572,0.19400130865249743,0.8655170318527974,1.1062754106206687,0.08891422474149424,0.0871039683823683,-3.0916676324328387,-5.857875074632808
26,I,k96_0.1_flat,3,I,1.0844123641798629,0.49333333333333335,1.2048705573392309,0.20336919119441046,0.8592808323271302,1.101044025282198,0.09483443793272815,0.08651099792681521,-3.1450253203110483,-5.81635853582234
27,I,k96_0.1_flat,3,I,1.0877892191939538,0.49666666666666665,1.2143178841920652,0.212862384703303,0.8724891332355995,1.1136362668043276,0.0862347946086837,0.08777330721633168,-3.1254324155549646,-5.894184220419379
28,I,k96_0.1_flat,3,I,1.0972467747410797,0.48333333333333334,1.2357083340860795,0.21196564628528045,0.8906886643256936,1.1168881586613728,0.09458331025982018,0.08952899762968156,-3.1850627833715635,-5.894207666701511
29,I,k96_0.1_flat,3,I,1.1045525413694737,0.49333333333333335,1.2543477955219489,0.2214389423342152,0.8723770034551988,1.1116986190462255,0.09367055382726681,0.08777793062315203,-3.168137639545336,-5.899828516789116
30,I,k96_0.1_flat,3,I,1.1205541165860327,0.5066666666666667,1.290163544695086,0.21528155756813333,0.8682972320478405,1.1217193505655465,0.07645825463476236,0.08739584331179966,-3.194969311511698,-5.84536991541875
31,I,k96_0.1_flat,3,I,1.1410839293522637,0.5266666666666666,1.3420945781939033,0.23537847833766828,0.8712293139782378,1.1193737292488555,0.08483567186255572,0.08766568893183929,-3.1609394499731684,-5.869826965919742
32,I,k96_0.1_flat,3,I,1.1569380486342,0.43333333333333335,1.38179284304373,0.24461667132383014,0.8844162517017533,1.1340135765196238,0.06787984519237414,0.08892833931485904,-3.1521851662297293,-5.812932437242379
33,I,k96_0.1_flat,3,I,1.1638611654049182,0.5033333333333333,1.3960875696036146,0.23649088932761952,0.9058322261607181,1.1378842088677918,0.07843606401456565,0.0909733369212946,-3.156033832953529,-5.832681731563712
34,I,k96_0.1_flat,3,I,1.1587129703244077,0.5233333333333333,1.3881023324195303,0.25394354127311475,0.8904124145803866,1.1463336733387146,0.09765240909345037,0.08949783607021913,-3.122604185262606,-5.812077926856617
35,I,k96_0.1_flat,3,I,1.1738008000106528,0.49333333333333335,1.424509037270014,0.25162821460655926,0.8841510480995675,1.1686302291721944,0.09720408144051301,0.08889992265366012,-3.077004734950108,-5.855082535149379
36,I,k96_0.1_flat,3,I,1.1856781381513084,0.48,1.4493133550112218,0.23372824198052622,0.8688314181142062,1.164186210252096,0.09051185131922924,0.08743699023628046,-3.0713653273632224,-5.827998501928573
37,I,k96_0.1_flat,3,I,1.1997394475919712,0.43333333333333335,1.481748116314883,0.21931696909868031,0.8728279723700791,1.1568242662757886,0.0765019631385576,0.08782019753990496,-3.071454792186652,-5.795255852727005
38,I,k96_0.1_flat,3,I,1.2152493533690973,0.4666666666666667,1.5212542639194202,0.22172275445623554,0.8529081659793326,1.1623833239258683,0.06825931471392292,0.08591894713615034,-3.091706194538758,-5.852981898009671
39,I,k96_0.1_flat,3,I,1.222178248679847,0.49333333333333335,1.53614944349808,0.208635716260873,0.8345518529313019,1.1604926487329676,0.06877998939069098,0.0841448389123148,-3.119802524112767,-5.8342379712389585
40,I,k96_0.1_flat,3,I,1.228482708626264,0.5566666666666666,1.549798057014351,0.19261848898772266,0.8263104817876903,1.170529452704794,0.07211759191754204,0.08335207944627694,-3.1213294489230763,-5.816707517872401
41,I,k96_0.1_flat,3,I,1.2211722762875983,0.5166666666666667,1.5323036154211878,0.19990800022190464,0.8237383844000551,1.1744939242325756,0.07459763974371468,0.08310689775017419,-3.0920320820384175,-5.851037180203471
42,I,k96_0.1_flat,3,I,1.222815354659554,0.5133333333333333,1.537345825101263,0.20519273343956884,0.8302800751870648,1.1795598635753883,0.07293784029232946,0.08374119630888027,-3.0704568685593054,-5.830569098612528
43,I,k96_0.1_flat,3,I,1.221039035880819,0.49666666666666665,1.5327893970953612,0.20609105478772902,0.839878938788108,1.1806062120761667,0.06473183023318134,0.08466550784894933,-3.080401241528607,-5.868864703794755
44,I,k96_0.1_flat,3,I,1.2237277087515408,0.49666666666666665,1.538779622943718,0.2008566846477806,0.8374033803008362,1.1772601629279866,0.06865480868743867,0.08441990858649433,-3.121523612418705,-5.841579544229984
45,I,k96_0.1_flat,3,I,1.2295536939146072,0.5666666666666667,1.5554517738116693,0.20852977156679856,0.8183264884695156,1.1721859415017684,0.06916670913097005,0.08258420294788893,-3.0815169804660743,-5.815277910764528
46,I,k96_0.1_flat,3,I,1.2381077680455765,0.44,1.5762802026918576,0.20329527253822835,0.8420979098664453,1.1809498961388867,0.07121818236516948,0.08487189660320847,-3.0712815990016913,-5.8416270886129995
47,I,k96_0.1_flat,3,I,1.2398646330907972,0.5266666666666666,1.580030651483693,0.19841879374275215,0.846603089344917,1.1962291684208173,0.06237574874361618,0.08530557529628713,-3.0995244278701723,-5.886399322007777
48,I,k96_0.1_flat,3,I,1.2428202608505574,0.4766666666666667,1.5857038172885636,0.1849082152764375,0.8545698694236228,1.191208713835889,0.06133357851276808,0.08606287311980497,-3.0895936030108095,-5.9256300991269075
49,I,k96_0.1_flat,3,I,1.2442112247969335,0.5033333333333333,1.5937292325343477,0.212053943542363,0.866515106115559,1.201069019484293,0.07171826515438193,0.08721912220785048,-3.0915846291680964,-5.947389424788216
50,I,k96_0.1_flat,3,I,1.24895583881663,0.51,1.6044152900978543,0.20216088811869512,0.8573899913384497,1.1869827970769484,0.06441440232263172,0.08634370444138627,-3.072966898550057,-5.915533035807036
51,I,k96_0.1_flat,3,I,1.2515270846312143,0.44666666666666666,1.6104330382900356,0.19821610213452906,0.828478899390218,1.1894362532521585,0.07451743484550191,0.08355386448492193,-3.1220176131696347,-5.941340698403246
52,I,k96_0.1_flat,3,I,1.2532433131850664,0.5266666666666666,1.6155116023365554,0.20120714521873176,0.838360674294127,1.1972071925166956,0.07381368272487683,0.08450471149805774,-3.113569937283757,-5.982365835635866
53,I,k96_0.1_flat,3,I,1.2415568405805486,0.5033333333333333,1.5838531856606066,0.19522365819957,0.8441363646153732,1.1910006887551319,0.07065325691762508,0.08506731709151999,-3.0993024726557405,-6.010877886011859
54,I,k96_0.1_flat,3,I,1.2456974818954811,0.52,1.594269213762836,0.19123485255518444,0.8541846970280967,1.1897165298959063,0.05971407250035519,0.0860199019094269,-3.055004911740697,-5.978510018838776
55,I,k96_0.1_flat,3,I,1.240003068813494,0.5,1.5789147215091548,0.18897536292716252,0.8320854539897334,1.1780708880984738,0.0633030466026823,0.08390559573091211,-3.0543979968008093,-5.991057546632199
56,I,k96_0.1_flat,3,I,1.2446540185064732,0.5033333333333333,1.5928228677630996,0.20006950998741302,0.8323603761252066,1.1619924203639398,0.06764582101117991,0.0839323852694622,-3.045958328765834,-5.961305971057367
57,I,k96_0.1_flat,3,I,1.2477559672822878,0.5166666666666667,1.6007502143477974,0.19998627145976955,0.8362856753324883,1.1685266949627335,0.056894546690732795,0.0843074453556588,-3.0310080361845197,-6.010515463502876
58,I,k96_0.1_flat,3,I,1.2522166268537764,0.53,1.6146010258304975,0.21278373307962448,0.8316423320246713,1.1657908266591204,0.05510901375793989,0.0838547134081334,-2.987202693765509,-5.983726495384537
59,I,k96_0.1_flat,3,I,1.2568002351646799,0.49666666666666665,1.6261289394495002,0.2088170212199888,0.8428595185730321,1.1592095879173057,0.04499913617276466,0.08493951264694505,-3.0365595064923987,-5.91568414421259
60,I,k96_0.1_flat,3,I,1.2405382163419638,0.5033333333333333,1.5844855192516976,0.21505609427445244,0.8308964559931045,1.1611861632089093,0.053019610469799805,0.08377778823778204,-2.98255408701003,-5.993207995526418
1,U,k96_0.1_flat,3,U,,,1.0045438462385827,0.15490117416708307,1.002366726813154,1.0092697820535508,0.15091274657111703,0.10011313972769043,-3.121197060655561,-5.684883322500405
2,U,k96_0.1_flat,3,U,,,1.009041649528752,0.16400679681818423,0.9941435654895284,1.0048022515162989,0.1442678913681133,0.099353342474721,-3.0999491915707087,-5.69927758017456
3,U,k96_0.1_flat,3,U,,,0.9937486928796057,0.15496449916468014,0.9725657782447155,1.0376841536209769,0.14208583116569296,0.09729370915924052,-3.094352795079897,-5.724090738166372
4,U,k96_0.1_flat,3,U,,,1.011708426947031,0.15413291342317414,0.980646084277131,1.0483738302596606,0.1645869370046139,0.0980550925389988,-3.111758342053128,-5.720496850164562
5,U,k96_0.1_flat,3,U,,,0.9976483298940563,0.1595249429155537,0.9434294894279744,1.0282633399784131,0.13434016694645654,0.09452203391916392,-3.1248437502658932,-5.72975506297154
6,U,k96_0.1_flat,3,U,,,1.0143468147159798,0.18147294402113204,0.94436292547481,1.0434379018044324,0.1436371987208369,0.0946133453269753,-3.122965269215988,-5.726419780791837
7,U,k96_0.1_flat,3,U,,,1.0080281179580959,0.18072103074483567,0.9343849234237126,1.0193573781696799,0.1505456803798542,0.09365428985854228,-3.112171111789806,-5.716493864488274
8,U,k96_0.1_flat,3,U,,,1.0234563071161953,0.1723694752473585,0.9186839135057384,1.0535558327976464,0.15044649995033774,0.09215273125956043,-3.089458185750561,-5.738813415461046
9,U,k96_0.1_flat,3,U,,,1.0250518558745618,0.1680943067006764,0.9332607355737684,1.037167448869912,0.14719896286821538,0.09355830809072546,-3.1331734046018007,-5.782264150088748
10,U,k96_0.1_flat,3,U,,,1.0113808607463262,0.14578488848222348,0.9164699225610339,1.0521524153168484,0.1514516211798673,0.09195837123186366,-3.109759754111717,-5.765426660087734
11,U,k96_0.1_flat,3,U,,,1.0172425377852392,0.1858682612100508,0.9176847952719602,1.0441952809203094,0.17462478707313756,0.09207476241574862,-3.149293162642562,-5.780725897358024
12,U,k96_0.1_flat,3,U,,,1.0054685415121924,0.16086349320320087,0.9159724926063355,1.0557929147087288,0.15114680258293564,0.0919278897187745,-3.1478723279150147,-5.7774200199293935
13,U,k96_0.1_flat,3,U,,,1.001904386059104,0.16165702505983928,0.9020324733841483,1.06452720892222,0.16446500055183624,0.09057460521961878,-3.0849758884172203,-5.779163388996651
14,U,k96_0.1_flat,3,U,,,1.013733312160706,0.16318055454748193,0.9079386297346512,1.0788874307124068,0.13963071728621304,0.09115668157687598,-3.1287456699393563,-5.821585123784248
15,U,k96_0.1_flat,3,U,,,1.022781834961792,0.15194442125850813,0.9004056615373812,1.0839552930267324,0.16060855778814495,0.09043729437267073,-3.1354521987700803,-5.787163698611672
16,U,k96_0.1_flat,3,U,,,1.0258679354538585,0.15166791872373475,0.9270005031320341,1.0798887735842926,0.16506820757422225,0.09298849125490229,-3.171945871908406,-5.798784821555329
17,U,k96_0.1_flat,3,U,,,1.0348140232511365,0.16214093282658812,0.8817246388638709,1.0715138007735545,0.162999524248991,0.08866172109109381,-3.158510940140231,-5.86337778933914
18,U,k96_0.1_flat,3,U,,,1.0280349266956683,0.15703929775302353,0.8809645026700048,1.1086274329543981,0.14604744969945213,0.0885833213836295,-3.1600763277141173,-5.865867727967641
19,U,k96_0.1_flat,3,U,,,1.0060383822799543,0.1384388884131652,0.8533383848453362,1.1532972286326972,0.14982478979086608,0.08592449425446745,-3.0899409719385784,-5.874831575174717
20,U,k96_0.1_flat,3,U,,,1.0105414137098507,0.1342472052124879,0.8703340014997438,1.1199546282381445,0.1644839126126927,0.08754953756393051,-3.1196750167466356,-5.878125932362345
21,U,k96_0.1_flat,3,U,,,1.0062973273811429,0.164338669677732,0.8761987779711866,1.1267642373330211,0.1756623779497327,0.08811983469038433,-3.1127363553096257,-5.879787355071939
22,U,k96_0.1_flat,3,U,,,1.0006148659636611,0.14288265664914762,0.8586011226984741,1.0994316297562179,0.1694725991604599,0.0864418937268572,-3.1217205042197103,-5.888234370819929
23,U,k96_0.1_flat,3,U,,,1.0095218857406238,0.15214154413947426,0.839238833911359,1.1137661477313017,0.14704951600748192,0.08456662710902042,-3.0876438116021445,-5.892110940438269
24,U,k96_0.1_flat,3,U,,,1.010832085714203,0.1443943099621816,0.8486469809636634,1.1288518721279872,0.16004741202004621,0.08545890021722198,-3.058523255647931,-5.9197063956546545
25,U,k96_0.1_flat,3,U,,,1.0162059045521419,0.15024268912115787,0.8170994814725862,1.1147974495084396,0.14733955355904932,0.08242166868711207,-3.087080040014033,-5.877644484113978
26,U,k96_0.1_flat,3,U,,,1.0193992756303205,0.1669883896209908,0.8342895046009329,1.107976426108167,0.14211938496679163,0.08410120587210679,-3.0505637474545972,-5.8986784132865875
27,U,k96_0.1_flat,3,U,,,1.0100264755350492,0.15869569876759987,0.834804133687546,1.1084004496776652,0.1488885420289366,0.08413927156990277,-3.0575002814416017,-5.910681661113082
28,U,k96_0.1_flat,3,U,,,1.0294339795592111,0.1758969456723426,0.8257974834505853,1.1145562169232608,0.14673251479914384,0.08328131294813457,-3.083927432182946,-5.939417926681099
29,U,k96_0.1_flat,3,U,,,1.0166493610789091,0.1576599687529603,0.8167949898264938,1.1379967678419063,0.15235076345451976,0.08240928796244072,-3.077040793192718,-5.944094543900347
30,U,k96_0.1_flat,3,U,,,1.0161511543367112,0.1626136936750615,0.8125933947858893,1.1315029727264345,0.13840059258912085,0.08199433136192329,-3.0830599659243223,-5.942296415676599
31,U,k96_0.1_flat,3,U,,,1.027146333634721,0.16609044492692746,0.8131499493212155,1.1223088825357472,0.16912047061157134,0.08203809451511965,-3.09484974608016,-5.949413735331934
32,U,k96_0.1_flat,3,U,,,1.0292972570016938,0.16999515227889173,0.8007632091435427,1.1205379821158605,0.1537833698449835,0.08085096983506379,-3.0495146447796,-5.961976806181949
33,U,k96_0.1_flat,3,U,,,1.0378188366923908,0.14937856884364994,0.8017340881029268,1.090454287414539,0.14647515792145394,0.08095178140244463,-3.0655804834113485,-5.97175443137137
34,U,k96_0.1_flat,3,U,,,1.0321245895676736,0.15301825917019274,0.8004154274283479,1.096503571669347,0.12987791279391997,0.08083274358167164,-3.104076373393738,-5.965736056210109
35,U,k96_0.1_flat,3,U,,,1.0380848866100316,0.16964301690127154,0.8018303880919068,1.1054207568966228,0.14357619711244218,0.08095760884619763,-3.08635664178278,-5.9910674522433816
36,U,k96_0.1_flat,3,U,,,1.0491270087574394,0.16698186497371886,0.7926407990648815,1.0684563589195728,0.15584428935614705,0.08007450117927575,-3.0949751126995273,-5.954205377619243
37,U,k96_0.1_flat,3,U,,,1.043992480751216,0.16483408521311668,0.8169088258508097,1.0615124175923398,0.14948990865579473,0.08241792006195207,-3.0587995073682483,-5.986013671937112
38,U,k96_0.1_flat,3,U,,,1.0661885562455753,0.1934039542989522,0.8185192078625495,1.0825751343536065,0.14571277377566338,0.08255607026929015,-3.08152554383544,-6.007033578021754
39,U,k96_0.1_flat,3,U,,,1.0576826996726993,0.19665050412482357,0.8109519533101528,1.0724473761620543,0.14585338870745468,0.08184989991102187,-3.0667235527794166,-5.99184033866665
40,U,k96_0.1_flat,3,U,,,1.056085163369499,0.17842686913133154,0.8113355752178889,1.0287828501418623,0.14789249128380869,0.08189293987049202,-3.099204823995907,-5.965863618280998
41,U,k96_0.1_flat,3,U,,,1.067670695091953,0.19193138074824406,0.8206682001283335,1.0259649495488445,0.13837181576209004,0.08278965628492171,-3.1153911948342032,-5.9925460738766185
42,U,k96_0.1_flat,3,U,,,1.0760407365764855,0.19483909568853955,0.8313070794169607,1.0215534354890081,0.14801712017641078,0.08381490181966278,-3.100429746067449,-6.009389849547321
43,U,k96_0.1_flat,3,U,,,1.0664049583376818,0.16792726716350892,0.8429655721622602,0.9989559247106238,0.15758854579597734,0.0849416307231801,-3.1001118029735055,-6.017799764705942
44,U,k96_0.1_flat,3,U,,,1.05837523983532,0.1697825965997821,0.8542816778009116,1.0172331066040927,0.15160487226743402,0.08602696362100257,-3.112884644646216,-6.029132521154395
45,U,k96_0.1_flat,3,U,,,1.0588643052107898,0.17461522705031532,0.8581108670379196,1.0091979704697105,0.14351809470955024,0.08638373710051626,-3.1329223852449037,-6.035445631824312
46,U,k96_0.1_flat,3,U,,,1.0690630012590538,0.17090679937750095,0.861185823014936,1.0168815008572316,0.15400905444506657,0.0866851306020568,-3.1156875638511767,-6.025349738241627
47,U,k96_0.1_flat,3,U,,,1.0486412638036446,0.17777773842603298,0.8498605118259838,0.9918621987776701,0.15233379330297855,0.08559255118104682,-3.115562079676947,-6.037244013104446
48,U,k96_0.1_flat,3,U,,,1.03537794783668,0.1701421366008125,0.8728704597471066,0.969297947598429,0.14966190582603028,0.08780246411212894,-3.1134580649589894,-6.034884305343831
49,U,k96_0.1_flat,3,U,,,1.0452027128038996,0.16154599103128567,0.8452386405216117,0.9608554658387986,0.16316450371488628,0.08514559429290378,-3.1039168872504956,-5.976465890849299
50,U,k96_0.1_flat,3,U,,,1.0221396355540133,0.15613250501075157,0.8784369350988671,0.9615824523763183,0.13776344578079225,0.08833958299622119,-3.096383391734826,-6.024719727748151
51,U,k96_0.1_flat,3,U,,,1.0007280107664163,0.1646976380895759,0.8537703355223586,0.9703274635270259,0.15105987262123,0.08597906245051416,-3.1087832271604454,-6.003964900008149
52,U,k96_0.1_flat,3,U,,,1.0291027464892546,0.18195059546640205,0.849947309470994,0.9464791023158121,0.1436629045452353,0.08561202823276372,-3.1225945242748963,-5.981505748436807
53,U,k96_0.1_flat,3,U,,,1.03991420032724,0.17057621198868306,0.8597382973983965,1.007296402942671,0.14234151670567938,0.086545500553379,-3.1330930215110917,-5.984678170272834
54,U,k96_0.1_flat,3,U,,,1.043252819170765,0.17419560983570537,0.8601859856215474,1.0265700715567878,0.14980407430341,0.0865810220121698,-3.14440184662703,-5.928905930747281
55,U,k96_0.1_flat,3,U,,,1.0462798109386136,0.1769850002121691,0.8601806573332617,0.9707682809383844,0.14349404150837375,0.08659685014411365,-3.124467593308021,-5.89102310718503
56,U,k96_0.1_flat,3,U,,,1.0449200169645116,0.170537089757104,0.8876482730932872,1.0125051678502048,0.145338201364436,0.08921433159929001,-3.1390503605182283,-5.933490173728347
57,U,k96_0.1_flat,3,U,,,1.039350897318173,0.1739854651495535,0.8434566198804144,0.9888331581427928,0.13220718248233684,0.08496761355309634,-3.157956980841665,-5.863310199847968
58,U,k96_0.1_flat,3,U,,,1.0095548661360523,0.15466028769393964,0.8761109978672783,0.9629341735293421,0.14508379429072776,0.08811083240546197,-3.170021701697217,-5.92864685105845
59,U,k96_0.1_flat,3,U,,,1.0032201798328964,0.14011061438224823,0.8825083510368738,0.9471895725035678,0.12429924419096258,0.08872063875074976,-3.172258822647285,-5.912405126060765
60,U,k96_0.1_flat,3,U,,,0.9898131862021876,0.14797105176011044,0.8823768310621696,0.9704635063691132,0.13621590914170026,0.08870727240561947,-3.1551114077520817,-5.8872744850397405
1,I,k96_0.1_flat,4,I,0.9985489699158846,0.5166666666666667,1.0131113955546487,0.16263792241343264,0.990135528055356,1.00782070136662,0.14679364468314982,0.09897040289126315,-3.092883151554682,-5.669611155626317
2,I,k96_0.1_flat,4,I,1.0082640556108124,0.52,1.0311820446575877,0.15239664174265682,0.974989342347858,1.018207238263117,0.13460184860719593,0.09753717491815128,-3.084407824114187,-5.64521743278754
3,I,k96_0.1_flat,4,I,1.0101119557868017,0.5066666666666667,1.0346967597020125,0.14929710557485665,0.9442510941031488,1.0075340565276774,0.13740305626173463,0.09461774426824206,-3.0948519413328897,-5.655708960680998
4,I,k96_0.1_flat,4,I,1.0143703902727046,0.4666666666666667,1.0432571203204046,0.14692548447254578,0.9372974940641143,1.0260418949531231,0.1367097220335271,0.09396010947725761,-3.098914157658384,-5.624569346461883
5,I,k96_0.1_flat,4,I,1.019991013902562,0.43666666666666665,1.0549286438251273,0.14728742784579943,0.968860178060858,0.9988719545361187,0.13733086118349117,0.09693562658900416,-3.1422666060668933,-5.58292793244695
6,I,k96_0.1_flat,4,I,1.0242319144885843,0.49333333333333335,1.0628134555357274,0.13934791740519142,0.9863652733660848,0.9747811167045825,0.14078811154245296,0.09856597429181256,-3.121120143642927,-5.619224969266606
7,I,k96_0.1_flat,4,I,1.0262468812633498,0.4666666666666667,1.0676554368276248,0.14424311195167028,1.0120492868744324,0.9887187883372195,0.1470173502818723,0.10098177943255832,-3.099795228030693,-5.563858581835713
8,I,k96_0.1_flat,4,I,1.0328567813936282,0.43666666666666665,1.0833357297673296,0.1539299062572036,0.9986460663608319,1.0061956039539595,0.14727431164027563,0.09975464426319937,-3.1103729289816595,-5.60543694291492
9,I,k96_0.1_flat,4,I,1.0340814724681147,0.47,1.0890518477267745,0.17199564661884081,0.978628365131511,1.0407008962270072,0.13048939704716514,0.09787387646151618,-3.1800628257568024,-5.602131229985816
10,I,k96_0.1_flat,4,I,1.0519142171980342,0.51,1.125271663554772,0.15937268351590414,1.0028171176010563,1.0594054188262803,0.14455881543437518,0.10015488932190174,-3.126345710516526,-5.599609312487164
11,I,k96_0.1_flat,4,I,1.0521727316082485,0.5033333333333333,1.129642902835993,0.18197411695332788,0.9642696732013284,1.0567482094873584,0.12446843326071892,0.09651727658894177,-3.1937615747832706,-5.62023464008035
12,I,k96_0.1_flat,4,I,1.0752969428923003,0.5166666666666667,1.1832304070481447,0.19419083704107215,0.9440754107836824,1.035203788399738,0.12031267177755924,0.09459697323010935,-3.2357965253930594,-5.65364472549831
13,I,k96_0.1_flat,4,I,1.0908834889339876,0.5233333333333333,1.2224897119812737,0.21700533842318392,0.9578924205150342,1.0308597711524807,0.13057017181696312,0.09590193503853975,-3.2539922132809345,-5.675837186250317
14,I,k96_0.1_flat,4,I,1.1038340945641854,0.5366666666666666,1.249484559659563,0.20569852523342524,0.9411719853244868,1.057933084366753,0.12848748669524754,0.09429068088766031,-3.213392081141417,-5.650639507929691
15,I,k96_0.1_flat,4,I,1.1145552648652204,0.5266666666666666,1.276118658336696,0.21438183044747508,0.9391725963342447,1.0573018721053382,0.14128991481218883,0.09412780706711787,-3.2535354987181186,-5.679855410719487
16,I,k96_0.1_flat,4,I,1.1227636916902255,0.5133333333333333,1.2919505374229137,0.19916003482357164,0.9366443662776434,1.0389294749637779,0.15029304601167295,0.09390588914521247,-3.2603583484508785,-5.658109386365051
17,I,k96_0.1_flat,4,I,1.1297782905656233,0.5,1.306520953395749,0.18883040713375926,0.959973832062351,1.0409399961350407,0.14031561515429047,0.09611613424840834,-3.3023839693467303,-5.691181050220992
18,I,k96_0.1_flat,4,I,1.1562559318802335,0.48333333333333334,1.3762915350070652,0.22533696551561266,0.9135889210292828,1.0663590925093904,0.15610127880970798,0.0916965933287315,-3.252965382083214,-5.685106880646559
19,I,k96_0.1_flat,4,I,1.1609500623452897,0.5033333333333333,1.386038876741444,0.21806354936919514,0.9075998817923382,1.060296334622416,0.14769986551076703,0.09111666597934388,-3.213216341688698,-5.6695445225897565
20,I,k96_0.1_flat,4,I,1.142949215965002,0.5366666666666666,1.3460283803597826,0.23562011134245983,0.8970054656405125,1.0589243780236104,0.14892529911750493,0.09011693703776859,-3.260801484971205,-5.663474641464814
21,I,k96_0.1_flat,4,I,1.1482173747198092,0.52,1.358214679307051,0.23288953217101208,0.8935722973982666,1.09255239358537,0.13585081262937007,0.08978188379139446,-3.2339089155205567,-5.677248602365728
22,I,k96_0.1_flat,4,I,1.1635549242180894,0.5333333333333333,1.390324166971832,0.20770534336690316,0.889133251141821,1.0769135572900128,0.13139471228623048,0.0893595586830767,-3.275210418450882,-5.655705144625191
23,I,k96_0.1_flat,4,I,1.1552336287508829,0.5233333333333333,1.374511279476029,0.22813536511856672,0.9053434091085404,1.0766788007870594,0.1325267892933697,0.09092612480965268,-3.290566646286541,-5.68740763386672
24,I,k96_0.1_flat,4,I,1.1650769438914186,0.45666666666666667,1.3977762405342196,0.2260002759388973,0.891183770701208,1.0639127920836773,0.13749040747306163,0.08955508451467328,-3.3108435843574853,-5.656125558893855
25,I,k96_0.1_flat,4,I,1.1723995512983565,0.5666666666666667,1.4192068130427196,0.2438784345586824,0.8985349660415292,1.073428495074049,0.15063299470852987,0.09025362637122633,-3.2487084820595453,-5.684882648412946
26,I,k96_0.1_flat,4,I,1.175413707023407,0.5366666666666666,1.4256377814678454,0.24037544614135317,0.9303423699663699,1.0828305417471422,0.15216614028038103,0.09328474451505095,-3.2319006254648865,-5.694396303143409
27,I,k96_0.1_flat,4,I,1.1969023739157443,0.5166666666666667,1.479514763228686,0.24342660231330293,0.9225809842284642,1.0776338936850827,0.13388307952749,0.09254752066498476,-3.2425462829842164,-5.705246120337808
28,I,k96_0.1_flat,4,I,1.2159874103817037,0.5066666666666667,1.5349829365760057,0.288454244007527,0.9509566133940056,1.0855889770482527,0.13441448441070494,0.09526015730260155,-3.2729646353512876,-5.694919740431119
29,I,k96_0.1_flat,4,I,1.2115697725050605,0.49,1.5125796913231704,0.22464885576074525,0.9722496218030711,1.07107223254509,0.13413329443038902,0.09727461564977517,-3.189215484161721,-5.712753417475411
30,I,k96_0.1_flat,4,I,1.2273950531614153,0.5,1.5594236354564726,0.2577156413817379,0.9829022304464183,1.0526466346683208,0.1428681778656401,0.09827502123944656,-3.2088067969715044,-5.648790826315427
31,I,k96_0.1_flat,4,I,1.23932597186551,0.43666666666666665,1.5878947198196904,0.2500833545167487,0.9789128130429361,1.0436170438007026,0.15626366530718083,0.09789194609568956,-3.2494665476259237,-5.706256450993042
32,I,k96_0.1_flat,4,I,1.2521157661528934,0.5233333333333333,1.6211663885467493,0.249087286397489,0.9772153609452876,1.0475466216146985,0.1528262647158884,0.09775214978050094,-3.231127712789382,-5.694492949049734
33,I,k96_0.1_flat,4,I,1.2722005384108956,0.49666666666666665,1.6738401143056965,0.24738931589670657,0.9804936811425387,1.0932720433031327,0.1641087799284082,0.09804863826325008,-3.2399069025393596,-5.671500025615055
34,I,k96_0.1_flat,4,I,1.2572779859743841,0.5266666666666666,1.6365147176195063,0.26076201418482864,0.9703612594858794,1.1084906394268415,0.15360314073536752,0.097110366463431,-3.229098841736626,-5.677863646009908
35,I,k96_0.1_flat,4,I,1.2641797881304049,0.4766666666666667,1.6559206972961593,0.267173995436469,0.9674666034058884,1.1107646832734468,0.15952434803792573,0.09684973224592035,-3.202992778395201,-5.677951968528618
36,I,k96_0.1_flat,4,I,1.2710801011243689,0.49333333333333335,1.676000001872799,0.27716241441528733,0.9547417796295096,1.1261648009350873,0.16046505673838404,0.09560720584715658,-3.189306749867597,-5.706527806680202
37,I,k96_0.1_flat,4,I,1.291295893368139,0.49,1.7293851373835316,0.2708287524216474,0.9580970257041241,1.1031923482758776,0.16709003534994984,0.09593603359519415,-3.184291496145745,-5.707596621185938
38,I,k96_0.1_flat,4,I,1.2916741567455277,0.52,1.7309450451241764,0.2732119182149138,0.911305069347307,1.0783020067561397,0.14794182048541113,0.09147081599631388,-3.1691282426960017,-5.673645337082527
39,I,k96_0.1_flat,4,I,1.2936523472877264,0.52,1.7334272673480515,0.2583822227309173,0.9103816512085726,1.0812311614593155,0.16002177653009445,0.09139083506811926,-3.1316127917277714,-5.700614686426439
40,I,k96_0.1_flat,4,I,1.292897921292399,0.5,1.735855258811901,0.279960731258854,0.9053954876974488,1.0788651743933977,0.15874592590676112,0.0909193865238613,-3.1418695339970424,-5.724189688900432
41,I,k96_0.1_flat,4,I,1.3145594221755825,0.49666666666666665,1.7947444212123438,0.2839915896660241,0.8932181956375524,1.0783792718389584,0.16357383404468973,0.08976020742028848,-3.1532412722818672,-5.706543389341356
42,I,k96_0.1_flat,4,I,1.3421462797824257,0.4866666666666667,1.8863625752013506,0.3535701826078027,0.9219146596781851,1.1012692513957287,0.15032931071463151,0.09247849471958813,-3.1489547670295033,-5.713391144732207
43,I,k96_0.1_flat,4,I,1.337904694889941,0.5166666666666667,1.8721897735958373,0.3437767123654144,0.905842743038127,1.081397428103467,0.1440383032158187,0.0909478430635698,-3.1551528124994928,-5.72507083071089
44,I,k96_0.1_flat,4,I,1.3455074801984521,0.44,1.9039137614235624,0.3866367114535218,0.9248743652536889,1.105468144367945,0.15957926974255232,0.09278569565891627,-3.194667892117338,-5.7402337327226665
45,I,k96_0.1_flat,4,I,1.359513568066568,0.51,1.9374131458863648,0.3640937722155666,0.9325001510466446,1.117240850322603,0.15854626522027787,0.09348979912262374,-3.1599717486959853,-5.72996528674901
46,I,k96_0.1_flat,4,I,1.3732095874596537,0.4666666666666667,1.9677070575734614,0.3236764616917014,0.911568771715258,1.1235381371827586,0.16306319845779715,0.09151399032432625,-3.1630026689102455,-5.747498858989216
47,I,k96_0.1_flat,4,I,1.3722400967729442,0.4666666666666667,1.9705818429892232,0.34820296789213445,0.9069663599658891,1.1176735282591357,0.15316290629761145,0.09105213806474267,-3.1153553902483786,-5.732302023808859
48,I,k96_0.1_flat,4,I,1.3769298419535276,0.51,1.9834740880759378,0.34445587302567604,0.9250618863393224,1.1272644011230883,0.1607963279964864,0.09279380693887777,-3.1254015709808196,-5.762654586663104
49,I,k96_0.1_flat,4,I,1.3982706972059993,0.52,2.0519464428679757,0.3778622931554804,0.9283776963329414,1.13007590804583,0.1791082046065386,0.09312985282758267,-3.139927014556684,-5.7450175748439145
50,I,k96_0.1_flat,4,I,1.3875773999008747,0.5433333333333333,2.0178909203938162,0.364785923333003,0.947501265892895,1.1817694034781505,0.17292290562534995,0.09497061310337221,-3.2201709458368404,-5.773923694254872
51,I,k96_0.1_flat,4,I,1.392771682373241,0.54,2.037367248003473,0.3825689222864608,0.9304277076687939,1.1686346008570871,0.1655845614075103,0.09332385211155975,-3.175301430022821,-5.796565957433463
52,I,k96_0.1_flat,4,I,1.3907894316568763,0.52,2.026844054510805,0.3612006305813982,0.9529692615614942,1.176745808367523,0.17492904137368145,0.09543567022948322,-3.228582968130323,-5.763313015451835
53,I,k96_0.1_flat,4,I,1.4122735174668488,0.5233333333333333,2.09255425577924,0.36996467016553736,0.9548793153557138,1.1506542815427274,0.16580663399898787,0.0956383118581376,-3.230857303916011,-5.834266272644995
54,I,k96_0.1_flat,4,I,1.4285863339388933,0.47,2.142908912939102,0.38141417592343546,0.965659624586708,1.1392815709484698,0.16681749378269511,0.0966584738572199,-3.175360391140704,-5.7993436048267135
55,I,k96_0.1_flat,4,I,1.4490042092037054,0.4766666666666667,2.2068329224141188,0.38980393332810903,1.021994266225262,1.1281615565872205,0.15523806414961647,0.10198504814754804,-3.17418258335635,-5.8095434645092645
56,I,k96_0.1_flat,4,I,1.4692688232756386,0.5033333333333333,2.267804223304681,0.3846439740433258,1.0057923618426308,1.1028577938473336,0.1475051310704446,0.10044373817068304,-3.1678857420946827,-5.812313287006648
57,I,k96_0.1_flat,4,I,1.4679265433886206,0.5366666666666666,2.2668111635588057,0.3988302445429469,1.015092729457478,1.1250046279169836,0.15384692231394123,0.10133530471211576,-3.1384947235881313,-5.80874654909408
58,I,k96_0.1_flat,4,I,1.4642480204306771,0.48333333333333334,2.2490954923939626,0.3682210997197133,0.9778680439556894,1.1180762983396164,0.16417045640731412,0.09784335018008301,-3.130939906517487,-5.808941184643823
59,I,k96_0.1_flat,4,I,1.460274414580222,0.52,2.2435548628186193,0.3993791909211509,1.0062200784321256,1.1337459393123153,0.16667385784716082,0.10052707957115645,-3.095873923085798,-5.807393635292083
60,I,k96_0.1_flat,4,I,1.4608525750050205,0.5,2.236572966276015,0.35865408441249597,0.9961279991391154,1.0965698945079172,0.1684505590783268,0.09959187412777382,-3.143422135853811,-5.8155173473134
1,U,k96_0.1_flat,4,U,,,1.0112307702471228,0.157689527885439,1.0086997342040434,1.0029335688473369,0.1575200480680562,0.10070964958967397,-3.1223013227700918,-5.701815667094755
2,U,k96_0.1_flat,4,U,,,1.0130404046292762,0.17607259117903756,1.0426020641516822,1.0198767965064799,0.1393196218475347,0.10393382025593503,-3.094587871728677,-5.7278065261046835
3,U,k96_0.1_flat,4,U,,,1.0036125569130954,0.15670400715625576,1.0701433036444203,0.9980104500467204,0.1663856902219143,0.10652567722442957,-3.0908550257620737,-5.740450701197301
4,U,k96_0.1_flat,4,U,,,1.0074157960186532,0.15237439224047336,1.0499814930538032,1.0134503695174581,0.14416779670421317,0.10461586573414072,-3.1022135121325345,-5.727192923860642
5,U,k96_0.1_flat,4,U,,,1.0174706771830693,0.1596516743404541,1.0536628297275867,1.0017783091095294,0.14813802472977441,0.10493589065077151,-3.1289331446565907,-5.705727681647295
6,U,k96_0.1_flat,4,U,,,1.0280363379825173,0.18195638162561262,1.019243032045714,0.9839532257895799,0.1716927865616222,0.1017301326910294,-3.143535940190706,-5.695487917916255
7,U,k96_0.1_flat,4,U,,,1.0483069972122794,0.19573340618428217,1.0483353760975591,0.9833536440972407,0.14601228983651568,0.10445812824584548,-3.172565672228342,-5.684311939570935
8,U,k96_0.1_flat,4,U,,,1.013307375956906,0.19127328649399794,1.0351914010721603,0.9807608517766774,0.17058815750969306,0.10320389105938685,-3.1737293017041663,-5.7014036784622
9,U,k96_0.1_flat,4,U,,,0.9744269549398571,0.16850143535458148,1.046126410058789,0.9924165132900797,0.14863602873030005,0.10423843379106333,-3.1614683529426486,-5.747463344720944
10,U,k96_0.1_flat,4,U,,,0.960242728734216,0.17403100722052664,1.0381580280105822,1.001128264232732,0.14962134009248904,0.103486115382971,-3.1791428792767915,-5.715197719175443
11,U,k96_0.1_flat,4,U,,,0.9752474439796623,0.15960379526866308,1.0435373605200682,1.0349758043311836,0.14102693087831233,0.10401046183602478,-3.184651596951728,-5.734555955044166
12,U,k96_0.1_flat,4,U,,,0.9846790232493569,0.17518774951968716,1.0424178362429855,1.0205652944256924,0.15026499871498308,0.10387908795121743,-3.2070463058792797,-5.717894440968659
13,U,k96_0.1_flat,4,U,,,0.9915220528902523,0.18206186691390513,1.069868866031902,1.0228682065004142,0.12013477520056509,0.10649608434370142,-3.219927141963294,-5.741857965164309
14,U,k96_0.1_flat,4,U,,,0.9790735778700411,0.16243190760420959,1.0223527665238568,1.0489976507665189,0.14454324368867938,0.10202855303960082,-3.186832464789611,-5.7423531657293685
15,U,k96_0.1_flat,4,U,,,0.9854517886740488,0.13989435048847837,1.0162484282433453,1.0167471387482354,0.1349921760062224,0.10145700692248012,-3.228366376741357,-5.755880679049542
16,U,k96_0.1_flat,4,U,,,1.0018993429971674,0.15192547332085116,1.029430374623874,1.0102581440264753,0.15029577810557612,0.10271058107125337,-3.2429717842595163,-5.761762630932559
17,U,k96_0.1_flat,4,U,,,1.024493350736728,0.18426681665797,1.0204458917024517,1.03974940615929,0.16209673003898858,0.10186223922369983,-3.233392717198493,-5.7795741845010165
18,U,k96_0.1_flat,4,U,,,1.036696799676259,0.1803606774517967,1.018803935511685,1.007449764791686,0.15862050117744197,0.1016996396672976,-3.2341170217128417,-5.7560003577707395
19,U,k96_0.1_flat,4,U,,,1.022653002380911,0.1544599928771729,1.020699460352046,1.0319180419566192,0.1410348595421757,0.1018747302458572,-3.2437426333119976,-5.711052143407575
20,U,k96_0.1_flat,4,U,,,1.0228973453138785,0.16457379363833366,1.022228544684373,1.0375204761275874,0.15397972089777515,0.1020177575813939,-3.2803334137844717,-5.712975614544849
21,U,k96_0.1_flat,4,U,,,1.032530142967322,0.1605246078212837,1.052816888699394,1.0391478460072785,0.15948501835350853,0.10491041837296042,-3.2854923955121067,-5.73227312733065
22,U,k96_0.1_flat,4,U,,,1.0391676871249749,0.16330946263739066,1.0324704556594364,1.0518840117847965,0.14423169051497406,0.10298738668710723,-3.32403861208292,-5.7108005934206325
23,U,k96_0.1_flat,4,U,,,1.0283585356491503,0.15590916586722145,1.0402690206271403,1.038057856426923,0.13200488607899336,0.1037234303107624,-3.30376978831999,-5.764471809296907
24,U,k96_0.1_flat,4,U,,,1.048058659530991,0.16323469915464617,1.0182710383054845,1.0293439869916108,0.1356806244053364,0.10163982819537132,-3.308751192942457,-5.701083141600816
25,U,k96_0.1_flat,4,U,,,1.0442043054613162,0.15336998367586424,1.0200476715439408,1.0721044811941154,0.12878748667750284,0.10181564030244913,-3.2910452647145876,-5.712060964684222
26,U,k96_0.1_flat,4,U,,,1.0465414133915802,0.14807955868705863,1.0009385221910505,1.048179620076909,0.12720089488133676,0.09999395860746373,-3.305276291607241,-5.751411971716154
27,U,k96_0.1_flat,4,U,,,1.0494391615693481,0.15674984890173807,1.0064414825694816,1.0591503323854703,0.12418882583021652,0.10052642806667056,-3.282829769140271,-5.697102528538382
28,U,k96_0.1_flat,4,U,,,1.0593559797500167,0.16940170113395778,1.0111320240036015,1.0169292561991445,0.1237046302632379,0.10097151042562062,-3.2888437427556396,-5.707827051453749
29,U,k96_0.1_flat,4,U,,,1.0400185100158876,0.16005965603820896,0.994193490016182,1.031915697593763,0.12282760639850632,0.09936689264629758,-3.286788095539486,-5.711136369376927
30,U,k96_0.1_flat,4,U,,,1.0504570325036886,0.16726757598116024,1.0192148055253107,1.02914811769555,0.15237004647240854,0.10174646288411672,-3.273968755777914,-5.707143861272814
31,U,k96_0.1_flat,4,U,,,1.0644410031579559,0.18661306963259336,1.0132574458295358,1.0420952079868904,0.14481651969028342,0.10116928108810565,-3.2907749321753146,-5.690330176641182
32,U,k96_0.1_flat,4,U,,,1.059848359742922,0.18684052952025157,1.018948138861746,1.069310715810894,0.13736106518002852,0.10170359868867639,-3.2653775243787853,-5.71464964343938
33,U,k96_0.1_flat,4,U,,,1.0285271816556922,0.1658601665454905,1.036521835363757,1.0276517516483061,0.12900800845065233,0.10338528201135112,-3.2783771726007536,-5.704733858938764
34,U,k96_0.1_flat,4,U,,,1.015175696146034,0.16785176329040644,1.0574135410218393,1.0502689131747418,0.13087440083484425,0.10534308385669172,-3.247991135353313,-5.671094260246441
35,U,k96_0.1_flat,4,U,,,1.0129544268478867,0.14864200931068977,1.053309257190834,1.0624134434397867,0.12982168270180394,0.10493419939551774,-3.300349687645712,-5.657036787742204
36,U,k96_0.1_flat,4,U,,,1.0226465272432836,0.1439342364463131,1.0851781222231203,1.0399679678191884,0.14905000594827644,0.10796054589849308,-3.238900478343121,-5.649465779094558
37,U,k96_0.1_flat,4,U,,,1.0184043352222125,0.1438781343353147,1.0742063619591553,1.0334455546115007,0.14634084630946034,0.10690687884708372,-3.2961597147603667,-5.649702379416121
38,U,k96_0.1_flat,4,U,,,1.0244654482382258,0.14872587759590974,1.0867112433427852,1.0558663174897978,0.13229096442059307,0.10808304045523878,-3.3089560284747668,-5.691936251834511
39,U,k96_0.1_flat,4,U,,,1.0041817233452308,0.1412027455196983,1.06601624332688,1.0252731603057181,0.12407007002770008,0.10613830576914227,-3.336563613057733,-5.687789333737781
40,U,k96_0.1_flat,4,U,,,1.0026679920337342,0.13398429224301384,1.071446228968991,1.03753930754872,0.12842768732074744,0.10666903203516531,-3.302541449743765,-5.689328668223126
41,U,k96_0.1_flat,4,U,,,1.0073230857779656,0.1291554926754771,1.0940784553656087,1.0297867086806844,0.12144633186172364,0.10877614900750615,-3.3601259713638583,-5.73803147366106
42,U,k96_0.1_flat,4,U,,,0.9989536574459937,0.1267725622944381,1.1057276906592914,1.026527518221914,0.14545798251584507,0.10986723598468813,-3.3450556429997227,-5.718228894278107
43,U,k96_0.1_flat,4,U,,,0.9919067608633723,0.13097195880789364,1.1285667856832424,1.0348318957180977,0.1375453525623604,0.11202586441210556,-3.350395436985264,-5.717578514128966
44,U,k96_0.1_flat,4,U,,,1.0010235611780103,0.1290915646689989,1.1017167251224813,1.0506812590263375,0.1402802651701442,0.10948203184920802,-3.3694210005021574,-5.719498597506115
45,U,k96_0.1_flat,4,U,,,1.009982336219691,0.14498471185483636,1.1149566859329012,1.0402281940125693,0.1580612037170736,0.1107470737451352,-3.366623379904569,-5.713107099545738
46,U,k96_0.1_flat,4,U,,,1.0145006452389025,0.14506459192225798,1.1220963868306675,1.044535808725688,0.15075908435445295,0.11140696814627793,-3.356393251404286,-5.718945397323508
47,U,k96_0.1_flat,4,U,,,1.0120542964937247,0.1451314372645731,1.1423099994561048,1.018443671021651,0.18134565693464924,0.11329592472576006,-3.373033120389249,-5.737369937131514
48,U,k96_0.1_flat,4,U,,,1.02425521413749,0.14968689916646583,1.1733129242628457,1.0415291853996875,0.15638150594757508,0.11616176732600735,-3.399990118875637,-5.731299960310095
49,U,k96_0.1_flat,4,U,,,1.027435689614622,0.1530290349733068,1.1285457488726574,1.0658253956034707,0.14763260753382584,0.11199590828291399,-3.4151593236824556,-5.727402030343649
50,U,k96_0.1_flat,4,U,,,0.9981598188247528,0.11947277330508228,1.1448080528426148,1.0514776081166792,0.14840434351140624,0.11351474881937601,-3.3940773223206855,-5.745022331639686
51,U,k96_0.1_flat,4,U,,,1.0001691582782484,0.12016271373855049,1.1472979505891348,1.0471336764040386,0.15245401486351676,0.11376001029152008,-3.4291667460886415,-5.7372673583971645
52,U,k96_0.1_flat,4,U,,,0.9944385889861811,0.1252404116063011,1.169323759477919,1.0750656066632776,0.14202292821115053,0.11582050547180842,-3.427339125068702,-5.720842799146869
53,U,k96_0.1_flat,4,U,,,0.9801986014198724,0.11511946975418166,1.173292256105334,1.0613762309217425,0.1398513805745929,0.11617496924259654,-3.3973957379092092,-5.721336744862997
54,U,k96_0.1_flat,4,U,,,0.9740317652070772,0.1347910982873598,1.1797635729850313,1.091037065745077,0.14647814547839277,0.11678421322274218,-3.4231998145264213,-5.711718866443778
55,U,k96_0.1_flat,4,U,,,0.964752049026488,0.1069772114893883,1.1813854334374643,1.0992240615906308,0.1347998669958525,0.11692915728839497,-3.452493673169717,-5.757948840381426
56,U,k96_0.1_flat,4,U,,,0.9615069531704177,0.1095319692392994,1.1770749453898133,1.059585925329483,0.1563779175385999,0.1165532170879293,-3.4320365295790345,-5.771660697026518
57,U,k96_0.1_flat,4,U,,,0.9638728185804363,0.10389491544737306,1.1873349782306393,1.082094932206983,0.12052288230275024,0.11749054111126356,-3.452695074734688,-5.747961872660498
58,U,k96_0.1_flat,4,U,,,0.9548931827243344,0.08844578750372104,1.2363227890836495,1.0928396467974846,0.13134069338308538,0.12204998583290665,-3.403204462214811,-5.74876800321267
59,U,k96_0.1_flat,4,U,,,0.9606035094498695,0.09381552176070514,1.2398627881590263,1.1031502672602824,0.12971846788304742,0.12235699726140456,-3.4036038170852394,-5.759017345918593
60,U,k96_0.1_flat,4,U,,,0.9625882706420731,0.09268302207320549,1.2420671357141742,1.0917839940008256,0.13187034594218774,0.12256532072774026,-3.4107049054008667,-5.747437595040845
1,I,k96_0.1_decay24h,1,I,1.0029354510801183,0.4866666666666667,1.0225185148212026,0.16452476244906267,1.017523339177859,1.0048504398504807,0.15415223216615415,0.957797612665938,-3.123425124201462,-5.697024696259153
2,I,k96_0.1_decay24h,1,I,1.0078053299460614,0.48333333333333334,1.030493956649652,0.1539552513428934,1.050145271289005,1.0104673921037504,0.16441748711769036,0.9615246530970027,-3.141924431830417,-5.704234615622206
3,I,k96_0.1_decay24h,1,I,1.0211751734302585,0.48,1.062325111331222,0.17301463107466028,1.0517682364365073,1.029574740612325,0.17552011500422182,0.9591868790778775,-3.1346209843287403,-5.714502737205085
4,I,k96_0.1_decay24h,1,I,1.025318167897075,0.49333333333333335,1.073160175521329,0.18549157613769474,1.0833983804918064,1.0156918239648116,0.15667391948249698,0.9594894756864657,-3.1054301404336497,-5.696053633466076
5,I,k96_0.1_decay24h,1,I,1.0363370410078698,0.5,1.1000812041423964,0.20328516655164103,1.017121961533002,1.0027664343370999,0.14497498902783734,0.952959815534761,-3.087454234248916,-5.681657972710555
6,I,k96_0.1_decay24h,1,I,1.06021336018658,0.5766666666666667,1.1545112130329012,0.2197982367158569,1.0567932334318937,1.0042238742969831,0.14970108886107825,0.9504766097282862,-3.1186775146627355,-5.674891683112665
7,I,k96_0.1_decay24h,1,I,1.0748571464681176,0.49,1.1833666568322039,0.20184130146049514,1.0699540879184735,0.9961604084357786,0.17037329132704362,0.9500502039406149,-3.088441769656949,-5.69944043989863
8,I,k96_0.1_decay24h,1,I,1.08442934660013,0.5166666666666667,1.2108495350334127,0.22857677627098266,1.1022917110762234,1.0345211280236515,0.14275286986800154,0.9482336840176314,-3.0700442342454948,-5.776831300697683
9,I,k96_0.1_decay24h,1,I,1.0991264462598425,0.5266666666666666,1.2442435953618807,0.22786256280265066,1.0749887968173755,0.9981911449753028,0.15614463409936946,0.9428336761172621,-3.0525082682534603,-5.766371653566372
10,I,k96_0.1_decay24h,1,I,1.0832234388199422,0.58,1.2079724929352855,0.22893566322708916,1.074238884066508,1.0031390727180147,0.16927253411367613,0.9464480045920588,-3.0772945763447273,-5.715037849058558
11,I,k96_0.1_decay24h,1,I,1.0976787629904512,0.5066666666666667,1.2361514475860407,0.20540198408554688,1.113502144689467,0.9520041409310905,0.1557604843784884,0.9509012201930729,-3.058370161679517,-5.713532265877348
12,I,k96_0.1_decay24h,1,I,1.1060965085036047,0.53,1.2600326351385396,0.22998990676851114,1.1206058213758343,0.9645217639263043,0.13966968010614228,0.9464597930598033,-3.0528209091966856,-5.707286589119491
13,I,k96_0.1_decay24h,1,I,1.0937919865803114,0.5333333333333333,1.2261508351412813,0.20169769589418235,1.1588977302879624,0.9795505311383901,0.15208792144419292,0.9563708564855381,-3.0909431160661542,-5.714643243419634
14,I,k96_0.1_decay24h,1,I,1.108567969662836,0.4766666666666667,1.2608736599905122,0.20746019568890414,1.0955719030938156,0.9696299520265612,0.1604153162169628,0.9465018662231356,-3.0824063364915015,-5.6927058955432175
15,I,k96_0.1_decay24h,1,I,1.1124111481040981,0.4666666666666667,1.2721298698780255,0.21738482682857255,1.1163669934520088,0.9878907304991986,0.15179008046021444,0.9463372506546773,-3.0865244253257993,-5.717199205764868
16,I,k96_0.1_decay24h,1,I,1.1308755800742742,0.49,1.3174105837379095,0.22916365442230224,1.0876535581467481,0.9807521260973213,0.16101762013661194,0.9369776363704314,-3.065918275232208,-5.6981763699530275
17,I,k96_0.1_decay24h,1,I,1.1513223690672505,0.49333333333333335,1.3622292510216103,0.21421047311834665,1.09285817425979,0.9841178216836088,0.17185207959456464,0.9365944308282299,-3.0383599363976237,-5.705901594051849
18,I,k96_0.1_decay24h,1,I,1.1582118508920034,0.5233333333333333,1.3839163342377239,0.2405265272592428,1.08051599985441,0.9662799116992202,0.17483202049467012,0.9259480770088375,-3.0131098819814506,-5.769088443457161
19,I,k96_0.1_decay24h,1,I,1.170687282356232,0.46,1.4101703980853963,0.2211565027985447,1.1181956318863653,0.9343289574225712,0.1777536278611425,0.9325156013994903,-3.0235824731475276,-5.769171474473745
20,I,k96_0.1_decay24h,1,I,1.1722325688993303,0.5533333333333333,1.4163996778310848,0.2314648371086812,1.1098091818753877,0.9436544777562218,0.17473814669033685,0.9300266230154584,-3.043428767077221,-5.800060897154758
21,I,k96_0.1_decay24h,1,I,1.1786514940863395,0.44333333333333336,1.4308537073403187,0.2263484978519043,1.0863183393640206,0.9222723656079612,0.17447132590980852,0.924803470658661,-2.9950015705493365,-5.807464973176547
22,I,k96_0.1_decay24h,1,I,1.201275047093838,0.48,1.491394108976928,0.25146199992776985,1.1004930898030916,0.9362250168059272,0.1914864101036757,0.9201623800879346,-2.9811017967373483,-5.817322060105923
23,I,k96_0.1_decay24h,1,I,1.20717096160784,0.46,1.5064655599780732,0.25083031681526774,1.0822999031785026,0.9407405721403628,0.15924433157433548,0.9151758466274548,-3.0136120361263696,-5.765842518041395
24,I,k96_0.1_decay24h,1,I,1.2147599968581209,0.5166666666666667,1.5238250042074972,0.24197917026208815,1.1099708546465517,0.9575372069396724,0.1379984777254952,0.9177033569824667,-3.0182469547603583,-5.800174920080423
25,I,k96_0.1_decay24h,1,I,1.2313847018018815,0.49,1.5691027779213682,0.25585775629860524,1.0876693562363429,0.9326431051706587,0.16712756331687592,0.9072890762429378,-2.9852344122000067,-5.835475553668495
26,I,k96_0.1_decay24h,1,I,1.2562964790489086,0.45666666666666667,1.6305524991693354,0.24165049534543065,1.1026863863043543,0.9374961991537518,0.15240883963107246,0.9037411632820515,-2.982243400963123,-5.817362382655385
27,I,k96_0.1_decay24h,1,I,1.256769455930418,0.48,1.632506637640021,0.24322728702208998,1.1093440156340524,0.9364261297124188,0.1496980035632936,0.9049487279062957,-3.0270597541495294,-5.81504922919731
28,I,k96_0.1_decay24h,1,I,1.265340438794372,0.5233333333333333,1.6552122096128794,0.24682474481722877,1.1006989870128616,0.9546641251187911,0.12770685378710728,0.9016445984609235,-3.01009920242824,-5.826244381884741
29,I,k96_0.1_decay24h,1,I,1.2596493849364911,0.5166666666666667,1.6415739944270529,0.25091392018864106,1.1153315806510542,0.9427580854480699,0.14048567843312543,0.905911352710073,-3.0256760086345365,-5.840851172622303
30,I,k96_0.1_decay24h,1,I,1.2744713166110917,0.49666666666666665,1.677835094627397,0.23789357531264255,1.1310176145068118,0.9624536490183008,0.14885572699252753,0.9061377650408754,-3.0396960202758154,-5.843198082425809
31,I,k96_0.1_decay24h,1,I,1.2857284863661005,0.49333333333333335,1.714648663814367,0.26905442259695184,1.1406736009658178,0.9519279886855886,0.12055639918936101,0.897818677021185,-3.077222060036724,-5.832195445211572
32,I,k96_0.1_decay24h,1,I,1.294243605820869,0.4866666666666667,1.7296361695296874,0.22924732950963675,1.1211434548179904,0.9943408018002432,0.1274292157819367,0.8965027374996547,-3.0841879373983456,-5.894210911655819
33,I,k96_0.1_decay24h,1,I,1.2995766600724916,0.55,1.7469216588685823,0.24311076324427436,1.1314984768665193,0.9581097500742889,0.13427434189588894,0.8931317297193512,-3.090223123191869,-5.805799531230197
34,I,k96_0.1_decay24h,1,I,1.2994756904959073,0.47333333333333333,1.7492334834123933,0.25888217280564213,1.1589221354384411,0.9370872693734217,0.12120147806783184,0.8985809290810486,-3.0716767941112426,-5.85034311201558
35,I,k96_0.1_decay24h,1,I,1.3002132531095711,0.44666666666666666,1.7491361032855897,0.2466840176480986,1.1214139706832427,0.9645560267276335,0.1308713692201087,0.8922947985654105,-3.094158005487005,-5.803213124523063
36,I,k96_0.1_decay24h,1,I,1.304780246028119,0.43,1.7612286691014412,0.24416666307854037,1.103896291159245,0.9396706087891806,0.1251835315903399,0.8860889252485827,-3.111018745647118,-5.8285452275295695
37,I,k96_0.1_decay24h,1,I,1.3118630963705062,0.5166666666666667,1.7787424165742898,0.23321636122692516,1.1299270040128317,0.9316938502286856,0.11225756382940254,0.8902322420561825,-3.096714163559575,-5.815198219549502
38,I,k96_0.1_decay24h,1,I,1.3181855076384215,0.52,1.7961364445170518,0.2334749356437454,1.1195023116519673,0.9010301605726534,0.10043707472975151,0.8843164311333237,-3.0875279439726637,-5.80441324264551
39,I,k96_0.1_decay24h,1,I,1.3281327164539267,0.4533333333333333,1.8213447403338814,0.21736232808037123,1.1189534324602866,0.8947520384957,0.10519743351988327,0.8825196561047771,-3.124817163500999,-5.832678428533433
40,I,k96_0.1_decay24h,1,I,1.33502086102174,0.5133333333333333,1.8444674006251538,0.2402797440014016,1.0928382585000955,0.8788104557157855,0.0987268019389412,0.8707235453280591,-3.105978060098372,-5.847500415800971
41,I,k96_0.1_decay24h,1,I,1.3282010878528687,0.48333333333333334,1.8252930938096066,0.2403504637001828,1.086851864987905,0.8938636029062966,0.10165696280516437,0.8729355450488652,-3.1058534152156176,-5.866034708021254
42,I,k96_0.1_decay24h,1,I,1.3320549588693376,0.5066666666666667,1.8370514616692117,0.2456317163969312,1.0874160918451365,0.8889616436406009,0.1023662467110698,0.8688531832817207,-3.1034935665327263,-5.876945529097862
43,I,k96_0.1_decay24h,1,I,1.3294377082094364,0.51,1.8276678943130475,0.23462920984946825,1.0940350090168436,0.877655847634943,0.0869542809644825,0.8734772251218094,-3.0773554830363046,-5.881351213896564
44,I,k96_0.1_decay24h,1,I,1.3321164593781487,0.55,1.833708242782358,0.22429723341101498,1.0943469673490267,0.8811898603027972,0.09356022788764001,0.8751162812115251,-3.1100008304728313,-5.9094458014083076
45,I,k96_0.1_decay24h,1,I,1.329224244809712,0.4766666666666667,1.8254790201269675,0.22416050333648715,1.0859906288927152,0.8880663506367907,0.09810378546482659,0.8744798849621486,-3.153890326973958,-5.905724804361118
46,I,k96_0.1_decay24h,1,I,1.3129271790619452,0.47333333333333333,1.7812996186689902,0.23081205409795705,1.0737214794664145,0.9180699658364923,0.09733939358511708,0.8774560986919269,-3.1177934556640867,-5.886010636221197
47,I,k96_0.1_decay24h,1,I,1.3094258300746282,0.5,1.7727211403347003,0.23636646939384104,1.0402329011058493,0.8999811926915191,0.10818362764507304,0.8693583283209029,-3.1383755242608147,-5.903662401672773
48,I,k96_0.1_decay24h,1,I,1.3084395681767034,0.4866666666666667,1.7686057726578595,0.22887884655355684,1.0434402313897762,0.9403658445906568,0.11400817349272957,0.8723410746702033,-3.1410042822530606,-5.879181929624439
49,I,k96_0.1_decay24h,1,I,1.3027590934235767,0.5,1.7559881306672116,0.24651941639690617,1.0220397568513038,0.9381273508821645,0.13825423805794293,0.8667783040150971,-3.1940347358022967,-5.90385291862604
50,I,k96_0.1_decay24h,1,I,1.3018150970696252,0.49666666666666665,1.7523188352003618,0.24057640240522415,1.020649844902328,0.9119773607323693,0.13821313648830433,0.8669952049176286,-3.1715422474505406,-5.874633361130459
51,I,k96_0.1_decay24h,1,I,1.3089636593608418,0.49,1.7738754974698743,0.2522354850538105,1.0161351134788532,0.9096225044884996,0.14219900518138026,0.861668718638559,-3.221254715366521,-5.886537408378378
52,I,k96_0.1_decay24h,1,I,1.3177541177981833,0.5133333333333333,1.7945402073046723,0.2309880284260741,1.0188821088109647,0.8826031366376549,0.11541621275795254,0.8627903830057644,-3.209553990732282,-5.905701050331956
53,I,k96_0.1_decay24h,1,I,1.3160167101539875,0.45,1.7904650494906893,0.2349075189040023,1.0313436238811098,0.9335119698953933,0.13233062753565428,0.8658613029836569,-3.1809661280297186,-5.9154583279376265
54,I,k96_0.1_decay24h,1,I,1.315790228074006,0.5133333333333333,1.7922288444300207,0.24708062008192005,1.0307224288476917,0.907076522290172,0.11004821643949851,0.8633431340996434,-3.195402017939628,-5.904987848462351
55,I,k96_0.1_decay24h,1,I,1.316707407067368,0.48,1.794608745059332,0.24629731463380083,1.0253125161106704,0.9275672747163043,0.1254334280480733,0.8631556844342673,-3.201733796231023,-5.912976496247114
56,I,k96_0.1_decay24h,1,I,1.3250366000533205,0.49,1.8153356184217477,0.23284019630914887,1.0431064050372278,0.9219295793660717,0.12851388424605084,0.8669620194941285,-3.2113901768460753,-5.9481685480148485
57,I,k96_0.1_decay24h,1,I,1.3156305832066668,0.4633333333333333,1.7906015094167287,0.24102180152394773,1.0366317781185377,0.9059302665238687,0.10137358579596975,0.8677503708347681,-3.1878514562209976,-5.9309546669954285
58,I,k96_0.1_decay24h,1,I,1.3236686553103476,0.55,1.8090804296569831,0.21852734804417137,1.0212051111810707,0.8969301452260113,0.12099785582441867,0.8637922242830863,-3.1465073786899413,-5.962798278419683
59,I,k96_0.1_decay24h,1,I,1.3325004128582114,0.5366666666666666,1.8363523925736889,0.234296722981905,1.0522379105356927,0.8927144904071853,0.10518331601170189,0.8659315849100411,-3.141166490073151,-5.972917040253565
60,I,k96_0.1_decay24h,1,I,1.3350043009030415,0.5433333333333333,1.8450266125530963,0.24344023530877315,1.0665262717940338,0.8757012007700717,0.10406072950024299,0.865438269121244,-3.1783591785511205,-5.988118805607679
1,U,k96_0.1_decay24h,1,U,,,1.026455480892456,0.1720122088290468,1.0133434467759677,1.0048871894633573,0.16180804505453628,0.9579932843566549,-3.121309489532802,-5.680367798256914
2,U,k96_0.1_decay24h,1,U,,,1.0251882226928763,0.18254142144823995,1.0067713295107947,1.0088013101122855,0.1490772996618614,0.9580742344071533,-3.0956685795618046,-5.697432331948244
3,U,k96_0.1_decay24h,1,U,,,0.9959321394051509,0.1690574063422688,1.0552434623351403,0.9777619377153198,0.16510675366694888,0.9650750967712075,-3.1183684173119732,-5.6749448096267665
4,U,k96_0.1_decay24h,1,U,,,0.9870467503861725,0.1731556182862157,1.057677167559906,0.9906925924366298,0.1870542585967922,0.9644099134195153,-3.103240658178065,-5.679498062342711
5,U,k96_0.1_decay24h,1,U,,,0.967308304535804,0.17155694852458028,1.060991761275376,0.9689822671384339,0.16254033818236704,0.9671054847683668,-3.137966853903904,-5.671068182233374
6,U,k96_0.1_decay24h,1,U,,,0.9593146297821081,0.17356685313770873,1.0486523929293754,0.9827923760939874,0.13996945176346234,0.9652510073537375,-3.1955538876365934,-5.653545892898006
7,U,k96_0.1_decay24h,1,U,,,0.9311323679709187,0.14548588837539972,1.0714405496746282,0.9509118602649456,0.14899112975210746,0.970192336754159,-3.17872620341651,-5.669539247921082
8,U,k96_0.1_decay24h,1,U,,,0.9226950891358572,0.13467532112435757,1.043235747503547,0.9786175480956483,0.1471060984896238,0.9694515205774291,-3.208100576241981,-5.660275155341287
9,U,k96_0.1_decay24h,1,U,,,0.9305692966891409,0.1439681940906035,1.0623261289442696,0.9387610780537151,0.17739003955431237,0.9702227396825788,-3.1705400377053197,-5.640005998093684
10,U,k96_0.1_decay24h,1,U,,,0.9350929083580203,0.15784921269893756,1.079168284383245,0.9662954183916778,0.15793962687116933,0.9693709663399769,-3.163660368935968,-5.62378795535673
11,U,k96_0.1_decay24h,1,U,,,0.9283416988281504,0.1407616390832952,1.0876467562656675,0.9755898495764571,0.15612767142125206,0.9723040162581466,-3.163155412951649,-5.6106561876261685
12,U,k96_0.1_decay24h,1,U,,,0.9369777727085542,0.1328634999623848,1.0834351631517998,0.9960079985889365,0.1628185370274281,0.9706181181492294,-3.127392432925292,-5.649567135896294
13,U,k96_0.1_decay24h,1,U,,,0.9416688534679519,0.1357881492294196,1.0871941008354054,1.012266337694949,0.18735854378643121,0.9708145149837708,-3.1427015313498017,-5.635094417567158
14,U,k96_0.1_decay24h,1,U,,,0.9449028513516214,0.1429671154292488,1.123342915861964,0.9927326350009392,0.13345785230586665,0.9741350162580779,-3.167272077950328,-5.631604130024181
15,U,k96_0.1_decay24h,1,U,,,0.9540456838924048,0.15224319734556607,1.135975650216593,1.0152906994316717,0.1628833377119505,0.9736984938269688,-3.1748126809184454,-5.637468478732488
16,U,k96_0.1_decay24h,1,U,,,0.9761280985696513,0.16692419082791565,1.1195224329554954,1.0245868520109571,0.13848257687345264,0.9705073585647741,-3.1684242847694906,-5.685909791740813
17,U,k96_0.1_decay24h,1,U,,,0.9922515163129421,0.1552746290850273,1.1697599631700315,1.0462641020735624,0.15204765651182942,0.9745667940459145,-3.154646360150458,-5.6688716194766755
18,U,k96_0.1_decay24h,1,U,,,0.9874247810016062,0.1636454536400935,1.1294114388426275,1.0675442076220847,0.1625381860589703,0.9715318315675419,-3.1437637556607076,-5.688305468471134
19,U,k96_0.1_decay24h,1,U,,,1.0165485520862318,0.17072718946997997,1.1766652603326464,1.1025630621504154,0.17378601459236612,0.9730287784247658,-3.1650449516437167,-5.6569896841769625
20,U,k96_0.1_decay24h,1,U,,,0.9939127525379735,0.16430619712470043,1.1531110081270362,1.0866381225076585,0.17539514025573064,0.9728438024810936,-3.1622897686687383,-5.7019605115121985
21,U,k96_0.1_decay24h,1,U,,,1.0043321611948004,0.1603530492163191,1.1572006643856179,1.0869805515088684,0.17919034127774988,0.974023621275112,-3.1442624425648487,-5.713176132207203
22,U,k96_0.1_decay24h,1,U,,,1.0288387869980635,0.18942521944238302,1.146478910446557,1.0614403984967276,0.15490434777019169,0.9701170770243088,-3.118252502397345,-5.748633068490706
23,U,k96_0.1_decay24h,1,U,,,1.0445606019966973,0.1723278819645562,1.1585778496741204,1.0677235958962223,0.17420002900451093,0.9699890055955412,-3.0710612698543773,-5.710199671817727
24,U,k96_0.1_decay24h,1,U,,,1.0473214856106503,0.16854281246316877,1.1374216619073452,1.0725026003115192,0.1430418227935268,0.9678179402096418,-3.1270601334332113,-5.698073999671863
25,U,k96_0.1_decay24h,1,U,,,1.0757326213599714,0.17161707821913666,1.1489301386713218,1.1250521191570244,0.17599816553524597,0.968918492727175,-3.116027276429684,-5.730059941336551
26,U,k96_0.1_decay24h,1,U,,,1.0516966319932142,0.16735192046045516,1.1685276958344621,1.085617309031854,0.17635770863873032,0.9719470171620246,-3.102728909556497,-5.726139906672822
27,U,k96_0.1_decay24h,1,U,,,1.0693056894194115,0.1697634841808373,1.1595186760450982,1.0979571184764239,0.1843536518157763,0.9692649441064473,-3.114198355105323,-5.754864110036491
28,U,k96_0.1_decay24h,1,U,,,1.0534529773012398,0.1642180206922502,1.1786785781306501,1.1109141855311233,0.1642539593347491,0.9722192592595749,-3.096962736278641,-5.757408855350099
29,U,k96_0.1_decay24h,1,U,,,1.0306695022697974,0.16412646606298206,1.1975431340560718,1.1140530679499907,0.17185250595966314,0.9750340450339972,-3.122200541104952,-5.76530517376475
30,U,k96_0.1_decay24h,1,U,,,1.0310316905940835,0.16718428023827664,1.1558622056404257,1.1030012290519062,0.16642236207861152,0.9715463961073956,-3.0965245201701803,-5.8214902669120265
31,U,k96_0.1_decay24h,1,U,,,1.0460743021807783,0.1802621801155558,1.1256905545736187,1.1122480508318215,0.16213296964061377,0.9683865600586762,-3.1089658373823013,-5.810987019717135
32,U,k96_0.1_decay24h,1,U,,,1.0093079759189598,0.17106249494598758,1.1677291844373376,1.1513831005046322,0.19518086917764374,0.9731533012891597,-3.0735599526506734,-5.787387856621875
33,U,k96_0.1_decay24h,1,U,,,1.0188854595704282,0.17860852690458884,1.1699929028940832,1.1141308909067553,0.18521585737359392,0.972645182499257,-3.0754807991115345,-5.810100643838023
34,U,k96_0.1_decay24h,1,U,,,1.009555350590115,0.17236459965540232,1.2018033761766367,1.1350148393876187,0.19342880769041532,0.976419582778028,-3.070631441363079,-5.792237846435127
35,U,k96_0.1_decay24h,1,U,,,1.0053106128315157,0.16498800891794896,1.1830452192593106,1.157115232622297,0.2031996132468306,0.9760629992290236,-3.0471628987015964,-5.741669204182474
36,U,k96_0.1_decay24h,1,U,,,1.0217438972469386,0.19436674629530842,1.1972452222904277,1.1931178791210915,0.20556078834447475,0.974286628874749,-3.031086358814682,-5.740516657597388
37,U,k96_0.1_decay24h,1,U,,,1.0328963240258857,0.22032803682475743,1.1789328606615626,1.192807853029971,0.2118381827809585,0.9726271480328542,-3.059840235520844,-5.778728383449919
38,U,k96_0.1_decay24h,1,U,,,1.0051335871466676,0.21045380463278227,1.1866719935608985,1.19248475329352,0.19851035033586054,0.9753900607360746,-3.049520740680258,-5.770467982549467
39,U,k96_0.1_decay24h,1,U,,,0.9886587512356577,0.22572250188184084,1.2382260895616595,1.2198188567241715,0.2192933704401183,0.9783697059865536,-3.0580224607722206,-5.774883731503498
40,U,k96_0.1_decay24h,1,U,,,1.001880130312953,0.21096988857137378,1.2226840823776892,1.169758101259637,0.1995930471080894,0.9782327331626819,-3.092786017522494,-5.781759724083257
41,U,k96_0.1_decay24h,1,U,,,1.0120119458216235,0.20708110358987267,1.2342118828847772,1.1902717002182837,0.18621466462707775,0.9771157798313035,-3.089940162027809,-5.761564951817695
42,U,k96_0.1_decay24h,1,U,,,1.0269077928707633,0.21520919979925568,1.2151763581606732,1.2037383331054405,0.19921909887850914,0.9753702037819065,-3.098326393477481,-5.772057166185159
43,U,k96_0.1_decay24h,1,U,,,1.0095027877327567,0.19305902584421367,1.2347955689913528,1.194377966470764,0.21834948607268534,0.978205544455491,-3.0937642110217616,-5.789104836413777
44,U,k96_0.1_decay24h,1,U,,,0.9867004638914533,0.19704600699402117,1.2066345630833644,1.2189323086622983,0.21655099507030892,0.9764765355687935,-3.070165451747852,-5.792995726165882
45,U,k96_0.1_decay24h,1,U,,,0.9630958735585512,0.18703618487434584,1.2221359553532967,1.2068542566764138,0.2142500428953666,0.9794646615859388,-3.069916079366315,-5.8252462639076885
46,U,k96_0.1_decay24h,1,U,,,0.9631097905685131,0.16850809966716712,1.2061505981479708,1.2239625401585956,0.20779237622888835,0.979381126827731,-3.0520170537795313,-5.834772002234921
47,U,k96_0.1_decay24h,1,U,,,0.9860429134977589,0.19000382886816677,1.2216975643089407,1.2268455391159352,0.2146668394275535,0.9783602926489536,-3.0753839349687784,-5.887833120781057
48,U,k96_0.1_decay24h,1,U,,,1.0136275011965343,0.21216312205281826,1.1991400699310732,1.2480253316135304,0.20782581873753933,0.9745383390334608,-3.0702280773770214,-5.865921559087447
49,U,k96_0.1_decay24h,1,U,,,1.0257265772852782,0.1957658183208307,1.2397994028263917,1.2730928843562492,0.2315273680438246,0.9773275592304144,-3.0924845362453732,-5.8866309570153925
50,U,k96_0.1_decay24h,1,U,,,1.0386151531119454,0.2218730158970392,1.2393832816578376,1.3290886409734273,0.2244037619162565,0.9750930839012903,-3.1035768985466143,-5.8937090215332155
51,U,k96_0.1_decay24h,1,U,,,1.0603076982959696,0.2094241975971498,1.2428443436824825,1.3428137630612633,0.22334096369520384,0.9747585774325834,-3.104553431948184,-5.909123757301511
52,U,k96_0.1_decay24h,1,U,,,1.0356982908050978,0.2160801131105811,1.2116130946754342,1.3145578533061428,0.23469914946423726,0.9731650696831324,-3.116740940379773,-5.918644140526869
53,U,k96_0.1_decay24h,1,U,,,1.0374053669108518,0.1922774856875163,1.2196403066024823,1.3199723613587686,0.23097383168321178,0.9751027405985083,-3.139984930826884,-5.907968459898998
54,U,k96_0.1_decay24h,1,U,,,1.0483496735907636,0.21174492595042482,1.202325215168688,1.3171613078070668,0.2159614576847413,0.9721261972301968,-3.183499745942861,-5.903088657816363
55,U,k96_0.1_decay24h,1,U,,,1.0137476159142864,0.18938144115749608,1.2150657335159962,1.2712394395247648,0.19526056758172425,0.9761341079411007,-3.1719400312885426,-5.918150383501925
56,U,k96_0.1_decay24h,1,U,,,1.0226915506548084,0.19126333054968522,1.2137783193721638,1.30763857473678,0.2019707999921325,0.9752889761366974,-3.1960439908004425,-5.912147793253778
57,U,k96_0.1_decay24h,1,U,,,1.036367544788822,0.21038256027203997,1.2070828502631157,1.2605338369840073,0.21848103587048132,0.9733493110588752,-3.1650897209377997,-5.8927037402071045
58,U,k96_0.1_decay24h,1,U,,,1.052750280745301,0.1976936312396513,1.2055307085007256,1.3414836909971661,0.22612931328975006,0.9732398878969574,-3.168048048413964,-5.900636968143025
59,U,k96_0.1_decay24h,1,U,,,1.0580826581670717,0.2129022604810005,1.1954402656565541,1.2716670935098244,0.20685892138884276,0.9703446630550036,-3.1681987327852297,-5.882498922137521
60,U,k96_0.1_decay24h,1,U,,,1.0670696514566325,0.2124269729040445,1.201846733901801,1.304079519028663,0.21372230311293686,0.9705690182994154,-3.1691633992234443,-5.896638405101061
1,I,k96_0.1_decay24h,2,I,1.006615112267728,0.54,1.0295740141140348,0.16222023402922048,1.0048923358977977,0.998182788183279,0.15300922608965903,0.9564771335270817,-3.101310274939734,-5.700730514833875
2,I,k96_0.1_decay24h,2,I,1.0085405555063536,0.48,1.0374953975791597,0.18495086756460002,1.0241578040714812,0.9839652249081811,0.11925157598434293,0.957629055829096,-3.0892930594201977,-5.663787373411494
3,I,k96_0.1_decay24h,2,I,1.0115296747564737,0.4766666666666667,1.0424441045503292,0.17870366202317153,1.0232508258708441,0.9930625960482985,0.11113245861092223,0.9552991628121212,-3.103419866196662,-5.643286884944955
4,I,k96_0.1_decay24h,2,I,1.0141313407783488,0.5333333333333333,1.0503344265491947,0.18964193393345546,1.0030356697092453,1.0199333962812398,0.10811377898769686,0.9559893120654476,-3.1543401654738386,-5.670391074891352
5,I,k96_0.1_decay24h,2,I,1.0206861023336347,0.5366666666666666,1.0652146928137702,0.195741410874347,1.0192447149252515,0.9891564697177535,0.12270514557280446,0.9558467166968891,-3.110408261447312,-5.660888223961649
6,I,k96_0.1_decay24h,2,I,1.012389349951639,0.5066666666666667,1.0428568317291584,0.16933012936605538,1.0061061242931602,1.0141993905341762,0.10469901736406662,0.9566165782349979,-3.105019220765995,-5.658419893371499
7,I,k96_0.1_decay24h,2,I,1.017029489430259,0.5433333333333333,1.0499725479392474,0.1561608172785111,1.019017259732966,1.0376596793278192,0.10434307447071774,0.9586459576183239,-3.128223282379462,-5.652204323112887
8,I,k96_0.1_decay24h,2,I,1.025690097503178,0.53,1.0693147552636246,0.16633801591277617,0.9844440968419231,1.0347919217156432,0.09631202505486945,0.952486980951478,-3.129354843040805,-5.690265276525758
9,I,k96_0.1_decay24h,2,I,1.0201828090592906,0.5,1.0555397459825857,0.15024397331363967,0.9928977824324526,1.0448021933600966,0.10084967004491333,0.9552827671120032,-3.140889212056906,-5.716003231405325
10,I,k96_0.1_decay24h,2,I,1.0129287191162395,0.4866666666666667,1.0394467165848449,0.14515970054966323,1.0218079984117405,1.0271095838041908,0.0941462070664158,0.9597562346054492,-3.1979494757489166,-5.702042710846522
11,I,k96_0.1_decay24h,2,I,1.0122714435422362,0.5066666666666667,1.0370727056466986,0.1379373075585416,1.0422609828192742,1.04399319913827,0.08580561219888314,0.9633431603708515,-3.157409733147011,-5.692806901256856
12,I,k96_0.1_decay24h,2,I,1.0253664615904314,0.5233333333333333,1.0634717651347485,0.12973031993486622,1.0517323592141088,1.0239053775362115,0.08584054033849492,0.9619233001788702,-3.155275665146334,-5.71661136370758
13,I,k96_0.1_decay24h,2,I,1.0357611980929957,0.5133333333333333,1.0860256085127218,0.13232085763015586,1.0187927705987603,1.0088229213410451,0.08526975819566858,0.9577925415084426,-3.1466379551811268,-5.721937268355198
14,I,k96_0.1_decay24h,2,I,1.0454463215223813,0.5,1.1061791535333285,0.12663788540797846,1.0537599618343059,1.003198333961194,0.08001668701528034,0.9601828618183889,-3.177859151017452,-5.70909160506549
15,I,k96_0.1_decay24h,2,I,1.0530330875484375,0.5233333333333333,1.1230506014031811,0.12952945676167818,1.0077255731811139,1.0178079360868129,0.08455733248183911,0.9524723709306872,-3.169852856531338,-5.6925799207829675
16,I,k96_0.1_decay24h,2,I,1.0634860009600096,0.4766666666666667,1.1466628897877427,0.1345421324658525,1.0153584585484081,0.9971734433333682,0.10164474566956148,0.9519892235303439,-3.1646058072538636,-5.701491653262197
17,I,k96_0.1_decay24h,2,I,1.0719926204024965,0.52,1.1676972768698028,0.1492361855656727,1.0211595852625313,0.974698227598539,0.10225441080571084,0.9506252599497452,-3.1479432536581644,-5.718945998538602
18,I,k96_0.1_decay24h,2,I,1.0830245856991696,0.49666666666666665,1.1909739948430902,0.1400402658254365,1.0098437764314774,0.9994890038599027,0.10124235736261461,0.946961582839831,-3.15213361130152,-5.74351377596589
19,I,k96_0.1_decay24h,2,I,1.086664286240709,0.4766666666666667,1.2010471243301395,0.1535444184399049,1.0078341398087836,1.0110179087765447,0.10814004764385239,0.9465488106456854,-3.102073529558391,-5.740004416758994
20,I,k96_0.1_decay24h,2,I,1.098311463727568,0.48333333333333334,1.2269921949853908,0.15057896844643215,0.9850336099065938,0.9748940613012784,0.16679350073894111,0.9395088876377387,-3.09213502195374,-5.7268904449703815
21,I,k96_0.1_decay24h,2,I,1.1105668873010752,0.49,1.2548882846054985,0.14760697685503774,1.0081907971340027,0.9795701211483024,0.14371447066465817,0.9425475585545386,-3.09136083903493,-5.757850864031349
22,I,k96_0.1_decay24h,2,I,1.1158556300624354,0.5133333333333333,1.2676800370215908,0.1511454277698859,1.006281679274543,1.0157170623765812,0.09320561842867177,0.9404284825275503,-3.0856783882153414,-5.770708753344173
23,I,k96_0.1_decay24h,2,I,1.1189358879209323,0.5466666666666666,1.2747723670735083,0.15065905156776235,1.0589318825776548,1.005950963209389,0.09071650528665905,0.948495149060179,-3.050892290689206,-5.758397986763125
24,I,k96_0.1_decay24h,2,I,1.1142377851062901,0.4766666666666667,1.2652970295429111,0.16037027829065761,1.0879430698328703,0.9995165256245567,0.09183727489791885,0.951797755478771,-3.071579701200507,-5.736225663323934
25,I,k96_0.1_decay24h,2,I,1.121491379529745,0.5,1.2825159692210735,0.1636655865476438,1.1099509184501581,0.9968911986231361,0.08455400165911402,0.9555582027963715,-3.050546617247698,-5.767272216518392
26,I,k96_0.1_decay24h,2,I,1.1248171112455805,0.5166666666666667,1.2920420796402443,0.17394837309930963,1.1307086580215386,0.9820138501098306,0.0882495910004142,0.9566163483437795,-3.084198218715153,-5.7905660722520516
27,I,k96_0.1_decay24h,2,I,1.1282198317368353,0.49333333333333335,1.3022665981045307,0.1871593785734326,1.1373710207781684,0.9781748546275371,0.08754669596440055,0.9552089705857645,-3.0616054915320423,-5.835649229169274
28,I,k96_0.1_decay24h,2,I,1.131793517045091,0.4766666666666667,1.312720292253706,0.1980714141042682,1.1549858128559016,0.9965409402173808,0.09035443641927592,0.956560486846242,-3.0937453911364208,-5.816412673767833
29,I,k96_0.1_decay24h,2,I,1.1344563171046846,0.53,1.3204184743721332,0.20655762127611133,1.1229764658717716,0.9976382990463813,0.09336865278751884,0.9524660464462007,-3.064559885392127,-5.810507354391709
30,I,k96_0.1_decay24h,2,I,1.1326531011179848,0.5533333333333333,1.3174889010232214,0.21353697689631523,1.1963044064939288,0.9801593884764005,0.1026350311630116,0.9597722189753036,-3.0265453667860154,-5.819565564974448
31,I,k96_0.1_decay24h,2,I,1.1279493988093616,0.49,1.304478597957852,0.20213632473149445,1.1873980968365292,0.9731618400193462,0.0944872347319299,0.9609458365443678,-3.0404701889031123,-5.8125007296579225
32,I,k96_0.1_decay24h,2,I,1.1592288569841578,0.45666666666666667,1.3839913928711496,0.23005966667386082,1.1871103345355472,0.9684217538108832,0.11058073823979618,0.9546810664539053,-2.9991331811889625,-5.864895308519238
33,I,k96_0.1_decay24h,2,I,1.1590536451752829,0.5166666666666667,1.3817585351864508,0.2213195031121561,1.1652117576176242,0.9289263237873885,0.12797489119327585,0.9516188764551782,-3.010589482634819,-5.841076947852982
34,I,k96_0.1_decay24h,2,I,1.1681545101952218,0.4633333333333333,1.4006826227060944,0.20297405198214097,1.187696271550192,0.9286614534109668,0.11325538883904779,0.9526660251804132,-3.0355475052220595,-5.888176168055825
35,I,k96_0.1_decay24h,2,I,1.176073315022785,0.4633333333333333,1.4204045949712212,0.20471807405016246,1.1737200731260895,0.9412345962741284,0.12710966585863118,0.9511417714597235,-3.0507766477339042,-5.893568293265674
36,I,k96_0.1_decay24h,2,I,1.1995729462836222,0.5033333333333333,1.483192257816554,0.23146361435753024,1.1681301870999645,0.9442826236957598,0.125829050598652,0.9436441833189959,-3.0829483974444996,-5.929870709162895
37,I,k96_0.1_decay24h,2,I,1.2160449795208805,0.5,1.5231858789595352,0.2231096077918098,1.1895835659439102,0.9136339899316799,0.12560292423160313,0.9432826968270475,-3.090144951380046,-5.906174225285002
38,I,k96_0.1_decay24h,2,I,1.212772928748141,0.5066666666666667,1.5123786067821972,0.20887853131819717,1.1825742276766733,0.931854794023878,0.12049422191657201,0.9455300589501223,-3.0931672208900127,-5.935440563254662
39,I,k96_0.1_decay24h,2,I,1.208974121720077,0.5066666666666667,1.506058265956845,0.2237231848623615,1.224820389289086,0.9553775454804607,0.09954940751415473,0.9499867968081496,-3.134923826838566,-5.944823115995049
40,I,k96_0.1_decay24h,2,I,1.240204035249158,0.51,1.5869089089425383,0.2315526010774293,1.2284331503156973,0.9709741173916248,0.09614298363884925,0.9441542984879239,-3.1225575880396543,-5.9517831581855285
41,I,k96_0.1_decay24h,2,I,1.2492350656152933,0.49,1.6127093615330028,0.24367596215453705,1.2196930702557234,0.9722851212528546,0.10079145144258256,0.939743156017258,-3.1121676151977637,-5.908465741092602
42,I,k96_0.1_decay24h,2,I,1.2644644302775803,0.5433333333333333,1.6535812246660408,0.24751873286307116,1.2574299296030427,0.9875799721976573,0.09072945583294952,0.9420512957196698,-3.1096133630850433,-5.92549860396033
43,I,k96_0.1_decay24h,2,I,1.2460092175975908,0.5233333333333333,1.6073025519223396,0.2595694383064356,1.2901972644361306,0.9692521970024132,0.10572299992396143,0.948433244945799,-3.0959146821584,-5.921269662579579
44,I,k96_0.1_decay24h,2,I,1.2501663482009655,0.44,1.6170063740966085,0.25242886861650754,1.287022941766591,0.9769491051037236,0.08268573843340188,0.9488580173571162,-3.0470858662346085,-5.927414813512359
45,I,k96_0.1_decay24h,2,I,1.2974515936181832,0.5066666666666667,1.7480441048247857,0.28025393366831924,1.3242563706783528,0.9895607888435397,0.09506274734121219,0.9438989812363506,-3.1347914925135805,-5.8839138417007035
46,I,k96_0.1_decay24h,2,I,1.306399998293285,0.4866666666666667,1.7713622729050906,0.2692091718977052,1.3561542048906128,1.010609505713658,0.09020745050306431,0.9442884508583794,-3.1128130144539976,-5.847413364402935
47,I,k96_0.1_decay24h,2,I,1.321474387446429,0.44,1.8089834243672525,0.24901279505906956,1.3679011057992536,1.0245902539685554,0.08488128483864839,0.9413847207518005,-3.119141532422202,-5.835581749993545
48,I,k96_0.1_decay24h,2,I,1.3270836357810971,0.5266666666666666,1.8332061262294357,0.29765758550082494,1.3524192416307848,1.0108604071820613,0.08669731035663468,0.9345891570744105,-3.14909570036172,-5.813901962327023
49,I,k96_0.1_decay24h,2,I,1.3274558296431715,0.55,1.8441815418733933,0.3381359857773282,1.3414778985752303,1.034703443359034,0.08539865713196321,0.9381432300926494,-3.126358594261545,-5.786041033533243
50,I,k96_0.1_decay24h,2,I,1.349972094810056,0.49666666666666665,1.8984318478019078,0.2963251916549868,1.311512858943942,1.028439359269473,0.07087642183679642,0.9280849454112626,-3.166285182279067,-5.788713351325144
51,I,k96_0.1_decay24h,2,I,1.3624280138816087,0.43333333333333335,1.9337615938989938,0.2969937614656671,1.3367105151862502,1.0373530985704944,0.0954479592309132,0.9276592569201303,-3.141792067602825,-5.816509105059778
52,I,k96_0.1_decay24h,2,I,1.4012717163270063,0.49666666666666665,2.058147091081162,0.35571122627106266,1.35812335018463,1.028568743023371,0.07661963435674636,0.9158567217423257,-3.181129952418167,-5.8207392983116995
53,I,k96_0.1_decay24h,2,I,1.4203781937581426,0.4666666666666667,2.106642492563467,0.32010771306845126,1.3486003539557214,1.0525284934221588,0.10533937833461551,0.910092519627746,-3.2112739593022317,-5.846113217722406
54,I,k96_0.1_decay24h,2,I,1.4422638921092994,0.5166666666666667,2.172199408294414,0.31445169825823405,1.3684178157287845,1.0456411923403661,0.08828035792208704,0.9039604717650345,-3.1965739295292823,-5.850442521348631
55,I,k96_0.1_decay24h,2,I,1.4764283230450772,0.5033333333333333,2.2742570226404903,0.2927855260469371,1.380928355928113,1.053728970230277,0.09557187478266803,0.8966591368351678,-3.225800664495862,-5.801969427434395
56,I,k96_0.1_decay24h,2,I,1.4827337293844889,0.4666666666666667,2.3020235983779647,0.3309318848311948,1.3787558591271603,1.0454436172874795,0.10646583701883898,0.8884574652310054,-3.2102649964372274,-5.80123764235842
57,I,k96_0.1_decay24h,2,I,1.4708815769426484,0.44666666666666666,2.264832058635535,0.33448963317101416,1.3670576024037933,1.0254098630557587,0.09256887481993133,0.8948394073425815,-3.210264871208589,-5.807041260973603
58,I,k96_0.1_decay24h,2,I,1.4837604457251412,0.49666666666666665,2.3041301345704763,0.3300338520684368,1.330249148788686,1.0499278679390545,0.07090838516959476,0.8860207498350338,-3.1724387742265265,-5.767338291449694
59,I,k96_0.1_decay24h,2,I,1.4905121118121252,0.5166666666666667,2.322419695697615,0.31451674382564465,1.3188158480987757,1.0339692169563675,0.07270667460711425,0.8792585497925154,-3.1563476583589902,-5.780068801530204
60,I,k96_0.1_decay24h,2,I,1.500723847122275,0.5366666666666666,2.353700490406132,0.3073592883813619,1.3098284346040694,1.0213763806499576,0.07578333136720956,0.8730687747334764,-3.1437400121595203,-5.767316654224232
1,U,k96_0.1_decay24h,2,U,,,1.015097364937479,0.1491955571121682,0.9916872010287178,1.0066773589240738,0.15933451949230135,0.9574278144350262,-3.1123887498144427,-5.68238614916032
2,U,k96_0.1_decay24h,2,U,,,1.0222977755205134,0.15481240199184954,1.015191834521377,1.040072801940216,0.1463547139919695,0.9596789643717546,-3.121107238716003,-5.710158831226851
3,U,k96_0.1_decay24h,2,U,,,1.0260850676946331,0.18462156127215706,1.0283052265147299,1.0429848107055826,0.14061620996597038,0.9598458680979549,-3.0776228336323266,-5.708141844185455
4,U,k96_0.1_decay24h,2,U,,,1.0057479869425372,0.17571199244087915,1.038892330196891,1.0587677451235653,0.12459644104016757,0.9623276136912094,-3.1075533449647197,-5.717169423667605
5,U,k96_0.1_decay24h,2,U,,,1.0085485023413394,0.16484946987198,1.034511181693072,1.0408253625244808,0.14151878053031047,0.9617907385183777,-3.1163903172732823,-5.732956479847487
6,U,k96_0.1_decay24h,2,U,,,1.0049862760668944,0.16863811494626246,1.0470204573724144,1.0492139207630045,0.11959510625518151,0.9644708352094821,-3.118125152794949,-5.709281316182461
7,U,k96_0.1_decay24h,2,U,,,1.0285115578743815,0.1767078840748067,1.0322808550882905,1.0423406898815544,0.11968587945279481,0.9582497683730155,-3.1264653954266124,-5.743453096316189
8,U,k96_0.1_decay24h,2,U,,,1.0237388001888639,0.17882008735502058,1.022326879679913,1.0197604461617997,0.13558970499331421,0.9587286182350702,-3.1413884760872937,-5.698342574668884
9,U,k96_0.1_decay24h,2,U,,,1.01635899049959,0.1705042118490843,1.0410498565465878,1.010550275676012,0.11946261001878561,0.961475097394449,-3.19364249693142,-5.755134624100168
10,U,k96_0.1_decay24h,2,U,,,0.9975843692163566,0.18402126589849063,1.0345181858374304,0.9983106091102957,0.12499115420264766,0.9609068901215813,-3.20255734330546,-5.724321441615293
11,U,k96_0.1_decay24h,2,U,,,0.9947716233751648,0.17953130211012638,1.0568855644416897,1.010580728192061,0.1281592056453942,0.9640953205955732,-3.1890945343563737,-5.68390908719052
12,U,k96_0.1_decay24h,2,U,,,0.989965830245513,0.17226479352399302,0.9973696623701107,0.9877833472500629,0.10789203419274429,0.9591020405874643,-3.1844067103343248,-5.711926316763388
13,U,k96_0.1_decay24h,2,U,,,0.9947219244287707,0.17145608697492815,1.002996518241288,0.9963072737246516,0.1456525407374785,0.956544326631222,-3.1699920226338647,-5.7149503119223315
14,U,k96_0.1_decay24h,2,U,,,0.9819237592889564,0.1611287966708333,0.9745857591808289,0.9905354384012279,0.11165298997461147,0.9564802948387929,-3.2198752653695464,-5.726186050135992
15,U,k96_0.1_decay24h,2,U,,,0.9619613581110502,0.17178606816272718,0.9969209505129101,1.0139425094987355,0.11218995966702909,0.9607871780107089,-3.221902581026374,-5.708715057451603
16,U,k96_0.1_decay24h,2,U,,,0.9346829172420557,0.14319662904008468,0.9984493803267577,1.0292792874291912,0.1179392376642473,0.9617890594833785,-3.1496128273664237,-5.789691550997454
17,U,k96_0.1_decay24h,2,U,,,0.9194728454476763,0.12887865814856944,0.9905133142759811,1.034125665795702,0.11310551619732895,0.9622225457783739,-3.161110333941518,-5.793907642841509
18,U,k96_0.1_decay24h,2,U,,,0.9140439263249025,0.13177646552969405,0.98872043051517,1.0237032341273717,0.1140643654889651,0.9623633641173296,-3.1610513698908993,-5.8042608738112
19,U,k96_0.1_decay24h,2,U,,,0.9125369817773666,0.1210382676379593,0.9938883821400422,1.0250444283932678,0.14201148856924994,0.9630443949922836,-3.1167600806686795,-5.7719653017642685
20,U,k96_0.1_decay24h,2,U,,,0.918595632089407,0.1217500149435439,0.9931882090461196,1.0339857825670622,0.13406486170698717,0.964686540526092,-3.1059966015041147,-5.749686839867033
21,U,k96_0.1_decay24h,2,U,,,0.9165137887365536,0.11586482412989169,1.0286217918379392,1.0151472101662011,0.1048428742289653,0.9678889759783021,-3.101580981589714,-5.735368448485478
22,U,k96_0.1_decay24h,2,U,,,0.9288882837123007,0.10897873487810654,1.0008135249227874,1.0717253446140784,0.16053071815679287,0.9651161538129501,-3.0468523920648507,-5.663964860313529
23,U,k96_0.1_decay24h,2,U,,,0.9424559776065192,0.11115808717082262,1.022744252666381,1.0685663819962465,0.13566561353566653,0.9654735166158328,-3.0622378175021625,-5.694055672878807
24,U,k96_0.1_decay24h,2,U,,,0.9472102674001968,0.11174399769510511,1.0254998217723437,1.0694861350983476,0.13125707084506683,0.9657665250757437,-3.085591766575901,-5.707646155264422
25,U,k96_0.1_decay24h,2,U,,,0.9411282178393829,0.10625235984651422,1.0342895773028025,1.083312911964963,0.15527418058068168,0.9683857108057148,-3.0721114228722044,-5.718498403351201
26,U,k96_0.1_decay24h,2,U,,,0.935938677796756,0.1037662138163579,1.0451575294915787,1.07457581864288,0.126254126173556,0.9693225849691144,-3.075250125971482,-5.690785996916024
27,U,k96_0.1_decay24h,2,U,,,0.9364114845377179,0.10000608935938077,1.0687132168295823,1.0919510930478198,0.1668003607666777,0.9715068162890895,-3.073607787442622,-5.6692404510265355
28,U,k96_0.1_decay24h,2,U,,,0.9273633976038983,0.10008677817386637,1.0296317953582705,1.0616064592969219,0.15613288286773508,0.9688144668705255,-3.1585503477725445,-5.672966944267692
29,U,k96_0.1_decay24h,2,U,,,0.938819798516272,0.10466020340647271,1.0168872358344492,1.0720444093524841,0.1375571659681313,0.9668318571345602,-3.1564660465695096,-5.687945091594438
30,U,k96_0.1_decay24h,2,U,,,0.9450690066185173,0.10072176518522243,1.0196992281012212,1.058223268006438,0.1628841997338545,0.9662764690935444,-3.1408922243086486,-5.701025698611547
31,U,k96_0.1_decay24h,2,U,,,0.9282962178376923,0.10013457937770533,1.0040731230806093,1.0779241546251532,0.1574406571918398,0.9669642536533729,-3.1059039793893057,-5.71345674631032
32,U,k96_0.1_decay24h,2,U,,,0.9113600870417179,0.10596157929548532,1.0364336555704425,1.1210894744836388,0.1751970536038966,0.9705048182873198,-3.0927795126440416,-5.758171704881467
33,U,k96_0.1_decay24h,2,U,,,0.9247395635829933,0.11276965249970114,1.01337819607268,1.0870359542389425,0.1680561029241968,0.9671075455499089,-3.100724743155679,-5.757355400165021
34,U,k96_0.1_decay24h,2,U,,,0.9190719749486236,0.1214550250947885,1.045930553562317,1.1162978365202005,0.16059654497682835,0.9698100832391682,-3.061380808277535,-5.762576221651008
35,U,k96_0.1_decay24h,2,U,,,0.9097646627718619,0.10111041562760265,1.0822866143329661,1.110160102566574,0.15768814973635134,0.9728423644665543,-3.02691868048323,-5.785911505656897
36,U,k96_0.1_decay24h,2,U,,,0.9155038500328407,0.10380554833335554,1.1113276713159739,1.0682128935552804,0.14012015109061932,0.9753214962374522,-3.0462355783047963,-5.809768244986331
37,U,k96_0.1_decay24h,2,U,,,0.9133939834001069,0.11039860729570665,1.1173336963955902,1.0924866781458022,0.14457367906715618,0.9753181774053132,-3.1162101680852037,-5.853276447106677
38,U,k96_0.1_decay24h,2,U,,,0.9102087199525287,0.10464863396719552,1.1383192217177398,1.0868407680869625,0.14310137211168403,0.976620640901364,-3.093003285413027,-5.882113803332615
39,U,k96_0.1_decay24h,2,U,,,0.8976296349891514,0.10078711448243925,1.1381846129094282,1.0669421991305115,0.14497902859075643,0.9779591876598215,-3.101838705989157,-5.891850240470848
40,U,k96_0.1_decay24h,2,U,,,0.8972916652788164,0.09165240090054445,1.1641452284691207,1.1079219055283434,0.1609864474225521,0.980824387172098,-3.1077026886144616,-5.881185317725915
41,U,k96_0.1_decay24h,2,U,,,0.8896842351986326,0.0879646826995815,1.1730038614754719,1.0714632665811727,0.13183730814276903,0.9812466886109596,-3.0713527129230798,-5.9065975366128995
42,U,k96_0.1_decay24h,2,U,,,0.8976370282371746,0.09449678125248145,1.1804167160642223,1.1345274939691785,0.18159286124644522,0.981314865729262,-3.097262676145449,-5.925184583733848
43,U,k96_0.1_decay24h,2,U,,,0.9052359266314719,0.0987352093044818,1.1728098452264581,1.1183342066744988,0.13544946654634454,0.9806323933445454,-3.1444762802872623,-5.90813650305297
44,U,k96_0.1_decay24h,2,U,,,0.9073273557543522,0.09797061184517877,1.1816816852884475,1.1293195491281092,0.1503313805983485,0.9808254435966061,-3.118291827139714,-5.925922551230103
45,U,k96_0.1_decay24h,2,U,,,0.9064837814849261,0.09637725850673377,1.1535902688961746,1.126861300841468,0.15110861733274664,0.9795407796429383,-3.101911454458644,-5.923767755742581
46,U,k96_0.1_decay24h,2,U,,,0.9097277086846202,0.10573653197931844,1.1896164871024644,1.1313897901293974,0.1499864083809276,0.9814142552383758,-3.0485977693044193,-5.957537338356884
47,U,k96_0.1_decay24h,2,U,,,0.9135756317412468,0.10266663726239371,1.1546695590558802,1.119269896088777,0.15519958491489144,0.9788005987639523,-3.076340897561211,-5.9375317282299935
48,U,k96_0.1_decay24h,2,U,,,0.9269520392941789,0.09375315706263858,1.1457599764797826,1.1368400063615718,0.14912678909681787,0.9778052917299829,-3.0731946177673755,-5.945640880762778
49,U,k96_0.1_decay24h,2,U,,,0.9272789601100413,0.09188338957170786,1.1587818243062262,1.1493088051965175,0.15125843186384014,0.9783441251743477,-3.0311646754943893,-5.938069235859804
50,U,k96_0.1_decay24h,2,U,,,0.9337289122374345,0.09373175634605757,1.1300060230926658,1.1492932764980075,0.15126287410680792,0.9763269109228151,-3.087332167771098,-5.91941697213518
51,U,k96_0.1_decay24h,2,U,,,0.9246053544757327,0.09432715808113332,1.1231967470518511,1.1328928358623622,0.1451577313859553,0.9767698095467813,-3.0696964020366893,-5.90403636206243
52,U,k96_0.1_decay24h,2,U,,,0.9309512312237667,0.0977741043166525,1.1146098340515165,1.1645442009657456,0.15527776844057312,0.9757090204590245,-3.1117174151417832,-5.89700646206828
53,U,k96_0.1_decay24h,2,U,,,0.9286596033224849,0.09857334350706866,1.1412298804136116,1.1477343941732412,0.13883581966045597,0.9780561310197419,-3.1245080613454723,-5.889527461092348
54,U,k96_0.1_decay24h,2,U,,,0.9183441790803871,0.10360322203707653,1.1346967008817572,1.1189450860633021,0.12509869290916537,0.977320672138167,-3.1239915844277237,-5.90312947155827
55,U,k96_0.1_decay24h,2,U,,,0.9180457982515439,0.0964367160049243,1.1489657067982686,1.1470034867709638,0.1334059015666326,0.9781474976450067,-3.1178657235435527,-5.918664354905456
56,U,k96_0.1_decay24h,2,U,,,0.900834791962199,0.10095526292329599,1.1812331415855555,1.1390779380286078,0.12468369116776265,0.9803752885006405,-3.1205629993071824,-5.9039204282915945
57,U,k96_0.1_decay24h,2,U,,,0.8943646792441674,0.09269239246652698,1.1814147827427124,1.1138882147082299,0.1080027280786929,0.9822977737518667,-3.1223794685447164,-5.90684655292172
58,U,k96_0.1_decay24h,2,U,,,0.9004567204526521,0.08934265751579855,1.1608374502015335,1.1355699739149214,0.13875908491994812,0.9802123030404573,-3.090325742868531,-5.897427464330522
59,U,k96_0.1_decay24h,2,U,,,0.9122635225401852,0.0964587955149946,1.180277068324145,1.1551872907480656,0.11878425346162713,0.9812899770259844,-3.105303197646518,-5.88485061133247
60,U,k96_0.1_decay24h,2,U,,,0.8982133401235274,0.09705327286468668,1.1867769445061374,1.1317718900434184,0.13418370281849648,0.9823472307031902,-3.0917548533750034,-5.891136185484104
1,I,k96_0.1_decay24h,3,I,0.9929178740330273,0.43,0.9985998665130698,0.14565906554316874,1.0017797822688725,1.00057047414024,0.15066368513769757,0.9586083359467735,-3.1057055733507157,-5.675408077992108
2,I,k96_0.1_decay24h,3,I,1.0040473680602466,0.51,1.025896845646971,0.1713233532074978,0.9951481715846702,1.014343447647188,0.18053826617694085,0.9540342649605983,-3.086191676685252,-5.714328496301548
3,I,k96_0.1_decay24h,3,I,1.0141284854921406,0.47,1.0477305535489763,0.1751103770182728,1.0215627913132934,1.0421173979915037,0.1913313008868911,0.9570552904032613,-3.09185958083557,-5.711065559663017
4,I,k96_0.1_decay24h,3,I,1.0258891814641757,0.4866666666666667,1.07807976475352,0.20736253335507218,1.0352733563059762,1.0729153968497298,0.16098376057683958,0.9539446954118894,-3.0899828722470617,-5.695622125695001
5,I,k96_0.1_decay24h,3,I,1.0317902323797108,0.44333333333333336,1.0884632522475988,0.19690966470933996,1.037073342165404,1.0861155012384867,0.17342436736854477,0.956156900020213,-3.075045029944402,-5.680843532401036
6,I,k96_0.1_decay24h,3,I,1.0368294949928838,0.47,1.0948034640485222,0.1727038384753776,1.0266911409221902,1.042057233307357,0.180483023615661,0.9538163152057314,-3.12912883694354,-5.679852331425293
7,I,k96_0.1_decay24h,3,I,1.0533541923752558,0.5366666666666666,1.1351104962603684,0.20152910173428615,1.0459772893388466,1.0771340401262903,0.17609160506382793,0.9537892780026772,-3.1512382766176437,-5.673049755436932
8,I,k96_0.1_decay24h,3,I,1.0668384083209521,0.4633333333333333,1.1642293237780401,0.1956514657037714,1.030821906017768,1.0845412816546163,0.18706087215929126,0.9494067813732895,-3.1660857728838803,-5.6836373567398715
9,I,k96_0.1_decay24h,3,I,1.0850461897316515,0.5133333333333333,1.204724843938486,0.19620298984905693,1.0487063552050802,1.1029821892441507,0.17604684855229538,0.9501825025390106,-3.1324049688409357,-5.606698024001233
10,I,k96_0.1_decay24h,3,I,1.0898691000616598,0.48333333333333334,1.2154374292387944,0.1954879360473271,1.0753761087682328,1.0612691951994786,0.17672861644942667,0.9487144072454352,-3.175317757223904,-5.572710612752179
11,I,k96_0.1_decay24h,3,I,1.0911077850141107,0.45666666666666667,1.2158461887932859,0.18115709606210034,1.0537808003648013,1.0609726331735205,0.1523291105238161,0.9499683283968898,-3.168476247089831,-5.576986221542776
12,I,k96_0.1_decay24h,3,I,1.116075969220971,0.49333333333333335,1.2848172425134776,0.24102687025409844,1.063962501239967,1.0878007050221845,0.14223840462892987,0.9367750052400455,-3.187767392524546,-5.549837065281259
13,I,k96_0.1_decay24h,3,I,1.1411095003908243,0.51,1.3405266602007737,0.23006335112741746,1.0433693555194403,1.0423725077407133,0.14549099273207725,0.9331553988156649,-3.1644257954171393,-5.599398178919391
14,I,k96_0.1_decay24h,3,I,1.1371721032562878,0.5266666666666666,1.3334233715505552,0.23728477265187492,1.0852821505114056,1.0718192549402257,0.12922919565890176,0.9381977035699965,-3.1925677035816764,-5.5949184654217134
15,I,k96_0.1_decay24h,3,I,1.153280274245995,0.43666666666666665,1.3707456414136536,0.23422287130652356,1.039692528662007,1.0450986015852721,0.14091908802675865,0.9298425887284842,-3.224309283802149,-5.615439163488461
16,I,k96_0.1_decay24h,3,I,1.1629830474335316,0.5133333333333333,1.399325066711598,0.2655687772778082,1.055234531147645,1.0580008626579958,0.11768811469860853,0.9249793617397358,-3.301123995672537,-5.6211759694600945
17,I,k96_0.1_decay24h,3,I,1.1719674474757245,0.5033333333333333,1.4200738495331855,0.25959962926225666,1.019720627897119,1.0171380179681637,0.1337414160297567,0.9132589297062833,-3.317178148517068,-5.600870425579032
18,I,k96_0.1_decay24h,3,I,1.185388286786184,0.5,1.46084311697968,0.292948336949809,0.9842955420278433,1.0191006770977646,0.13524192751774844,0.9022805443242274,-3.2994695750696637,-5.604041657085745
19,I,k96_0.1_decay24h,3,I,1.2062271996294023,0.52,1.5243311358449412,0.3383247984468505,1.0026822721516417,1.0022865577737166,0.1267923671723208,0.8919203256191232,-3.2807586382710014,-5.60281960939962
20,I,k96_0.1_decay24h,3,I,1.2340042868940906,0.47,1.5863983317409298,0.303523842009013,0.981298040611811,0.9895124587530052,0.1256221722452132,0.8881172521526548,-3.2301628930628565,-5.627108367856887
21,I,k96_0.1_decay24h,3,I,1.2371005003286968,0.5166666666666667,1.5914848553442476,0.29559157405309117,0.9505225825318367,0.9888373057289759,0.12958843681008017,0.8725730952659865,-3.2751273577393474,-5.65834839208246
22,I,k96_0.1_decay24h,3,I,1.265541785945651,0.48,1.664108473820259,0.2896059035394643,0.9427304975815267,0.9838539516018237,0.12505190802811653,0.8615523979966646,-3.2789084877169405,-5.598782416078803
23,I,k96_0.1_decay24h,3,I,1.2938237624560749,0.5066666666666667,1.745116211259855,0.3106876210739312,0.9518310991697521,0.9655006682138321,0.1293251126927676,0.8467343025844168,-3.266839572857276,-5.646279628456634
24,I,k96_0.1_decay24h,3,I,1.3062968302325688,0.51,1.7730534484204137,0.28395149135761677,0.9640318438631656,0.9772783978956593,0.13937950126550405,0.8500457325642553,-3.3267063175536866,-5.657858038948463
25,I,k96_0.1_decay24h,3,I,1.3281801299373925,0.49,1.8376461697415891,0.30786992929408313,0.9410214259410437,0.9779442651006237,0.14753010736350303,0.8235802874729707,-3.2942938941058397,-5.682118627366
26,I,k96_0.1_decay24h,3,I,1.3378622450107274,0.5266666666666666,1.8647980158304975,0.310248479615764,0.9739207938849087,0.9265322462669481,0.15241239301908227,0.832326478718422,-3.262108830037699,-5.671270370075819
27,I,k96_0.1_decay24h,3,I,1.3381719945232815,0.51,1.8634069969078377,0.29596163466176095,0.9922457858860919,0.9353013795627632,0.14722822587221257,0.8451462086098153,-3.3196723670670507,-5.702782796073354
28,I,k96_0.1_decay24h,3,I,1.38042908224352,0.4666666666666667,1.9941226926348892,0.3408110307867231,0.9601554850446261,0.903439929958538,0.14663757114992895,0.8026347456545255,-3.274768602804182,-5.693724136557107
29,I,k96_0.1_decay24h,3,I,1.4002308440533415,0.54,2.040399540435384,0.28566283249953517,1.0093588796708164,0.899507462431654,0.14971238091206632,0.8160634760043027,-3.3029514142327754,-5.742194813425278
30,I,k96_0.1_decay24h,3,I,1.410364308103436,0.52,2.076759424633102,0.3202695716735577,0.9765280313206245,0.9126414827895992,0.15568339911109852,0.7932574882936895,-3.2561681717438447,-5.735813721130147
31,I,k96_0.1_decay24h,3,I,1.4156694787395558,0.5333333333333333,2.08944777915138,0.3034421745693283,0.9785466268514411,0.911110236262571,0.13769732992023842,0.7948703048669356,-3.305695962135865,-5.746392994493535
32,I,k96_0.1_decay24h,3,I,1.4038528585794385,0.49333333333333335,2.0557505045995654,0.3133640700246585,0.9821276170326977,0.9102387011126579,0.12738811784127174,0.8012336381042248,-3.2596308023639438,-5.724560414378466
33,I,k96_0.1_decay24h,3,I,1.4172582991232816,0.51,2.0950854278675037,0.3076713308084431,0.9872036109234789,0.9629408402636701,0.12985090706988994,0.7977878973775423,-3.2926674565019467,-5.783083699297309
34,I,k96_0.1_decay24h,3,I,1.4377830979011448,0.5133333333333333,2.15807581126414,0.31602014080159124,0.9936909804494884,0.9230219407335,0.14011445016296747,0.7850084577929574,-3.2625108349480763,-5.808362321243511
35,I,k96_0.1_decay24h,3,I,1.4504642982724278,0.49333333333333335,2.191502895102143,0.2843804299634398,0.9823187274497339,0.9475667343012885,0.13078242858453484,0.777839696806761,-3.2152429911469516,-5.7860344023292765
36,I,k96_0.1_decay24h,3,I,1.4456329351230994,0.51,2.1769326189965224,0.28675008965590054,1.0245925321031195,0.9783373768500904,0.11571114374473553,0.7940496830736182,-3.24834039821297,-5.803967077360744
37,I,k96_0.1_decay24h,3,I,1.458696143369171,0.49666666666666665,2.218582710616187,0.29432193842163545,1.0158380239482285,0.9730941175182756,0.13047083874169624,0.7811985930414648,-3.225224831968525,-5.827130673057729
38,I,k96_0.1_decay24h,3,I,1.45820222120743,0.47,2.216664514638481,0.2917401614498297,1.0083492271287489,0.9883839328974555,0.09876586125268924,0.7808800255717909,-3.2256370779380656,-5.8599772752029455
39,I,k96_0.1_decay24h,3,I,1.4545697437048195,0.49,2.2022100578946127,0.27383747202554515,1.0324728449990845,0.9626482130497158,0.106256114704127,0.7911863397843159,-3.244197060597146,-5.90484841630657
40,I,k96_0.1_decay24h,3,I,1.4583217385966116,0.5466666666666666,2.2136715495799653,0.27092011111219416,1.0380320265831287,0.9636239373639875,0.12117145946418625,0.7895665524079014,-3.2345637410108794,-5.915515766708354
41,I,k96_0.1_decay24h,3,I,1.4583224149666505,0.5266666666666666,2.212833348401802,0.2672068049872221,1.0544841850057036,0.960442476921631,0.12371941870717688,0.7964135480951142,-3.2326042947384312,-5.90270557611978
42,I,k96_0.1_decay24h,3,I,1.4535376991598166,0.51,2.1993116766249172,0.27381678833285017,1.063771512319692,0.9687998601605204,0.11307906892785319,0.8032045869515758,-3.257118629286319,-5.876267964492231
43,I,k96_0.1_decay24h,3,I,1.4479840904000296,0.5,2.1825607330711083,0.27745083820277905,1.0991854436383255,0.9760725692016092,0.10119586622049392,0.8147094363303963,-3.2780015128797984,-5.851932459216118
44,I,k96_0.1_decay24h,3,I,1.4542258384885813,0.48333333333333334,2.2039486309105096,0.29153270467269726,1.06572540270268,0.983675872049211,0.10107607310821348,0.8026698677301535,-3.2746725455639605,-5.850839689525247
45,I,k96_0.1_decay24h,3,I,1.448975381736766,0.5033333333333333,2.1844445065393114,0.27130044839128387,1.059186969867511,0.9636897197846906,0.13558909385661627,0.8067694425455973,-3.298610066527302,-5.8599236407543565
46,I,k96_0.1_decay24h,3,I,1.4475688111462794,0.49666666666666665,2.1849997304759547,0.29990446169366325,1.0517170003799512,0.9644150877897256,0.13195002515490054,0.8002977429922279,-3.331759628927601,-5.881104113218052
47,I,k96_0.1_decay24h,3,I,1.4433919140563436,0.5333333333333333,2.175589721010578,0.32071500822271326,1.093278506139456,0.9848990246360214,0.10807135481364058,0.8127347617387163,-3.323461519637524,-5.835160820245469
48,I,k96_0.1_decay24h,3,I,1.4337354614621631,0.44666666666666666,2.1447291663496837,0.3089696903885658,1.1073358184037436,0.981372560870289,0.12099713822703172,0.8224752475044219,-3.3285902934296097,-5.817274991966458
49,I,k96_0.1_decay24h,3,I,1.4356331980517874,0.5433333333333333,2.1488151778115796,0.2991732754705827,1.0835311401449872,0.9864393443075699,0.10086881113114538,0.817857055179552,-3.3210332629747,-5.8330981232992976
50,I,k96_0.1_decay24h,3,I,1.4387203587067146,0.46,2.1594956521884336,0.30868684646095296,1.108344702907737,0.9945135857519909,0.10855723542603654,0.8206231548766074,-3.3407583272760664,-5.83182484808332
51,I,k96_0.1_decay24h,3,I,1.4373640558624345,0.5333333333333333,2.155530186654062,0.31122393215954625,1.1208631443735904,1.0052380129897505,0.09434027670307772,0.8251336205418732,-3.3532500637576503,-5.842607461220825
52,I,k96_0.1_decay24h,3,I,1.4417442609668767,0.52,2.1676455271583874,0.30247441710881545,1.1217933751417328,0.9622526684888597,0.11540408574841704,0.8246599888978029,-3.3507281565647546,-5.82377016842099
53,I,k96_0.1_decay24h,3,I,1.438116461847218,0.5,2.162408458184454,0.3356495239540204,1.0991199917979764,0.9680998040102213,0.11985957321200515,0.8169635625928842,-3.395693947000581,-5.7770088381322555
54,I,k96_0.1_decay24h,3,I,1.4378726280747838,0.5066666666666667,2.165148330019985,0.35391128660521154,1.0945345498359136,0.970243448768368,0.13239369463506856,0.8152449217004974,-3.406204553934465,-5.82860049073331
55,I,k96_0.1_decay24h,3,I,1.4478832872981373,0.5133333333333333,2.199486187089603,0.37214637417379764,1.106951852732536,1.004515411338862,0.13998373996792218,0.8136508607892823,-3.406690887438517,-5.817140609413893
56,I,k96_0.1_decay24h,3,I,1.4616323097533928,0.52,2.244282092534042,0.38371702464637814,1.1065656748533248,0.9890209072927834,0.13726178579219406,0.807010830815231,-3.4693883545252704,-5.837203740357753
57,I,k96_0.1_decay24h,3,I,1.431516038218173,0.46,2.1649586301491404,0.4460874425063496,1.0765725787811986,0.992652430756956,0.12075089401033767,0.8027829609876742,-3.437249748928516,-5.892727981190178
58,I,k96_0.1_decay24h,3,I,1.446869105862937,0.52,2.202626083612741,0.4020212712174037,1.0648031970981449,1.001548845662806,0.13893665835432611,0.8077816854599795,-3.479361544611835,-5.856184229486197
59,I,k96_0.1_decay24h,3,I,1.4698809788921654,0.5166666666666667,2.271516369789305,0.39438319830413815,1.0965205227139985,0.9881370607025417,0.15320273234735832,0.8013537697764648,-3.387714419123639,-5.850598362098937
60,I,k96_0.1_decay24h,3,I,1.479144454537629,0.43666666666666665,2.31274772200983,0.45517218611932836,1.0591989743133505,0.957205283242799,0.1535034675196555,0.777098082429597,-3.350619336214742,-5.861588699598034
1,U,k96_0.1_decay24h,3,U,,,1.00594695229384,0.15660113318930846,1.0079353181787887,1.0073793580904449,0.14862093550406005,0.9589505967011894,-3.101691722809325,-5.696757787119348
2,U,k96_0.1_decay24h,3,U,,,1.0110676622032808,0.17160638364394043,1.017074868889537,0.9735842266281859,0.131769817123517,0.9585716300149365,-3.0648644875783626,-5.730327692192127
3,U,k96_0.1_decay24h,3,U,,,1.006138397429291,0.15942643141924193,1.0219910459714088,0.9921170080904586,0.1439096701143593,0.9604266390458178,-3.0644930259152723,-5.743510491870782
4,U,k96_0.1_decay24h,3,U,,,0.9991565043709213,0.160565663593189,1.0071865116372416,0.9590488635342831,0.1460396679223755,0.9604286847229268,-3.0353556887668454,-5.752666174647095
5,U,k96_0.1_decay24h,3,U,,,1.0000747228773983,0.1562560147937458,1.0108700001669624,1.0179433864251164,0.1306048669816462,0.9597844005528058,-3.0774497235777303,-5.821886171941607
6,U,k96_0.1_decay24h,3,U,,,1.0210389982788677,0.16865284743194564,0.9889591771412345,0.9977894319866462,0.157266368658205,0.9551880850763675,-3.060425055167293,-5.772184378610103
7,U,k96_0.1_decay24h,3,U,,,1.0079498853851931,0.16972580624084505,1.0177728366209984,0.9827797716611595,0.1461079220584439,0.9581455294294032,-3.077966141130561,-5.7830937374993585
8,U,k96_0.1_decay24h,3,U,,,1.0239709973558335,0.17005684820956812,1.0010329921553736,0.986832619533009,0.14866146512546954,0.9573438719929607,-3.0639285971747214,-5.8236313382208955
9,U,k96_0.1_decay24h,3,U,,,1.0075553215986077,0.15638017902255585,1.0075567956071387,1.009954405655118,0.1825158262713924,0.9594286742630073,-3.044972838667649,-5.847256255147816
10,U,k96_0.1_decay24h,3,U,,,1.000546378422019,0.15345648405418802,1.0052757085799862,1.0047983293334335,0.15134962120751025,0.9579642842427789,-3.0520990439957836,-5.876141861321266
11,U,k96_0.1_decay24h,3,U,,,1.0220725818487264,0.14016903641633466,0.9667777623605628,1.0031100076363197,0.15847087363299087,0.9534699641473474,-3.050574281431995,-5.864412699159986
12,U,k96_0.1_decay24h,3,U,,,1.0088871960008463,0.1258124549917601,0.9865897975037539,1.0254226687606143,0.14303757772040981,0.9562597529328168,-3.0661741111315237,-5.8410098122131044
13,U,k96_0.1_decay24h,3,U,,,1.0334416673466023,0.11667969329739408,0.980069381383903,1.0037317545621982,0.16266345746890343,0.9544673749204723,-3.035318362694164,-5.8027482774799255
14,U,k96_0.1_decay24h,3,U,,,1.0483226453320633,0.12515305027777346,1.0073211992858728,1.0361302784940498,0.1607088972057818,0.9588026428079088,-3.052782716315575,-5.8522434743930924
15,U,k96_0.1_decay24h,3,U,,,1.063724385293314,0.12026658603274093,1.0293022633835547,1.00125058299478,0.1501269319115401,0.9603138484807179,-3.044012200200647,-5.825674435300908
16,U,k96_0.1_decay24h,3,U,,,1.0621492766098353,0.126000557074348,1.01835981855155,1.0492828199668998,0.18454266191941054,0.9585856863042269,-3.045956011118881,-5.813441188357183
17,U,k96_0.1_decay24h,3,U,,,1.0514987065285515,0.13642498165589823,1.0105794593583715,1.028808623073973,0.15481088599141332,0.9595303563836566,-3.0466871254302395,-5.835433756935445
18,U,k96_0.1_decay24h,3,U,,,1.0486122946655358,0.12673930029202982,1.0017293639532894,1.0460999813504526,0.1976279550917212,0.9573824274155447,-3.1058070550474235,-5.82450283732878
19,U,k96_0.1_decay24h,3,U,,,1.0367027806378606,0.13361348704907175,1.0175701772823318,1.0298690343977186,0.1732925323177938,0.9607299594189453,-3.08821447966646,-5.83250849593538
20,U,k96_0.1_decay24h,3,U,,,1.0501033361322167,0.13764637625779633,1.0279500151147105,1.0556577932175053,0.15075216916399037,0.9602858673217861,-3.0937366275117912,-5.824563837644813
21,U,k96_0.1_decay24h,3,U,,,1.0364639499353983,0.13694211776723034,1.0388820172975852,1.0677432065535193,0.17199525412237357,0.9630899815082955,-3.117504175326196,-5.857292867090114
22,U,k96_0.1_decay24h,3,U,,,1.0218827555736876,0.13302889227660555,1.036843646954534,1.0717660302239544,0.16591938240969914,0.9642596001553957,-3.1119355708047864,-5.86712782522794
23,U,k96_0.1_decay24h,3,U,,,1.037205328900714,0.1345620389293807,1.045969038873803,1.0977831432585696,0.16972965839805598,0.9640605665954456,-3.1148900711808984,-5.893053308560196
24,U,k96_0.1_decay24h,3,U,,,1.0489469790014643,0.12994564497714292,1.0190883241207287,1.0629994187457528,0.1831378618206767,0.9614239172593443,-3.130480601145538,-5.885040874933328
25,U,k96_0.1_decay24h,3,U,,,1.0606632007743473,0.13450647715812009,1.0293553581878292,1.0941124761826346,0.16260811559699925,0.9609010514749362,-3.152107217480654,-5.869440602612127
26,U,k96_0.1_decay24h,3,U,,,1.0452310870071744,0.13333195313517773,1.0330590930592187,1.079653238611789,0.1687828683871976,0.9618174519060053,-3.1760744492719586,-5.852192903443307
27,U,k96_0.1_decay24h,3,U,,,1.0659979251907823,0.14597857207187892,1.05386932961685,1.111836655249302,0.17636951652261598,0.9634922479214196,-3.1708018190831795,-5.905126266209766
28,U,k96_0.1_decay24h,3,U,,,1.0872168099684454,0.14954846209149522,1.067629606134756,1.091208480656349,0.17643833269184703,0.9636668747509577,-3.176815892086067,-5.8464832766441654
29,U,k96_0.1_decay24h,3,U,,,1.0752728590426848,0.14110743482302177,1.054074693478948,1.155261945401911,0.18737866088382577,0.9631179114567533,-3.179158217065462,-5.893218823908869
30,U,k96_0.1_decay24h,3,U,,,1.0708886992802888,0.12696942654803428,1.07775507310587,1.0777778260023672,0.149959993358218,0.964521768664647,-3.1427229164702166,-5.863391078624502
31,U,k96_0.1_decay24h,3,U,,,1.0704481650487014,0.13357092500935921,1.0990645245213868,1.1331914728994321,0.17476797952663659,0.9679631913270431,-3.1033985796060626,-5.844538972860149
32,U,k96_0.1_decay24h,3,U,,,1.0621875274648505,0.12770466342467887,1.1121088945507105,1.1246856408193688,0.178800932376733,0.9692183666729602,-3.119943521665965,-5.850854350884413
33,U,k96_0.1_decay24h,3,U,,,1.0480651663104632,0.12926268992573942,1.1279211305968768,1.095615583198034,0.16200104894547313,0.9710862233427326,-3.155393367594855,-5.857258700963229
34,U,k96_0.1_decay24h,3,U,,,1.0222925725985343,0.12915960951691693,1.1226069347047993,1.092017608451244,0.19858550624201188,0.9721577031452701,-3.1303319738272193,-5.843944095826852
35,U,k96_0.1_decay24h,3,U,,,1.0189931405641715,0.10900929875178894,1.1204273500094333,1.0779981993050687,0.18081087535991966,0.972970372591764,-3.102408855173486,-5.859732412144384
36,U,k96_0.1_decay24h,3,U,,,0.9958804290030527,0.11725226902384002,1.1088576221544653,1.1122650428537104,0.19915656946261573,0.9724646853050799,-3.0824775815370375,-5.9233356337681045
37,U,k96_0.1_decay24h,3,U,,,1.0111424486262086,0.11376015759630309,1.0933066427541256,1.1141901589036438,0.174594536413543,0.9708646778971577,-3.091248099309492,-5.85741428344142
38,U,k96_0.1_decay24h,3,U,,,1.0197074146765999,0.11048464226206117,1.089037352817816,1.098877001099602,0.1913061628176722,0.9705282869685306,-3.083227519620771,-5.86973862802716
39,U,k96_0.1_decay24h,3,U,,,1.0083701775006542,0.11978712671686903,1.0681453673812946,1.0263215091753806,0.1599120677191903,0.9686089682640537,-3.089839667024562,-5.868070250627533
40,U,k96_0.1_decay24h,3,U,,,1.017138794837657,0.1186931727477337,1.0767419738639024,1.0511030263316592,0.1550148939607349,0.969462646728917,-3.060956509732298,-5.87880734186659
41,U,k96_0.1_decay24h,3,U,,,1.0099765760599568,0.11423054438948886,1.076323920155201,1.0343582746232192,0.18119452063947772,0.9696565952763183,-3.077967837442705,-5.9005346367359035
42,U,k96_0.1_decay24h,3,U,,,1.0167020488190819,0.11569112238121017,1.0732788623736755,1.0259231307578742,0.16987939147811557,0.9689979244133387,-3.103272145257787,-5.891895867418149
43,U,k96_0.1_decay24h,3,U,,,1.0071693756332485,0.10766576535171203,1.0696250477118494,1.058787798289384,0.14777457428645108,0.9688463681487989,-3.0927940772132874,-5.886453831752184
44,U,k96_0.1_decay24h,3,U,,,0.9986432041827451,0.11037852952316685,1.0607897075360468,1.0241518134389598,0.15895464392177786,0.9685056387855885,-3.0863757444322677,-5.838547985046886
45,U,k96_0.1_decay24h,3,U,,,1.0010427250474387,0.10891312014363902,1.0623558567068248,1.0732136191813717,0.1849708670176191,0.9683103268179074,-3.0983582210411034,-5.886690561025941
46,U,k96_0.1_decay24h,3,U,,,1.0135454619095599,0.10488474008746805,1.0558965902930213,1.054511082796113,0.16247248956183377,0.9668545709569448,-3.069754520360572,-5.838759232837369
47,U,k96_0.1_decay24h,3,U,,,1.0037305148681295,0.10666886262941756,1.0595450848683492,1.0662150534214205,0.1810222651736593,0.9677404579433387,-3.06289443946841,-5.831959609115597
48,U,k96_0.1_decay24h,3,U,,,1.0005141244300737,0.1015460270058927,1.0767141029446508,1.0504380773174748,0.14816742125344914,0.9692948287871476,-3.116530719115091,-5.830041442951221
49,U,k96_0.1_decay24h,3,U,,,1.0140546423291261,0.10561668090883945,1.0323107409035577,1.0566185079141324,0.15947029780657146,0.964261256071818,-3.0746579521914486,-5.821853580584525
50,U,k96_0.1_decay24h,3,U,,,1.0330396078793767,0.12186412364796533,1.0547210136885852,1.0737476087365685,0.14589112150217814,0.9652448835200361,-3.1093196633530376,-5.8161511678439455
51,U,k96_0.1_decay24h,3,U,,,1.0353064393913907,0.11236720908445638,1.0320154075397685,1.0661606470473524,0.15960320851830304,0.961901846609775,-3.088699850401437,-5.834759855926965
52,U,k96_0.1_decay24h,3,U,,,1.0377744546465488,0.11029162290109122,1.0078446241811294,1.082150041521158,0.14357810263332926,0.9589050555985403,-3.093301426390176,-5.7993267482385535
53,U,k96_0.1_decay24h,3,U,,,1.047357273509382,0.10409402327007872,0.9746965394988663,1.096966628688496,0.14153663844169162,0.9528782529220353,-3.1104996049027136,-5.826753716193835
54,U,k96_0.1_decay24h,3,U,,,1.0453841208357229,0.10694142185419495,0.9849007679376117,1.0643074909191717,0.14125156742846165,0.9558817057561365,-3.1094195687893498,-5.8350615342748124
55,U,k96_0.1_decay24h,3,U,,,1.033525423229032,0.10241025401249429,0.9935969031365914,1.0747014324122168,0.15184838215481736,0.9579781727585938,-3.0811123937742724,-5.85090300960146
56,U,k96_0.1_decay24h,3,U,,,1.0419492887589756,0.11066310161204,0.9635312666641657,1.0822309640186583,0.13862740378834798,0.9498344822188707,-3.111474220642227,-5.798751819753986
57,U,k96_0.1_decay24h,3,U,,,1.0336266617228689,0.09692277691010444,0.9908234936602832,1.0477783424605682,0.16196088681125173,0.956881323942492,-3.1133921595515615,-5.827494458040877
58,U,k96_0.1_decay24h,3,U,,,1.036389631835564,0.09124193016399858,0.998430203007307,1.0741276522032062,0.15524289471831437,0.9581593480696786,-3.082540889438593,-5.811794118747667
59,U,k96_0.1_decay24h,3,U,,,1.0164936826433424,0.10256563231254805,0.9975502276354945,1.0538703134841123,0.1384860073426609,0.9589020632867667,-3.1103500822518373,-5.820769350271516
60,U,k96_0.1_decay24h,3,U,,,1.0175599400342243,0.11500185671583421,1.014224282472372,1.0460808424799237,0.14830331644877356,0.9605292284900679,-3.0959751281557635,-5.7852255635574235
1,I,k96_0.1_decay24h,4,I,0.9959605982079159,0.4766666666666667,1.0044896166916593,0.14474984262876253,1.0231833575594438,0.995829749964192,0.1437987853012205,0.9592035034691302,-3.132413822648917,-5.699364697535951
2,I,k96_0.1_decay24h,4,I,0.9976826114995161,0.48333333333333334,1.007670695429299,0.142768801450214,1.0422616367903244,1.0009908635461222,0.13011752470823956,0.9628766338603699,-3.1532438674617462,-5.674915706069611
3,I,k96_0.1_decay24h,4,I,1.0001307806104258,0.5433333333333333,1.0124156992716768,0.13954162324136912,1.0372039274289846,0.9751740714487562,0.13770583433762704,0.9617558446035145,-3.121678674014721,-5.6807686676674205
4,I,k96_0.1_decay24h,4,I,1.0023684675228177,0.48,1.0195976395097295,0.1569200673051907,1.0437457233372387,1.0126830788601664,0.12313118027331703,0.9595868535801696,-3.063345397648527,-5.682772677716119
5,I,k96_0.1_decay24h,4,I,1.014446526360571,0.49333333333333335,1.0496063998935852,0.1837347133110736,1.0036292062320968,0.9619267862987371,0.13097260624368048,0.9548153298491853,-3.0713908190607597,-5.735765981414529
6,I,k96_0.1_decay24h,4,I,1.0146774944592312,0.49,1.0463415967130614,0.16506728009526753,1.0055873678131704,0.9885321698384354,0.11636219411155646,0.9533779967954138,-3.080524277171229,-5.707381113018749
7,I,k96_0.1_decay24h,4,I,1.0219457966928873,0.5166666666666667,1.0612998392015947,0.16355982757771428,1.031857758268327,0.9617125454825984,0.12222643528129636,0.9577516317856729,-3.0520223064378675,-5.697024741022348
8,I,k96_0.1_decay24h,4,I,1.0182206738979411,0.48,1.052397554507816,0.15693234992325644,1.0206045320877897,0.9682850182594284,0.11384570707715694,0.9553042292823359,-3.0910968947646156,-5.6966141526416685
9,I,k96_0.1_decay24h,4,I,1.0230419015133976,0.5166666666666667,1.0655347480841806,0.17121348112131562,0.9614142726441891,0.9835179510863168,0.11856160615318122,0.9490678494239723,-3.078888472432365,-5.651795461632463
10,I,k96_0.1_decay24h,4,I,1.0275859848168045,0.5433333333333333,1.0767533924062767,0.18104392777976597,0.982982161410164,0.9825412928552385,0.09808777575431817,0.9497012789854716,-3.1181741462905195,-5.662252717104417
11,I,k96_0.1_decay24h,4,I,1.0404206221314025,0.49666666666666665,1.1077986246436626,0.1995507438970472,0.980619123362361,0.9691664077703378,0.1098664095330844,0.9466620011854949,-3.097324740775921,-5.703283444251124
12,I,k96_0.1_decay24h,4,I,1.0563182161181888,0.47333333333333333,1.1431628646007206,0.2041824484132062,0.9795402209848517,0.9957189794834905,0.1159547171706785,0.942711231423401,-3.139805512107405,-5.700058088678856
13,I,k96_0.1_decay24h,4,I,1.0952646822732672,0.49,1.2422078304270505,0.2659918911182245,0.9444430048295245,1.0038108629434768,0.11143053948165095,0.9277723839841868,-3.1309673865865246,-5.710420911880988
14,I,k96_0.1_decay24h,4,I,1.1321292361310555,0.48333333333333334,1.3351668906460434,0.2996744271963687,0.9449672947362774,1.0014265646458922,0.10976387553561502,0.9172304448349827,-3.157866713636691,-5.656655091830735
15,I,k96_0.1_decay24h,4,I,1.1230973590534228,0.47,1.3050933190963867,0.2588196013016445,0.9701014158553498,0.9704520624724133,0.12152994206040844,0.925940808625276,-3.1181513414224074,-5.641219175977655
16,I,k96_0.1_decay24h,4,I,1.1505527845768522,0.5066666666666667,1.3783186376673398,0.2990423854990778,0.9931102425646297,0.9568708197387572,0.0957205076469304,0.9210601193419115,-3.1185919146120558,-5.636126758969913
17,I,k96_0.1_decay24h,4,I,1.1672697494875584,0.5066666666666667,1.4120099740665788,0.27239655437070487,0.9645487677703888,0.9444830113533247,0.12383617092247881,0.9082991246936215,-3.1424945840210468,-5.63444726190919
18,I,k96_0.1_decay24h,4,I,1.172649716125604,0.51,1.422451595161765,0.2590027426847553,0.9820081574198802,0.9564274279869847,0.1157188429589183,0.9214227791589807,-3.1006740683663176,-5.632149762782772
19,I,k96_0.1_decay24h,4,I,1.1837130161712364,0.5233333333333333,1.4533665804820926,0.27835565192907585,0.9518164136402254,0.9683803414121106,0.1375627260503701,0.9045114197950996,-3.175238390320732,-5.698285472579537
20,I,k96_0.1_decay24h,4,I,1.1913410661763861,0.53,1.4782303056800459,0.3027587676755128,0.9691706214015691,0.9783682708493795,0.11679863228165868,0.9048190490242279,-3.1869749648724324,-5.664069495070313
21,I,k96_0.1_decay24h,4,I,1.2091386344120587,0.5066666666666667,1.5189415821744126,0.28619157298510234,0.9161870408690285,0.9764342591997471,0.10947223445926312,0.8871588762496931,-3.1746332819459675,-5.645996586745508
22,I,k96_0.1_decay24h,4,I,1.2148035904440444,0.5333333333333333,1.5371387096081794,0.31193208391275556,0.9404227634946786,0.9619834692668314,0.1150274607950949,0.8863186873323389,-3.1712368840215786,-5.686025182092819
23,I,k96_0.1_decay24h,4,I,1.2231386677359317,0.5133333333333333,1.5521118782598344,0.27851276717651774,0.9599304943013526,0.9952524071254777,0.13399175803533578,0.8913129931380847,-3.2083156300622453,-5.677997351355452
24,I,k96_0.1_decay24h,4,I,1.245487802719921,0.5066666666666667,1.6031489713884006,0.24889836725041847,0.9871611137813966,0.9550874670553736,0.14049577833324703,0.8943370425751194,-3.173025970403104,-5.720344563356177
25,I,k96_0.1_decay24h,4,I,1.2589919679414112,0.52,1.641788172710162,0.26708484705996605,0.975397009209898,0.9638225818279436,0.1292336781107427,0.882723630347596,-3.170239301807153,-5.743683899726605
26,I,k96_0.1_decay24h,4,I,1.2609725265829486,0.5033333333333333,1.6505309961528967,0.2871812959167342,0.9395436932619412,0.9591346731551558,0.1332663169716935,0.8665362371068471,-3.1544355456223125,-5.737788878754576
27,I,k96_0.1_decay24h,4,I,1.2616968672688604,0.5033333333333333,1.651044117098785,0.2784913552682556,0.9243158776685209,0.9387518119362384,0.12708433322969753,0.868918706373917,-3.1324861183526136,-5.749225868059948
28,I,k96_0.1_decay24h,4,I,1.2860814532352145,0.5133333333333333,1.719385855912625,0.3002576768483854,0.8939590203487664,0.9738999539167924,0.1321145175395582,0.8426738794095413,-3.1519179532056127,-5.777835775634356
29,I,k96_0.1_decay24h,4,I,1.3147748359454785,0.48,1.7998758345125967,0.30584825388246395,0.9354499157030436,0.964396607310179,0.1413937867008834,0.8406338207687293,-3.113133722359357,-5.770258445401042
30,I,k96_0.1_decay24h,4,I,1.3174586433458129,0.49,1.8069755813424895,0.3060767174317932,0.9438641886120573,0.9595671735484105,0.14058769872956817,0.8373522027821001,-3.0647247658298116,-5.735042965038919
31,I,k96_0.1_decay24h,4,I,1.3096430278222073,0.46,1.7794577395565796,0.27669060344559737,0.9347532169954038,0.9629052115350206,0.11560916938106082,0.8503005452978694,-3.0585065123484134,-5.759976595391231
32,I,k96_0.1_decay24h,4,I,1.325595556105916,0.48333333333333334,1.8280549863459619,0.2996289688152644,0.8952929545403931,0.992662706616749,0.11565651628659719,0.8242470435845067,-3.0544030640619635,-5.791586783524864
33,I,k96_0.1_decay24h,4,I,1.3339019228743236,0.48333333333333334,1.8519669754184769,0.30132172380005345,0.8915819347146089,0.9877737884587996,0.12828255285649778,0.8165540927704708,-3.0962572312086603,-5.756468439425168
34,I,k96_0.1_decay24h,4,I,1.3311616081846245,0.5233333333333333,1.8378986289803878,0.26840428590016935,0.8890312575747819,1.0223621172505417,0.11527136011471656,0.8272870140648074,-3.0664929716557614,-5.8044111477754665
35,I,k96_0.1_decay24h,4,I,1.3474418753002289,0.47,1.8938404132950168,0.32053444788919433,0.874009115277525,0.993416583279023,0.13414706907787796,0.8005513469669764,-3.077240309422494,-5.781963694829741
36,I,k96_0.1_decay24h,4,I,1.3651141951441006,0.5133333333333333,1.9482076447847894,0.3406113908612482,0.898413180597981,1.013536447851258,0.11581079807452968,0.7966833468422274,-3.092688576263482,-5.767554537918368
37,I,k96_0.1_decay24h,4,I,1.3778392998865705,0.44333333333333336,1.9869265594692127,0.3477009364832931,0.8756011289366612,1.0437804229076195,0.11675584270407992,0.782454999769461,-3.0786081892166197,-5.7865907895513535
38,I,k96_0.1_decay24h,4,I,1.3948826570084927,0.47,2.034133324948738,0.3368867810934996,0.8656777408591811,1.0461994864121975,0.10330416029947552,0.7678228524604823,-3.0304194006803833,-5.7958139637778565
39,I,k96_0.1_decay24h,4,I,1.3858113439373074,0.49,2.0057931524863464,0.3317301436201317,0.8562550334613873,1.0580539122701595,0.09249300542427911,0.7742857571440286,-3.0385325824034317,-5.789261933466466
40,I,k96_0.1_decay24h,4,I,1.408013737070274,0.49,2.071192744947595,0.33117730413213314,0.8533180509788295,1.0364102810057854,0.09776013508752861,0.7562270145164282,-3.061763699779278,-5.7911037486248835
41,I,k96_0.1_decay24h,4,I,1.435005911763213,0.46,2.1505284216936493,0.3190813391942957,0.8833149915163282,1.0601308204574134,0.09327676002419232,0.7486621661133765,-3.0567072539998934,-5.840775520759148
42,I,k96_0.1_decay24h,4,I,1.4362733581635663,0.5466666666666666,2.1510221731464196,0.30481353423568586,0.8884696286569501,1.0636074685475243,0.08065085786007876,0.7558983568808967,-3.002517796497058,-5.854119225782973
43,I,k96_0.1_decay24h,4,I,1.428029191132682,0.49,2.129651700099726,0.31961202551552054,0.8477600151428877,1.056230711961217,0.08950502263837799,0.7354335002898893,-3.0352718647537866,-5.853536021925821
44,I,k96_0.1_decay24h,4,I,1.4165615890793604,0.54,2.095400116052296,0.32049793626784473,0.8443044785884323,1.060078148908994,0.08346626319340254,0.7447383742402782,-3.063307265222711,-5.829062215620344
45,I,k96_0.1_decay24h,4,I,1.412867254319387,0.52,2.088036554720454,0.3364365327400952,0.8447561665256573,1.052235221580945,0.08543377671045466,0.7419914756147684,-3.060815232769735,-5.9115662221768694
46,I,k96_0.1_decay24h,4,I,1.4239369876629966,0.49,2.114663272673907,0.30383660486740954,0.8716521789872961,1.0791797031914663,0.06751654584524588,0.7557380158570776,-3.05688410364524,-5.904629401049857
47,I,k96_0.1_decay24h,4,I,1.4189278229538869,0.5333333333333333,2.102507546214589,0.3171895233917847,0.8849049918730646,1.0477945849988175,0.07091521856492333,0.7567182150313607,-3.053319966507968,-5.9704546530129035
48,I,k96_0.1_decay24h,4,I,1.417110617103584,0.48333333333333334,2.0948077485773307,0.30919083480715215,0.9068013849809415,1.059209464214825,0.08085132659279962,0.7709026362545857,-3.098251827194707,-5.921237871802652
49,I,k96_0.1_decay24h,4,I,1.4300338574196065,0.4866666666666667,2.1326928146721773,0.3041154011866198,0.8853449703712765,1.0594273709200954,0.07656951316161119,0.756605300157994,-3.134693870963954,-5.943835941984061
50,I,k96_0.1_decay24h,4,I,1.4384412698762346,0.4533333333333333,2.1608767007944953,0.31965142390536905,0.8870140586056541,1.082517955890056,0.08100140327369335,0.7490799790302706,-3.157876610114586,-5.960089401149138
51,I,k96_0.1_decay24h,4,I,1.4423269059388064,0.5166666666666667,2.1729440349905933,0.31940021838277444,0.8743795587696688,1.0838064216895016,0.08449116984007553,0.7402149181535115,-3.242603639813329,-5.933775188900684
52,I,k96_0.1_decay24h,4,I,1.4399881135371355,0.5433333333333333,2.166623291997775,0.3206505583208064,0.8982358605190658,1.0646986098379667,0.07918841461528973,0.7519685395257621,-3.2359263082300602,-5.946240236573349
53,I,k96_0.1_decay24h,4,I,1.427728565104535,0.5333333333333333,2.126950896543133,0.3124838915609566,0.8709928672132192,1.0443691755832907,0.08187538426251821,0.7562416325551121,-3.1564058390297203,-5.918687898220093
54,I,k96_0.1_decay24h,4,I,1.4337134227294264,0.4633333333333333,2.1474330885061286,0.3197093520666637,0.8909072444603893,1.0416355454133706,0.0875339576006017,0.7539618417239425,-3.214362990480064,-5.862054178339233
55,I,k96_0.1_decay24h,4,I,1.4294659469218587,0.5233333333333333,2.1301411995554123,0.29936624893096436,0.8740142840192963,1.033888410641798,0.07864071516144724,0.753661779200488,-3.180771524813206,-5.854200243579782
56,I,k96_0.1_decay24h,4,I,1.4311825792729989,0.47,2.1388992330736882,0.31702229135893983,0.8567810601584465,1.0466486467802523,0.08695751054493378,0.7404809360697542,-3.163253982274593,-5.87470246389021
57,I,k96_0.1_decay24h,4,I,1.434094446435477,0.54,2.142076852778178,0.289017785122399,0.8745452318851618,1.0448912609368877,0.0774316920575249,0.7541750939093587,-3.1790159698900657,-5.846545917380865
58,I,k96_0.1_decay24h,4,I,1.4353913294717027,0.5033333333333333,2.147097721356654,0.293061051667061,0.8596230871860094,1.0646685118837627,0.0757657515214229,0.7446921891671863,-3.1560508190082306,-5.867838792398358
59,I,k96_0.1_decay24h,4,I,1.448067536746053,0.49666666666666665,2.186567601671587,0.29935667724689674,0.8672249078502913,1.0726794893587734,0.07137854114013117,0.7400188934683403,-3.1788801246721117,-5.877185497583038
60,I,k96_0.1_decay24h,4,I,1.4484769593874056,0.4866666666666667,2.188586212506458,0.3003576286171975,0.8777122160936583,1.0697646185852867,0.0771571023406329,0.7426634394505505,-3.163117129287376,-5.8958278752166215
1,U,k96_0.1_decay24h,4,U,,,1.0154316069527956,0.15823542770029733,1.0307032304896597,0.9935852655729521,0.16197746752654762,0.9601215487692286,-3.1326104493070286,-5.668759598272219
2,U,k96_0.1_decay24h,4,U,,,1.0178806624950525,0.15939940150286022,1.0248038073879713,0.9811775209027825,0.14641438991317227,0.959632342828218,-3.1195288031181945,-5.6740205212495765
3,U,k96_0.1_decay24h,4,U,,,1.021553161052484,0.15581302446333642,1.017940905475149,0.9995419285650355,0.1263711247864957,0.9584268466087397,-3.130071903752741,-5.697586403050494
4,U,k96_0.1_decay24h,4,U,,,0.9769216855428823,0.16071167178312676,1.0271888647515937,0.9970190974454135,0.1519306104103271,0.9624319461641483,-3.1531676208990063,-5.724710948454834
5,U,k96_0.1_decay24h,4,U,,,0.9807339940578433,0.17131933802631658,1.0347487373103423,0.997710521823883,0.1558698240321608,0.9631737376756121,-3.139309489990915,-5.726340428372849
6,U,k96_0.1_decay24h,4,U,,,0.967323512221606,0.13313322048985304,1.0189188777661227,0.9685137599102435,0.1372163415837101,0.9634055069674748,-3.1609869114443883,-5.768470536847208
7,U,k96_0.1_decay24h,4,U,,,0.9363862103556502,0.12999753402947478,1.0424974074503004,0.9808543767443291,0.13308757234991586,0.9674356818164336,-3.1078670414963243,-5.724640465503844
8,U,k96_0.1_decay24h,4,U,,,0.9150117180626328,0.10922106467633005,1.021942686659851,0.9610388942394968,0.1432412524263854,0.9686850981364338,-3.1458560830955986,-5.693637567431288
9,U,k96_0.1_decay24h,4,U,,,0.9057132288431912,0.11285499694044776,1.0243307596475797,0.9971264863582352,0.10678282911380028,0.9676114576133269,-3.122640401664232,-5.680326470147499
10,U,k96_0.1_decay24h,4,U,,,0.9175685323682177,0.12416541566773913,0.9905617799030563,0.9707875129855094,0.12123199707570896,0.9622494979210061,-3.1136448495845586,-5.688668325770584
11,U,k96_0.1_decay24h,4,U,,,0.9023974098377939,0.10345999692285396,0.9740528272501768,0.9638858387324567,0.12610662048623908,0.9625599194025428,-3.0801737688619757,-5.697758327020811
12,U,k96_0.1_decay24h,4,U,,,0.8953214988834073,0.09326170983762412,0.9911235720574177,0.957259878236892,0.10375814856358362,0.9658291656854723,-3.1775105750705412,-5.675792671431711
13,U,k96_0.1_decay24h,4,U,,,0.8898763295683485,0.0890777280439075,0.9974421466209533,0.9588834877236707,0.11164011906396817,0.966919382288196,-3.160449276130167,-5.677696358975924
14,U,k96_0.1_decay24h,4,U,,,0.8826196573654169,0.08442982146412016,0.9724812357091226,0.9826835889230671,0.10823075696915702,0.9655686393080185,-3.1598975084425445,-5.664528244445759
15,U,k96_0.1_decay24h,4,U,,,0.8785264293534036,0.07683912282727651,0.9524601972028006,0.9813537466526602,0.10912260825347331,0.9620517668050999,-3.130254665957947,-5.660683957305891
16,U,k96_0.1_decay24h,4,U,,,0.8837528654925768,0.08718168342235304,0.9488231430275785,0.9784597640333529,0.11885067105683556,0.9618912949435305,-3.1226886519012407,-5.668934192359729
17,U,k96_0.1_decay24h,4,U,,,0.8922410097241986,0.09347612041869696,0.9421253996211253,0.9747518206565561,0.10242307706204683,0.9604720642606992,-3.131533443818179,-5.682561238689653
18,U,k96_0.1_decay24h,4,U,,,0.8977321828904646,0.09442547979696989,0.9349196724409,0.982227619516376,0.09959840896798094,0.9580615554676819,-3.140994113260964,-5.641696774086502
19,U,k96_0.1_decay24h,4,U,,,0.8897664489574825,0.09282686728434285,0.9482985697123718,0.9863019168567342,0.1144351069716612,0.9617507210608517,-3.1764273920648276,-5.679840339244814
20,U,k96_0.1_decay24h,4,U,,,0.8803368824630947,0.09753607377138308,0.9350085429823023,0.9790336063876055,0.10163501212126497,0.9588135839974437,-3.1902697052997473,-5.6904790621470545
21,U,k96_0.1_decay24h,4,U,,,0.8739443293854663,0.09411054961087513,0.9252164020634528,0.97680320263247,0.10865118619935574,0.9592100670164636,-3.203581018830423,-5.699911465512395
22,U,k96_0.1_decay24h,4,U,,,0.8893202826947887,0.11131782173300671,0.9100756477473622,0.9876163808617163,0.10415645189274772,0.9550292587782834,-3.2361894220532297,-5.6812133424752895
23,U,k96_0.1_decay24h,4,U,,,0.8810909401888309,0.1031828890629206,0.9045150106444475,0.971226013672848,0.08609882410772443,0.955761601418731,-3.241489503844813,-5.668530453908379
24,U,k96_0.1_decay24h,4,U,,,0.8919408626753377,0.10730436292097839,0.9294555948586022,0.9820633317731104,0.10228074362352507,0.9582203477020949,-3.242524867612391,-5.67210518958942
25,U,k96_0.1_decay24h,4,U,,,0.8990317712114018,0.10893637908405157,0.9293527067762895,0.9740662210050448,0.10807464550289035,0.9566856358160827,-3.2976344684960206,-5.691391535265946
26,U,k96_0.1_decay24h,4,U,,,0.9061056620481245,0.11338969311479398,0.8992881051607934,0.9881952368474061,0.11335922785487734,0.9521940176872914,-3.300217819190164,-5.686706512134602
27,U,k96_0.1_decay24h,4,U,,,0.9077451472935056,0.11157814020985887,0.8663118988176228,0.984300664388677,0.12750562800044243,0.9484340398888271,-3.3230753771133075,-5.677849733136406
28,U,k96_0.1_decay24h,4,U,,,0.8989733652199825,0.11594952428051299,0.8669714586729624,0.9790569777506258,0.12259121905967017,0.9489897043097386,-3.334240200897132,-5.701716571542726
29,U,k96_0.1_decay24h,4,U,,,0.8953456195082377,0.11641516057609963,0.8666367278113846,0.9891382412067302,0.10930234087860013,0.9480319469914779,-3.271256304886597,-5.702162072360978
30,U,k96_0.1_decay24h,4,U,,,0.8821542700009088,0.10221956784234572,0.850260025516971,0.9815397528156999,0.11720451410362481,0.9469118579297741,-3.289026440319455,-5.701711925941782
31,U,k96_0.1_decay24h,4,U,,,0.8844790843690051,0.10839942638826815,0.8698233051371005,0.9876425122050508,0.11862305060298665,0.9502804362448379,-3.2963993635896722,-5.6976623494563805
32,U,k96_0.1_decay24h,4,U,,,0.8767310548218681,0.09516171732840396,0.8721922674688506,0.9828726469823201,0.11956565614011773,0.9520174840290458,-3.284904243277418,-5.660877357209179
33,U,k96_0.1_decay24h,4,U,,,0.8812453855890718,0.09926406719804458,0.8831839191392593,0.9958654532099911,0.10112016965456723,0.9529605649926998,-3.3206343446432753,-5.649981050580012
34,U,k96_0.1_decay24h,4,U,,,0.8772577800363383,0.09159515881065824,0.8726865106193922,0.992897992269601,0.1266728762791987,0.9520818258275587,-3.3556684674097954,-5.653377835848007
35,U,k96_0.1_decay24h,4,U,,,0.8700196337594014,0.08934681572705677,0.8811085875422089,0.9920335967323354,0.10636782799800767,0.9533154572706946,-3.318550371811728,-5.675408352509615
36,U,k96_0.1_decay24h,4,U,,,0.8719437535927503,0.08736893882331016,0.8776764624065003,0.9961990178176044,0.10935880846659603,0.952791392459017,-3.308148944325191,-5.676776888466749
37,U,k96_0.1_decay24h,4,U,,,0.8710648159274705,0.08933417700746295,0.874734755704008,0.9977511040964525,0.0961237778975758,0.952500994387868,-3.331803000890563,-5.661409520578505
38,U,k96_0.1_decay24h,4,U,,,0.8679997345153845,0.09821176480423115,0.8852446588917756,1.0034977577221538,0.11016572446505833,0.9534297660768325,-3.3288566231433503,-5.659510883780939
39,U,k96_0.1_decay24h,4,U,,,0.8902130888430918,0.09664395149781393,0.8770455270480716,0.9995035510825285,0.1132002194763962,0.9529579481340761,-3.3567906039340065,-5.609971061280815
40,U,k96_0.1_decay24h,4,U,,,0.9017921219884328,0.09066336797469166,0.8788500119059409,1.0148918764724064,0.11780085879754952,0.9511157362132061,-3.34074945654881,-5.630468426764431
41,U,k96_0.1_decay24h,4,U,,,0.8954747331560475,0.08903799259923009,0.8883344219977022,1.035133599258336,0.118016343803427,0.9527509586597497,-3.402412629005111,-5.636202275175123
42,U,k96_0.1_decay24h,4,U,,,0.8994221799944782,0.08943251849806054,0.8908846764064314,1.0198037286581494,0.12152292639305695,0.9523081670926659,-3.363419380761519,-5.6404479709949475
43,U,k96_0.1_decay24h,4,U,,,0.9005210561082564,0.0948845116880468,0.8764744331861929,1.0003003469840397,0.1295954704142614,0.9511811385553297,-3.3705819547688303,-5.646577238015641
44,U,k96_0.1_decay24h,4,U,,,0.9089135724354381,0.10164466928884598,0.8685945490813906,0.9939142778697222,0.12265398308918382,0.9482340232063412,-3.37663641004171,-5.656205584069943
45,U,k96_0.1_decay24h,4,U,,,0.905157376519943,0.0959723144225616,0.8768630144518359,0.984787449966941,0.12126316415802431,0.9519603152568936,-3.3709940995979886,-5.674599860727867
46,U,k96_0.1_decay24h,4,U,,,0.905535568752961,0.10149199530236504,0.8799554098638638,0.9871034239309152,0.12178198103464077,0.9507219549773565,-3.34565020329662,-5.714252476135912
47,U,k96_0.1_decay24h,4,U,,,0.9144238330093574,0.11461971194707271,0.8608273629538606,0.9873154047528651,0.11267330169382885,0.9472634706177422,-3.331136752676426,-5.719837049168982
48,U,k96_0.1_decay24h,4,U,,,0.9029956287015307,0.12064828476711541,0.8708557550474235,0.9783874641475694,0.1254179695276334,0.9495508266902012,-3.3272595067589736,-5.739583632099218
49,U,k96_0.1_decay24h,4,U,,,0.8911689090091764,0.10746411302163951,0.8791800576555248,0.9661027921202346,0.12104254102896335,0.9524124491404615,-3.328976812871431,-5.7159724361269175
50,U,k96_0.1_decay24h,4,U,,,0.8932343844769428,0.1120015818686468,0.8925833747428461,0.9328036845462219,0.1313569863503351,0.954136278370079,-3.3174580573703483,-5.740389887378466
51,U,k96_0.1_decay24h,4,U,,,0.9085383298115592,0.1245100034012265,0.8836082219547863,0.9439840927400535,0.11414905230383375,0.9509693156247495,-3.291724256155948,-5.727937955928696
52,U,k96_0.1_decay24h,4,U,,,0.9144145373080911,0.12860952825834326,0.8668697336041333,0.9507875741385279,0.12418966996543895,0.9453526337072594,-3.2841546920044995,-5.731284693955913
53,U,k96_0.1_decay24h,4,U,,,0.9153843420013944,0.12490818312291133,0.8937703078425879,0.9420255483348565,0.11442088905748367,0.9509999242105974,-3.263000647072768,-5.7303110170803855
54,U,k96_0.1_decay24h,4,U,,,0.929983145730145,0.13254665619832115,0.8894155592278215,0.9361102397109221,0.1033787378835522,0.9478106326521059,-3.3046400669346956,-5.731622394979708
55,U,k96_0.1_decay24h,4,U,,,0.9383171250380603,0.12605294142869958,0.9045683077336905,0.930254685864293,0.11855265621331755,0.9519809072792714,-3.3149880145635717,-5.703310814056866
56,U,k96_0.1_decay24h,4,U,,,0.938041433062348,0.12938550180551922,0.8995314261744844,0.9333601410549494,0.11716707954102952,0.9503565549830965,-3.3544264224929643,-5.726972713632312
57,U,k96_0.1_decay24h,4,U,,,0.9528272179016778,0.14128914749674046,0.8968161053613266,0.9442774246390561,0.1175704234988981,0.9491725588622774,-3.3400378668346065,-5.7174170452330575
58,U,k96_0.1_decay24h,4,U,,,0.9318808722994579,0.13498941888746302,0.8972798054548579,0.943078625680472,0.11687755574945326,0.9497311197389832,-3.3342650048805886,-5.725987652692949
59,U,k96_0.1_decay24h,4,U,,,0.9294432585451963,0.1268264776218402,0.8978393338868652,0.9388804125754833,0.11567072428373137,0.950473772584038,-3.325389955223605,-5.705809995072221
60,U,k96_0.1_decay24h,4,U,,,0.9232948177790706,0.1298052234556969,0.9074759554927745,0.9040818178022422,0.13419823498407235,0.9530855388120919,-3.3197704878385266,-5.695846229146616
1,I,k96_0.3_flat,1,I,1.0016954287521271,0.43333333333333335,1.017767635855572,0.1538539512803152,1.0336935760516943,0.9979059258452371,0.1640794313107465,0.30736060787327585,-3.096254091956352,-5.676039617954071
2,I,k96_0.3_flat,1,I,1.0287246902199318,0.5066666666666667,1.0834449656306893,0.20784971476569236,1.013765977381667,0.9732253428663804,0.1522243047103884,0.3022118939392963,-3.1157589379724437,-5.671680670914165
3,I,k96_0.3_flat,1,I,1.0241151417484011,0.5133333333333333,1.070247575253729,0.18704985591697354,1.0073593076630845,1.0004990908411537,0.15647200992064467,0.3005440788421622,-3.135624852249872,-5.687858696037957
4,I,k96_0.3_flat,1,I,1.0397652990148623,0.5233333333333333,1.1049186971947142,0.19877313481243072,1.0395248875504308,0.9594039799969439,0.15619997530916946,0.30859994917990796,-3.1221655185192687,-5.654947758586737
5,I,k96_0.3_flat,1,I,1.0492892399356086,0.49333333333333335,1.129114119959695,0.21521032866895085,1.0298031691132326,0.9826820192670448,0.14718379640279314,0.30640388346298747,-3.121310493501409,-5.656714164725714
6,I,k96_0.3_flat,1,I,1.0647734627731529,0.42333333333333334,1.1615666377660139,0.21063823823335281,1.0851404759817695,0.9455021771060311,0.1721279488669817,0.32003561793134055,-3.174859796460105,-5.63365633410093
7,I,k96_0.3_flat,1,I,1.071283311306492,0.5266666666666666,1.1745629246636697,0.20109066162896588,1.0607223732593363,0.9904211531003343,0.1671151466729054,0.3139848769873572,-3.179045171210264,-5.6708423571227256
8,I,k96_0.3_flat,1,I,1.0778801871746961,0.5066666666666667,1.192171541941098,0.21349689224727367,1.0327599717195395,1.006655287715679,0.17059264036629795,0.30738104155784357,-3.174502658752706,-5.6275424225256545
9,I,k96_0.3_flat,1,I,1.1013538980988542,0.5233333333333333,1.2496258968588017,0.233411441912053,1.0603064640791067,0.9935043247945384,0.16309804870073638,0.31425241587997776,-3.1849786124692656,-5.660609928128481
10,I,k96_0.3_flat,1,I,1.1100111626983673,0.48333333333333334,1.2696708281328555,0.23797828512142935,1.0333174342806004,0.998031357251986,0.1480667806708239,0.30760083890034595,-3.129505351598694,-5.649441045179427
11,I,k96_0.3_flat,1,I,1.1111172971042185,0.5533333333333333,1.270343396173895,0.23039534127556235,1.0022251834446727,1.0213922658267287,0.15665405549602457,0.29983004907265853,-3.135534856338669,-5.653157964174378
12,I,k96_0.3_flat,1,I,1.1192252256750879,0.5,1.2915473134347388,0.23919966097284376,1.0494904323507486,1.0049838782347722,0.16772791861967895,0.31148717478299714,-3.1479714476834872,-5.6852318439385074
13,I,k96_0.3_flat,1,I,1.123888431237536,0.48,1.2954844267504089,0.207313087589586,1.0268009331701353,1.0220547140064733,0.14727246978071265,0.3059569241246244,-3.1583188987374324,-5.6648414278573345
14,I,k96_0.3_flat,1,I,1.1198747299167742,0.5266666666666666,1.2928286007614496,0.24247984706436512,1.022154191501149,1.0366701493796024,0.1411388187328081,0.30485476971261843,-3.1639271055193796,-5.636129821102561
15,I,k96_0.3_flat,1,I,1.1435882774626658,0.5366666666666666,1.3497807498300944,0.24848286535380815,1.0058872527946652,1.014603544705234,0.15272201056857435,0.30087127096263816,-3.1868327981207814,-5.626482875947925
16,I,k96_0.3_flat,1,I,1.160699711858933,0.48333333333333334,1.393729308401881,0.2585646519629997,0.9999266435480028,1.0223664653352784,0.11875544421800362,0.29945054798642695,-3.209899369791589,-5.6311487567505365
17,I,k96_0.3_flat,1,I,1.161407431850027,0.51,1.3951700905989295,0.25887975391912044,0.9855394519726932,1.0007028313362138,0.12288762251443963,0.2958150147344213,-3.2179349364877265,-5.636271532613581
18,I,k96_0.3_flat,1,I,1.177963530599104,0.51,1.4413913477682214,0.2862536662767036,0.9817990168367797,1.0045114073137116,0.1345012852765237,0.2950893964919357,-3.1899649821277483,-5.638198101754268
19,I,k96_0.3_flat,1,I,1.2099828606217842,0.47333333333333333,1.523726257484773,0.30154077825027026,0.9781232852659053,0.978601785005159,0.15459891882455035,0.2940885969133359,-3.159150502975348,-5.657735713231106
20,I,k96_0.3_flat,1,I,1.2216646230254404,0.5,1.55082190593039,0.2901535914110219,0.9749677262607979,0.9786711464659409,0.1504825781833872,0.2933173188639541,-3.151112875327536,-5.634602214013918
21,I,k96_0.3_flat,1,I,1.2425854506333378,0.5433333333333333,1.606557295848649,0.3030288263777874,0.9780377519260977,0.9615824181731573,0.13439455596351987,0.2940589666299911,-3.1499084409110045,-5.690764596989755
22,I,k96_0.3_flat,1,I,1.2466056549510471,0.42333333333333334,1.611846021038367,0.27754833972266074,0.958132570421226,0.9391115442875819,0.1659594405486527,0.2889931044787541,-3.1465073997897584,-5.644983987634549
23,I,k96_0.3_flat,1,I,1.2626245928906044,0.53,1.6548477069291563,0.282518126207004,0.9564675105231906,0.9770648178791911,0.13469565861340838,0.2885402243154759,-3.127184526581603,-5.643031035927696
24,I,k96_0.3_flat,1,I,1.2864102756569384,0.5366666666666666,1.7176036252738216,0.27862937275571104,0.9369123929443901,0.9847910085465799,0.12180125702401044,0.2835844665222486,-3.1539885370379803,-5.665949751964689
25,I,k96_0.3_flat,1,I,1.2801769281059077,0.48333333333333334,1.7046946540092667,0.29548944932648596,0.9192722475697661,0.967910926378378,0.12349869296408914,0.279187447690095,-3.141782165060963,-5.650701342867687
26,I,k96_0.3_flat,1,I,1.2686637836572023,0.5166666666666667,1.6728806757335768,0.29580026921143643,0.9200731298560463,0.9496180904910609,0.14069661567108305,0.27930800642661924,-3.168601706826667,-5.643033820902838
27,I,k96_0.3_flat,1,I,1.2715965576465358,0.5266666666666666,1.6805345198229527,0.29106391440274365,0.9085945615242054,0.9475177556588422,0.16102911719875457,0.2763831998349092,-3.1678299043935123,-5.633348354405892
28,I,k96_0.3_flat,1,I,1.2773000837541453,0.51,1.694068224932156,0.2861746388886572,0.9341649740158487,0.9401451526624672,0.14357690242660484,0.28292954376413604,-3.186888131579226,-5.644298160766908
29,I,k96_0.3_flat,1,I,1.2870512578802555,0.55,1.7243808991916338,0.30288458356524384,0.9209095607122191,0.924754854795205,0.14826009617391966,0.27962233811656084,-3.241446106525879,-5.654115076748933
30,I,k96_0.3_flat,1,I,1.2944173769556784,0.5033333333333333,1.7458499604880904,0.3088234018979605,0.9289277779432198,0.9214253568205841,0.15492962728257156,0.2817108499850331,-3.2484626740591556,-5.62199638307338
31,I,k96_0.3_flat,1,I,1.298613923693004,0.51,1.7490610647426925,0.2724719104590496,0.9399727828015064,0.9686006102862134,0.13595967268751813,0.28442477874920136,-3.2713896913251417,-5.685835446387574
32,I,k96_0.3_flat,1,I,1.2994827070100246,0.53,1.7525227202276688,0.2788667736629369,0.9198618153958048,0.9487746724983431,0.14830775777461827,0.2793172436742199,-3.2915527490680265,-5.654475894706913
33,I,k96_0.3_flat,1,I,1.305971878169431,0.51,1.7750002894779542,0.3014246407513774,0.9314410360339093,0.9562485057982621,0.16382616478311568,0.2822731306334581,-3.2801246520488134,-5.67497346139404
34,I,k96_0.3_flat,1,I,1.3302888571364162,0.46,1.8502725797651138,0.3422432120988879,0.9157298914732716,0.9653986684633393,0.14626624747632933,0.27821517481250413,-3.2834518521506206,-5.662980598826407
35,I,k96_0.3_flat,1,I,1.3706998131584216,0.5533333333333333,1.963328447052526,0.3393070756308728,0.9515772452793795,0.9735508182208089,0.14525251027935684,0.2871951826168244,-3.3299712848851115,-5.702033402736861
36,I,k96_0.3_flat,1,I,1.352738275344272,0.4766666666666667,1.9204018023274603,0.3723069429269369,0.9401649842982912,0.9572717544633327,0.15174827067131813,0.28452916856257915,-3.3225921383717627,-5.7232912180369855
37,I,k96_0.3_flat,1,I,1.345874014325952,0.4666666666666667,1.902821284840035,0.38727558733760764,0.9351569067055823,1.0210169278857608,0.14316399175448075,0.2831674619161267,-3.2994603319358946,-5.70935888960435
38,I,k96_0.3_flat,1,I,1.363996366133275,0.5633333333333334,1.9534798084594391,0.38196248644332437,0.9421504017477617,0.957924480286852,0.1359107525963209,0.28491521647326606,-3.2466062298303098,-5.726149362000386
39,I,k96_0.3_flat,1,I,1.3569446487904393,0.5533333333333333,1.9284870624303911,0.36130745388211233,0.928028458403813,1.0029792409881138,0.14965019588938583,0.2812248860833833,-3.2593941588847497,-5.748541311203098
40,I,k96_0.3_flat,1,I,1.3877425867778288,0.52,2.0231924985448457,0.38902731038340016,0.9335673766803162,0.9918493013203189,0.13499410262335634,0.2826081942758633,-3.281863067984685,-5.765715157079987
41,I,k96_0.3_flat,1,I,1.3940248884451383,0.4533333333333333,2.042047334049332,0.3842509206721746,0.9335119043397344,1.0411835707816182,0.13067098004678912,0.2825447842337838,-3.255681621213969,-5.787296620240707
42,I,k96_0.3_flat,1,I,1.4110320868874033,0.51,2.096627919940801,0.4098294672532768,0.9516459088354243,1.0203111916878425,0.13186306562968736,0.28717712021954456,-3.307854089444073,-5.784876770642414
43,I,k96_0.3_flat,1,I,1.4474324368214186,0.5133333333333333,2.2110411666490752,0.4332209702221808,0.9041298752817253,1.0499129832687588,0.11345812311318773,0.2748643175713684,-3.3451111283812103,-5.779719400963078
44,I,k96_0.3_flat,1,I,1.4528890950113662,0.51,2.223601825771883,0.4126628042492935,0.905187639361839,1.044025970061537,0.15247565502435723,0.27504665017539914,-3.3380443834437177,-5.810952972589286
45,I,k96_0.3_flat,1,I,1.4815917889720003,0.5133333333333333,2.3136854763288146,0.4229024757485496,0.8807799789204396,1.0349202444787955,0.11486720374395508,0.26866294187909356,-3.342861284962668,-5.783280122187914
46,I,k96_0.3_flat,1,I,1.4862189552422262,0.4633333333333333,2.3402448333491597,0.47449886610000314,0.906857374499443,1.0203218398622365,0.12101516855961547,0.2755851197861233,-3.3675030255656226,-5.782037174183542
47,I,k96_0.3_flat,1,I,1.4923303006452742,0.5,2.3504624831590744,0.43445065314902304,0.8875485334464821,1.0085305509581133,0.13330521755337751,0.27064971541735855,-3.3448633643279453,-5.794897598588687
48,I,k96_0.3_flat,1,I,1.5081612363870132,0.4766666666666667,2.3988289728149432,0.42820177049743147,0.8938465079937218,1.0294002008317897,0.1357724556133306,0.272253972486579,-3.3594435308001547,-5.7625315627655
49,I,k96_0.3_flat,1,I,1.5166954351090836,0.5133333333333333,2.442468283123605,0.5016040731882059,0.893584314232033,1.0519404789049407,0.13523761719878702,0.2721133480840954,-3.3976986520220507,-5.772182721336177
50,I,k96_0.3_flat,1,I,1.5235167274981962,0.5,2.4554410277865837,0.46648574750590327,0.8717042799503444,1.0324588827847785,0.15727783159280562,0.2664201965670936,-3.388972645278245,-5.785599302299826
51,I,k96_0.3_flat,1,I,1.5084139939908272,0.47,2.402560392507412,0.44303623320281993,0.8167993720027198,1.0280786828901478,0.14268774699784487,0.2519782642627747,-3.392215134522033,-5.836448181399286
52,I,k96_0.3_flat,1,I,1.5363918655198339,0.5333333333333333,2.499686059465064,0.47114922357731254,0.8118269419603624,1.039197194983314,0.14608600372472896,0.2506483318939967,-3.396554777095569,-5.8584551283367166
53,I,k96_0.3_flat,1,I,1.5149334021193177,0.5033333333333333,2.422996428600649,0.43032064755322325,0.7995727211066478,1.0018675646361161,0.12998878326644067,0.2472635638961624,-3.368090940438447,-5.887498994286793
54,I,k96_0.3_flat,1,I,1.5443405073781753,0.5133333333333333,2.5354601799666003,0.5113472801431036,0.8076657818999787,1.010647560605662,0.1374716777756045,0.2494689097933104,-3.344808985094521,-5.884815373697927
55,I,k96_0.3_flat,1,I,1.592013742183945,0.47,2.697723956988445,0.5294589372870288,0.8495196770593685,0.9820801028379155,0.13570215449064774,0.26033840488788784,-3.405840035492028,-5.885029101544828
56,I,k96_0.3_flat,1,I,1.6157354278127642,0.49333333333333335,2.7819499452647003,0.552223253341359,0.8729893360037561,0.9729224394762358,0.13702713873334965,0.26665383105976426,-3.379555905105681,-5.879955144347238
57,I,k96_0.3_flat,1,I,1.6274941465350707,0.47,2.8123097115785267,0.5023694265983968,0.8330665732529324,0.9509052942560203,0.12552079529484872,0.25633515280956565,-3.3977618051702696,-5.88818706738749
58,I,k96_0.3_flat,1,I,1.615697606219266,0.4766666666666667,2.7719581320404,0.5004535757623604,0.8791575714625689,0.9621485828626045,0.13828370785749777,0.2683246109023228,-3.3940710408536936,-5.883403521080084
59,I,k96_0.3_flat,1,I,1.6284981507018408,0.49333333333333335,2.814172872369021,0.4948126407018517,0.8682829880423166,0.9785992221966143,0.14239348746128758,0.26547562096693905,-3.4227722210359843,-5.916886302354543
60,I,k96_0.3_flat,1,I,1.630992637999553,0.47,2.819817562860915,0.4800930555126654,0.8510356661264665,0.9458983195463454,0.13561111063530476,0.26090330074075824,-3.4321080974009903,-5.945429004408454
1,U,k96_0.3_flat,1,U,,,1.0146746494564676,0.1504990101106262,1.019287124887966,0.9923846801997382,0.15860729275748153,0.30367147030909375,-3.103293900532142,-5.7029017903342085
2,U,k96_0.3_flat,1,U,,,1.008636288220685,0.15564544327635524,1.023391758861075,1.0227078324468684,0.15257817345304,0.3048103925503338,-3.123658977573203,-5.6787143397149995
3,U,k96_0.3_flat,1,U,,,1.0365023945608185,0.1623802142936018,1.0015575948323956,1.0182284793853726,0.1671351724294392,0.2994310744619253,-3.1054331208226786,-5.69596726437288
4,U,k96_0.3_flat,1,U,,,1.033419805043772,0.16200836472218233,1.0019344898391151,1.0394044232597472,0.13605550368567068,0.2995134388531428,-3.0815317689119297,-5.665383741004869
5,U,k96_0.3_flat,1,U,,,1.071955143495057,0.18450046809719717,1.038323071264965,1.0325652511642587,0.14103132884321412,0.3083991487165304,-3.083714991870277,-5.687688779468699
6,U,k96_0.3_flat,1,U,,,1.058764385167644,0.17729349262178515,1.0527939504568153,1.0077495533320426,0.13572791233195688,0.3120134076202455,-3.0929659917952947,-5.736594748118579
7,U,k96_0.3_flat,1,U,,,1.083850003903444,0.18860839818477335,1.0447528793411702,0.981869355624601,0.13375485456624644,0.3098512992186871,-3.0848624664834863,-5.726035989150272
8,U,k96_0.3_flat,1,U,,,1.1030227140480022,0.1894124607335966,1.0608782520911917,0.9743528053286862,0.13141661329438417,0.31361834543264017,-3.0867361792068304,-5.716614896394237
9,U,k96_0.3_flat,1,U,,,1.0901518658206768,0.17184266571256437,1.0554613851159016,1.0038018047252895,0.135891818040881,0.3125796705041196,-3.1429274407459213,-5.749207281416115
10,U,k96_0.3_flat,1,U,,,1.1373238289705982,0.1822622988198756,1.0480539929643689,0.9778627158883656,0.15649699239715942,0.31087454012399934,-3.1310537089968236,-5.741275138232846
11,U,k96_0.3_flat,1,U,,,1.133302561208242,0.18647374153455876,1.0651973295471153,0.9943254603020771,0.14435755755299182,0.31466637797144237,-3.124843894395679,-5.755005406816015
12,U,k96_0.3_flat,1,U,,,1.1232366602600026,0.1784195738035173,1.062929978310169,1.0089905004870259,0.14100355761556685,0.31441794484672786,-3.1206859572178676,-5.758443063416629
13,U,k96_0.3_flat,1,U,,,1.1398049953622236,0.18741165569889934,1.0776716536688777,1.0119651865264354,0.15658844947197098,0.3178888851784564,-3.12129333366782,-5.716575220285887
14,U,k96_0.3_flat,1,U,,,1.1637313295003053,0.19460059438734004,1.0471420867336925,1.0156192393350774,0.1305826487841796,0.31070976737565464,-3.14342090448705,-5.743905881833594
15,U,k96_0.3_flat,1,U,,,1.1705735030607178,0.18891468153081142,1.0799295293611988,1.0236965769771529,0.1348904408101252,0.3182358339270408,-3.176706393289236,-5.74445148105171
16,U,k96_0.3_flat,1,U,,,1.1835906153869704,0.19114065993721444,1.0575620496513942,1.0222588650153208,0.12500837750444638,0.3128812354273369,-3.1676773603812967,-5.739410914343833
17,U,k96_0.3_flat,1,U,,,1.1912347798652478,0.19911572336990183,1.0878397767629489,1.0377092633067035,0.10208778107331318,0.3204168749982445,-3.1929140358728874,-5.735217287092938
18,U,k96_0.3_flat,1,U,,,1.206116444031324,0.21708791999231195,1.1055882609069625,1.021424473349941,0.12491822816673033,0.3247819260589874,-3.181143881032498,-5.748460238071193
19,U,k96_0.3_flat,1,U,,,1.1980148665290067,0.18942784564054876,1.081497625136142,1.0188433790141103,0.1224262032410285,0.3190358155516868,-3.203734575833863,-5.743823549203268
20,U,k96_0.3_flat,1,U,,,1.2136052373541428,0.20733447269467883,1.111082990642078,1.040831607728815,0.1273936878619128,0.3262335973063651,-3.2178726348792166,-5.758854172029407
21,U,k96_0.3_flat,1,U,,,1.2103139841654298,0.17795831394394418,1.0801368697474985,1.0387882519063143,0.12110958526449696,0.31858257987982824,-3.211140438872748,-5.752798078934038
22,U,k96_0.3_flat,1,U,,,1.221676983385114,0.17048628424632153,1.086611450927276,1.0576939852419174,0.12285508131784431,0.32033109263215065,-3.1906581827760436,-5.753992287072562
23,U,k96_0.3_flat,1,U,,,1.211848905591989,0.19665623633539844,1.102118537434446,1.0628884538564662,0.13829828094957589,0.3240899600249968,-3.2037726744520274,-5.718099966883615
24,U,k96_0.3_flat,1,U,,,1.20536340314909,0.19763942935452442,1.0706147568442743,1.0339511767078178,0.14123588466823073,0.31609181499751327,-3.2379728713633678,-5.750691278841488
25,U,k96_0.3_flat,1,U,,,1.2063606945541514,0.189742595900203,1.0741271897302231,1.064061975977168,0.12347629711830059,0.31714496290392646,-3.2492594959311645,-5.72141599270162
26,U,k96_0.3_flat,1,U,,,1.2235595735449052,0.20156801686927475,1.0554039164190927,1.0737502547398732,0.11943405204800307,0.31247519776975147,-3.2163082048802534,-5.789229239816748
27,U,k96_0.3_flat,1,U,,,1.1989445934292657,0.18706643450515528,1.0571274407069005,1.0959627803832874,0.11039124915156241,0.31294674769549524,-3.2174326512961247,-5.740564307104097
28,U,k96_0.3_flat,1,U,,,1.1873941435864848,0.18597943294764901,1.1030394597192392,1.0933133606378642,0.11811972860203919,0.32405694153214454,-3.207738482787962,-5.749621335014826
29,U,k96_0.3_flat,1,U,,,1.2161446329045027,0.19786495426081213,1.0990015674614328,1.1040114521685125,0.10664118877806139,0.32308282331101085,-3.216321407390747,-5.749480103672524
30,U,k96_0.3_flat,1,U,,,1.2201056744154324,0.20745832698737834,1.1109633106500265,1.0752456101291359,0.10964666297088968,0.3259275651745362,-3.2164297150454777,-5.75256277294269
31,U,k96_0.3_flat,1,U,,,1.2100318981232738,0.18888846137992713,1.1288768884413927,1.1015082343015972,0.1207456252394771,0.3302149216927172,-3.195490876782399,-5.769742385019602
32,U,k96_0.3_flat,1,U,,,1.1992188213317128,0.17283567860629376,1.1373799269618818,1.0821035570202646,0.11535325811123272,0.33228881969818624,-3.166998056196652,-5.76186277521123
33,U,k96_0.3_flat,1,U,,,1.2208084056973696,0.18402581714108515,1.124000307512904,1.0659262618903147,0.10133783786963128,0.32940138541403197,-3.1943774163950884,-5.770912946430565
34,U,k96_0.3_flat,1,U,,,1.1966515735723007,0.19076037192197834,1.1456505817212128,1.0536238903503576,0.10861164546223989,0.3347045198121074,-3.189660734078519,-5.7788736101908516
35,U,k96_0.3_flat,1,U,,,1.192442707803988,0.17359935059844112,1.1264646024882665,1.0952069429052922,0.08620326094254661,0.32994362335034283,-3.16189858221617,-5.753536642451142
36,U,k96_0.3_flat,1,U,,,1.1860837418142127,0.18439984320119845,1.1142434637520822,1.0679783163453185,0.10090694816580417,0.32714313667306233,-3.1555138972726087,-5.743459795221697
37,U,k96_0.3_flat,1,U,,,1.2228613002382456,0.19226218615951415,1.1194315022930368,1.0914201338592886,0.08489830876229466,0.3282031327547575,-3.126890320963321,-5.746382918131529
38,U,k96_0.3_flat,1,U,,,1.2062017060136165,0.1853396993703165,1.098125058011186,1.08500831218687,0.09558547346066447,0.32316391997656685,-3.1422842890631055,-5.737381233953731
39,U,k96_0.3_flat,1,U,,,1.1981722242484083,0.18890143069174345,1.0990823155923957,1.0774479030568476,0.09065419053476825,0.32302044631580723,-3.130789952295758,-5.748548421247967
40,U,k96_0.3_flat,1,U,,,1.1897291700143915,0.18252288037763864,1.1498408343311617,1.1071367126122773,0.09485771126625417,0.3353366642177967,-3.138646162225648,-5.75374793809856
41,U,k96_0.3_flat,1,U,,,1.1838329253105337,0.18560176123221955,1.1325330519507208,1.1027502666775464,0.1008626514604141,0.33129849963289276,-3.125527542454464,-5.749849894491981
42,U,k96_0.3_flat,1,U,,,1.2038211801615861,0.17306549741243563,1.1695911495532756,1.1357086274485368,0.10396820507241371,0.3400254172329933,-3.095600615297235,-5.730470956491642
43,U,k96_0.3_flat,1,U,,,1.1828518529602354,0.17340956143853137,1.1526171125589353,1.1373732008323312,0.09607551430007664,0.33609380993132265,-3.1279907516364376,-5.75432788190015
44,U,k96_0.3_flat,1,U,,,1.1645875584118788,0.15581047303485146,1.1946242471760853,1.153311842304122,0.08209545637653626,0.34567390938975756,-3.1227501972555416,-5.736557782337299
45,U,k96_0.3_flat,1,U,,,1.1618978953136958,0.1703273462062144,1.200118694811326,1.1499247587372992,0.09770931328412984,0.3469454298703782,-3.1265382943349476,-5.726324535681228
46,U,k96_0.3_flat,1,U,,,1.1702495344462613,0.1930739715149818,1.2067240385452185,1.1423091545047035,0.08256584548259153,0.3484790604684375,-3.1501587835701463,-5.754564891704969
47,U,k96_0.3_flat,1,U,,,1.1724040737935217,0.19931826114139434,1.2244288776940815,1.1499664406954941,0.09192920379970074,0.3528266401778206,-3.1387707453911706,-5.73757376057515
48,U,k96_0.3_flat,1,U,,,1.1723208978556183,0.18950269587755775,1.2165961004854327,1.1419499068029397,0.08143437827214858,0.35090781781431374,-3.143793951933135,-5.757976636994909
49,U,k96_0.3_flat,1,U,,,1.1514007868676963,0.17997992112419628,1.252967996532826,1.1395070258517876,0.07944580614219116,0.3590796260441889,-3.1783532787263966,-5.755779014967793
50,U,k96_0.3_flat,1,U,,,1.1777560132906533,0.18880401669512661,1.2272497765063182,1.1540905244557478,0.08436940294131516,0.35329127781671155,-3.178346691812785,-5.763619742708845
51,U,k96_0.3_flat,1,U,,,1.1827907974235146,0.2018355135339255,1.2266932054729334,1.1338681040876126,0.09407812742367347,0.3532533263232462,-3.1687048799796496,-5.7813475220081285
52,U,k96_0.3_flat,1,U,,,1.1615118370750512,0.2014564169053096,1.2171499709684375,1.1389372725026097,0.07221067071456724,0.35063301788127565,-3.147420969458983,-5.758975593364936
53,U,k96_0.3_flat,1,U,,,1.1482440938080225,0.18434355448074946,1.2452154284175716,1.1348998094214884,0.07880223025724051,0.35743394017133456,-3.1530270924932635,-5.78146030438755
54,U,k96_0.3_flat,1,U,,,1.1465541690049033,0.18866369197858146,1.2162144023631596,1.1426490002463565,0.08487469824436615,0.3507329797814247,-3.116854317432312,-5.786677503703566
55,U,k96_0.3_flat,1,U,,,1.1508662760080608,0.1865233619704812,1.2028055391761392,1.1357876499615547,0.08373107829354587,0.3477668469018242,-3.134493764960272,-5.80014552374324
56,U,k96_0.3_flat,1,U,,,1.1406310261897492,0.16214232415993432,1.1955223490025275,1.1399287117018628,0.09652079398684205,0.34607623527102743,-3.1059729753800114,-5.777942286861583
57,U,k96_0.3_flat,1,U,,,1.143098834703102,0.18071113312325454,1.2156545166736368,1.1292727691439841,0.08218269135859242,0.35062663922968823,-3.113110882138602,-5.7886977967214825
58,U,k96_0.3_flat,1,U,,,1.1527730567174939,0.18003008104015436,1.189594336961345,1.1307797203957568,0.07037109578245407,0.3445889867603732,-3.1126614660936713,-5.793212975753376
59,U,k96_0.3_flat,1,U,,,1.1217903523592307,0.18311435667460516,1.1909729161947544,1.1368469584389853,0.07297873567496058,0.34497940826442147,-3.0982923852947986,-5.784957683535421
60,U,k96_0.3_flat,1,U,,,1.116201958396788,0.18492117672741704,1.202852149860801,1.145791932740123,0.05326860794070037,0.3476855850990025,-3.0996556679866814,-5.782632617459217
1,I,k96_0.3_flat,2,I,0.9957291406287518,0.5133333333333333,1.0061947515533525,0.15845522879439608,1.0373932799489824,0.9917211640899889,0.13946929493232402,0.3081046657761295,-3.116642647945215,-5.670938103559095
2,I,k96_0.3_flat,2,I,0.9835742357540322,0.53,0.9812487452553811,0.157184663953969,1.0183766878438605,0.9810395951461082,0.13989865321789952,0.3034688840168701,-3.1158138654451197,-5.694354935810403
3,I,k96_0.3_flat,2,I,0.96597441219492,0.52,0.9429136700312614,0.1406127306438108,1.0156478270780391,0.9980053858666817,0.13221245998191053,0.3029397344527949,-3.105787060136001,-5.742249229261551
4,I,k96_0.3_flat,2,I,0.9843330353421389,0.5066666666666667,0.988100015590624,0.18620197188666412,1.0206476054125335,0.9439707496430094,0.15105736139885168,0.3042562503666819,-3.067541729962208,-5.7104653970064225
5,I,k96_0.3_flat,2,I,1.009697636926891,0.45666666666666667,1.0492137251231035,0.22993457447734647,1.0177983792132959,0.9566744387816446,0.15576741445250983,0.30361719828653216,-3.089456808471961,-5.7093306386739675
6,I,k96_0.3_flat,2,I,1.0224224849867758,0.5233333333333333,1.0718308627973296,0.20978000467817884,0.9909979988483246,0.981464764842803,0.13649067651303537,0.29686298525946453,-3.139265045978493,-5.720299378294151
7,I,k96_0.3_flat,2,I,1.0380242536633706,0.53,1.1106366075824192,0.24029886097539832,1.0213268518830432,0.9871198632869,0.12122925198812995,0.30449825444961925,-3.1076179475087296,-5.686764076356337
8,I,k96_0.3_flat,2,I,1.0258566763412547,0.48,1.0799668371062716,0.22322826085081324,1.0501332543603379,0.9884737011192495,0.12350829468589782,0.3114951398431949,-3.1063003425803535,-5.685113142238705
9,I,k96_0.3_flat,2,I,1.0315328704873596,0.46,1.0902617082130104,0.20886922366776123,1.0215232772779288,0.9642785531818132,0.12272901924699048,0.3043808593144674,-3.078250790071793,-5.701366104653091
10,I,k96_0.3_flat,2,I,1.0320200554169898,0.4666666666666667,1.089126921393578,0.19538102965148804,1.0523602181468792,1.0126365432225213,0.11668187362687726,0.311789101271493,-3.114897248920653,-5.717100413089382
11,I,k96_0.3_flat,2,I,1.0478272082374498,0.48333333333333334,1.1276531343947427,0.2236744726010136,0.997776795584817,0.9947248053748439,0.12605648289282012,0.29867986935577956,-3.114533238816704,-5.691782200435966
12,I,k96_0.3_flat,2,I,1.055822498972989,0.5,1.1498631483754531,0.2454631614898952,1.0005147435512425,1.0380549420839762,0.08944237690527482,0.29935738747071705,-3.1326296957887956,-5.779480955161332
13,I,k96_0.3_flat,2,I,1.0792677881732817,0.43666666666666665,1.211230992833621,0.28587466688947144,0.9669527875191287,1.0097516964593003,0.11555777180896197,0.29116253043595275,-3.1488804885310326,-5.779520554307548
14,I,k96_0.3_flat,2,I,1.1000329581948114,0.55,1.259991247175344,0.3039369776736572,0.9695344043548221,1.0169460751248918,0.0897637406728516,0.2915833254336898,-3.1515259337248698,-5.75771105081459
15,I,k96_0.3_flat,2,I,1.1184219147762873,0.53,1.3071999153469502,0.3197906095708439,0.9437613307314369,1.0213611108499485,0.09811219828710002,0.28525288131580706,-3.181082064746836,-5.750170314783025
16,I,k96_0.3_flat,2,I,1.1026163305116856,0.5033333333333333,1.2665411047642885,0.2985901744960184,0.9401327698037915,0.9945547733180824,0.10520654967401419,0.28432294904925903,-3.2041151634711103,-5.7766385543559275
17,I,k96_0.3_flat,2,I,1.114871202590415,0.5033333333333333,1.3057266544456483,0.34600036884322705,0.9290046535583181,1.012480501380846,0.09364404077198853,0.28155797834500934,-3.220048757730433,-5.771940036506991
18,I,k96_0.3_flat,2,I,1.1099175436698483,0.49666666666666665,1.2888490537182133,0.3113696097165219,0.9405923431384035,1.0189860050201889,0.08146291485284503,0.2844619619888305,-3.1946669236996392,-5.793086239100865
19,I,k96_0.3_flat,2,I,1.136949827372912,0.5133333333333333,1.3530168214928158,0.3262887943287373,0.9118328383095627,1.0193811923099134,0.0866851183871496,0.27717415429107023,-3.2219051919618824,-5.825751574532551
20,I,k96_0.3_flat,2,I,1.1587834900754466,0.48,1.4075245301206951,0.3346526064113734,0.9483532222792729,1.0156079683646864,0.07234024081906516,0.28638009719269597,-3.1568215957722314,-5.820410442035586
21,I,k96_0.3_flat,2,I,1.1591207847943186,0.48,1.4112846070725553,0.34901786981560456,0.9379058356874843,1.0153495208246246,0.08203272221844625,0.2836897645028976,-3.181867576584023,-5.855559845485751
22,I,k96_0.3_flat,2,I,1.158668511597293,0.48,1.4068275386392726,0.33869920743771653,0.9437571831885384,1.0141115088340122,0.07328190748957669,0.28532201859367623,-3.194289350570262,-5.837754222344092
23,I,k96_0.3_flat,2,I,1.1975001576109472,0.5366666666666666,1.5195914437840279,0.40978203762969206,0.9448302987793242,1.0234951837919997,0.06635986306659426,0.28567686789604835,-3.175426908413469,-5.84565445924824
24,I,k96_0.3_flat,2,I,1.232636757122808,0.52,1.6321947713680016,0.4918101094812743,0.9297861575734017,1.0106910633410306,0.06928646069556818,0.28177300816530293,-3.1972168323989756,-5.8288288697176664
25,I,k96_0.3_flat,2,I,1.2624194170383263,0.49666666666666665,1.6895160848883501,0.4262771886640497,0.938860586568527,0.9848275967585118,0.08171940860228738,0.28415996529126664,-3.225568466714931,-5.851553372537159
26,I,k96_0.3_flat,2,I,1.3051503052844544,0.46,1.8122863204634492,0.46364378505551856,0.9410310842428824,0.9865919406742288,0.07173464931665162,0.28463729234192586,-3.229609154581504,-5.8488822046139175
27,I,k96_0.3_flat,2,I,1.3302626880515716,0.5033333333333333,1.894138116609428,0.5182249655697753,0.9325115679905186,0.9701651251371034,0.06740347794510322,0.28252279772609257,-3.2269151351731535,-5.886303868749416
28,I,k96_0.3_flat,2,I,1.3341296598451926,0.5133333333333333,1.8875303301297761,0.4474462041732434,0.9340424518832676,0.975767454385555,0.0674641622489052,0.2828849151101302,-3.2682480047191778,-5.872038801108868
29,I,k96_0.3_flat,2,I,1.3285200391358134,0.5033333333333333,1.8798092687962495,0.47136577972663807,0.9211154198778129,0.9680679274022074,0.07174680491611503,0.279589804096274,-3.2359655443227604,-5.889825382394612
30,I,k96_0.3_flat,2,I,1.3411419250417747,0.51,1.9229632889368333,0.5041952331284788,0.9293120692484308,0.9506040218387447,0.08350730957471651,0.2816897322203847,-3.256085069171626,-5.895868801487905
31,I,k96_0.3_flat,2,I,1.3494957026391257,0.5566666666666666,1.9355837625242365,0.46682960556261055,0.9524088866849078,0.9778914226980048,0.05895949417933058,0.2874360864490421,-3.278391182584131,-5.8985677340781
32,I,k96_0.3_flat,2,I,1.374324268774651,0.5,2.008919188348874,0.4755761603001054,0.955297239056987,0.960047376390736,0.06886972441235854,0.28815400040829714,-3.315695274018539,-5.901440535041894
33,I,k96_0.3_flat,2,I,1.3739661776874337,0.44666666666666666,1.9962951973325942,0.43176675888834143,0.9794588604567457,0.9846170223047629,0.05294543932176762,0.29420787017537464,-3.355179096513145,-5.8832454808506975
34,I,k96_0.3_flat,2,I,1.3651352125851037,0.48,1.9718024525448132,0.43658431544659876,0.9745885210660189,0.9791507609693717,0.06463045310697459,0.292775495579424,-3.369947439789562,-5.882850546604271
35,I,k96_0.3_flat,2,I,1.4040850506608746,0.5166666666666667,2.0901466441351464,0.45741403042637885,1.0085456754186193,0.987607690161858,0.07413474988627732,0.30144967229476227,-3.382472615001159,-5.835984664019022
36,I,k96_0.3_flat,2,I,1.4175630068323697,0.5133333333333333,2.122788164274791,0.432172520294169,1.0239521896196595,0.9863213377021024,0.07068823174347648,0.30531030384044994,-3.3935187642646687,-5.876689144062264
37,I,k96_0.3_flat,2,I,1.43633372530354,0.49333333333333335,2.183788768451544,0.45637558825812136,0.9869298179356246,0.9856473936902705,0.0803071662252414,0.2960580636570329,-3.4061300223150384,-5.873180670384543
38,I,k96_0.3_flat,2,I,1.4464193089343576,0.5133333333333333,2.2122157159069467,0.44773856059762335,0.9613127024575427,0.9965269832718396,0.07507377597243706,0.289736510256146,-3.351113366946512,-5.880188243305923
39,I,k96_0.3_flat,2,I,1.4495266347752365,0.5466666666666666,2.2205634555645277,0.44423742847497644,0.9767328932403971,1.0035398287564319,0.07692668514213698,0.2937774310235815,-3.3531848518614273,-5.873057225424746
40,I,k96_0.3_flat,2,I,1.4345618606175845,0.5266666666666666,2.175956789517064,0.4484066657335416,0.9929315966887456,0.9806669585388134,0.08614568741667565,0.2977710651260719,-3.292682296655593,-5.8710219625237565
41,I,k96_0.3_flat,2,I,1.4512035885454933,0.4866666666666667,2.2239121908750357,0.43627524179042804,0.9812393571577631,0.9940055265297237,0.0941790615414404,0.2948879144409688,-3.273053639799585,-5.861243568995715
42,I,k96_0.3_flat,2,I,1.4497058605819535,0.4666666666666667,2.22958286795869,0.47220681267155074,0.9737014535250303,0.9964288178605498,0.07407609776184683,0.2929905332700424,-3.287447100641357,-5.881530860072016
43,I,k96_0.3_flat,2,I,1.4563389846815753,0.5266666666666666,2.2407783813826807,0.43687276615203846,0.9967997471865779,0.9840372363126448,0.07950266161428841,0.29871012324784874,-3.288867702055424,-5.885074079466116
44,I,k96_0.3_flat,2,I,1.4674518008580881,0.5,2.284121670685048,0.47922401427152606,0.9854452013571362,1.0132134655396092,0.0868925539740936,0.29590749020129525,-3.2729735880085156,-5.932954978153235
45,I,k96_0.3_flat,2,I,1.4667890695109609,0.44333333333333336,2.2748518740016235,0.44736711703213194,0.9622707307033327,1.007572869549617,0.08956791113731964,0.28995672630999586,-3.305970026322779,-5.913972907528242
46,I,k96_0.3_flat,2,I,1.4555285205657058,0.4766666666666667,2.2418201513336578,0.453293604041129,0.99042395473707,0.9836261645832445,0.0769334023895835,0.2971437430113101,-3.2160542478009275,-5.87989286661373
47,I,k96_0.3_flat,2,I,1.464702472447193,0.5266666666666666,2.2734488374617037,0.4687106373261992,0.9806375157448481,0.9862603824016073,0.06554667228913376,0.29454550469037893,-3.262585794306066,-5.842117567251527
48,I,k96_0.3_flat,2,I,1.4821794535399901,0.5166666666666667,2.329604382341231,0.4718354148843162,0.9986810948195894,0.984589273341077,0.06836697891677203,0.299003791978839,-3.263676316984244,-5.905944849546754
49,I,k96_0.3_flat,2,I,1.4792180564865378,0.5066666666666667,2.3202966736500357,0.47592784520377013,1.0141773112936854,0.9847108934530422,0.06557818243900376,0.30291482424511523,-3.2715584603347225,-5.899994258797494
50,I,k96_0.3_flat,2,I,1.4872774887690008,0.49,2.336239908190618,0.4344213997795964,0.9873306931545174,0.9909605605024217,0.06651157091497677,0.2959784689675504,-3.269497101160363,-5.910798635549947
51,I,k96_0.3_flat,2,I,1.541086372814844,0.54,2.5149640800310014,0.4678993863992546,1.016610005828614,0.9892109723544452,0.06677940119381826,0.30359605780581717,-3.315199160512525,-5.91340852481951
52,I,k96_0.3_flat,2,I,1.5457198612984626,0.51,2.531447011063568,0.47205481627884205,1.0088758088986647,0.995413497976264,0.06846992699147798,0.3017020657249493,-3.3064970641092413,-5.934147856700068
53,I,k96_0.3_flat,2,I,1.5391643510237887,0.49333333333333335,2.516721151370958,0.4965214813184217,1.030075774514613,0.9763884033875094,0.06325455172519608,0.3070312035111679,-3.3107300602729444,-5.9150890039871395
54,I,k96_0.3_flat,2,I,1.5462792304437003,0.52,2.5400982642987726,0.4967582208847312,1.038874974715662,0.9757155931372448,0.07000961742933327,0.3090875609905541,-3.3134411928391074,-5.9386509198359
55,I,k96_0.3_flat,2,I,1.58244059950078,0.5,2.6502931018338125,0.4603894980110523,1.0258163782423824,0.9793799198752008,0.07200806802015636,0.30598774398949086,-3.320925757872742,-5.920827287887813
56,I,k96_0.3_flat,2,I,1.6022177801339534,0.5166666666666667,2.720817498868443,0.47067279137088214,1.0208592346107581,0.9825495805002595,0.07405413464780494,0.30477678596692365,-3.3461466231646417,-5.891854625876508
57,I,k96_0.3_flat,2,I,1.638220072871077,0.5666666666666667,2.835853029859008,0.4318747858931698,1.0077500458366524,0.9968646786860529,0.08737289115043284,0.3016047503151093,-3.3042600763727488,-5.893397933872261
58,I,k96_0.3_flat,2,I,1.6526682383535396,0.4766666666666667,2.8732440880557557,0.36358499683963014,1.0049590252000493,1.0213603950360952,0.1018961124999313,0.30086493744836884,-3.315674987175346,-5.974713147612459
59,I,k96_0.3_flat,2,I,1.6637751815395576,0.5,2.916096336292992,0.3810101587289379,1.001422061664134,0.9993130249253894,0.08520467608029042,0.30007745784793227,-3.39567766308283,-5.950624292180861
60,I,k96_0.3_flat,2,I,1.6707175787115343,0.5133333333333333,2.936195155107215,0.35532578698797773,0.9953783284810586,1.0074646644681147,0.10211990108539941,0.29854455251934986,-3.3602241519295575,-5.975303554258714
1,U,k96_0.3_flat,2,U,,,1.0197123306391191,0.1621453108449273,0.9941897552286795,1.0013448854779463,0.13687541931887012,0.29761376029698,-3.096499780290392,-5.677026496934404
2,U,k96_0.3_flat,2,U,,,1.006978533072706,0.145779996728572,0.9614058789786258,0.9918781942407793,0.14719604534299435,0.2895189900089064,-3.0831995603828477,-5.698556695542015
3,U,k96_0.3_flat,2,U,,,1.020972602234322,0.14844913112866565,0.9682959928776518,1.0224032785671404,0.13969045202162528,0.2912388604324888,-3.095252405880586,-5.7049462737052
4,U,k96_0.3_flat,2,U,,,1.0017501428633089,0.16395757915045042,0.9709891639298238,1.0052435896511493,0.13730805597010867,0.2918585003864884,-3.117698882979446,-5.726426453982286
5,U,k96_0.3_flat,2,U,,,0.9873471153637928,0.16631210893159964,0.9843192359685217,1.0149646802820147,0.16213542464782488,0.29513551177306097,-3.141271756388646,-5.753646337922934
6,U,k96_0.3_flat,2,U,,,0.9731938513099571,0.14710829249276472,1.0004601840782592,0.9855920753111468,0.16113684852143526,0.2993291782032555,-3.1248306597377162,-5.746500975041812
7,U,k96_0.3_flat,2,U,,,0.9706896632902555,0.14375164415581465,0.9984593955502991,1.0046467032903899,0.15602750998399653,0.2987798550801917,-3.190058461096519,-5.758135855126905
8,U,k96_0.3_flat,2,U,,,0.9879491585723308,0.16406988069697273,1.0299186166706724,0.9880184393115932,0.15366630556894328,0.30656155164768617,-3.1335895631458888,-5.778541967867727
9,U,k96_0.3_flat,2,U,,,0.989382550122643,0.17869155798518133,1.031092318018539,1.0085759568779875,0.14214967427626338,0.30701470669866643,-3.131190372334357,-5.80524616004951
10,U,k96_0.3_flat,2,U,,,1.0059586012047217,0.18267777080665726,1.0383169424091416,1.0305297420962065,0.1601794135242979,0.30865700812983987,-3.122772549337466,-5.775359195364433
11,U,k96_0.3_flat,2,U,,,1.0071636359573866,0.17448507568429966,1.0252779124927027,1.0521994328504751,0.126626995772433,0.30526915246763137,-3.1735106870884806,-5.763595794475208
12,U,k96_0.3_flat,2,U,,,1.0220906802960303,0.17166718618966137,1.0146462992819798,1.0810037312302685,0.12152529301350003,0.30267299252503954,-3.15472651224001,-5.75388782001856
13,U,k96_0.3_flat,2,U,,,1.0095771979826342,0.16864088275551253,1.0120038966935123,1.0414940007207565,0.1242730338270392,0.3020167521908481,-3.2208400496554837,-5.810114600666688
14,U,k96_0.3_flat,2,U,,,1.0168482488040052,0.17664935840829923,1.0366263496471821,1.0432057578465526,0.12429950677240184,0.3081283521565938,-3.1834814805940503,-5.8155163765613755
15,U,k96_0.3_flat,2,U,,,1.0270573437344035,0.16160853986998305,1.032642317246732,1.0337165989232642,0.14385089460493644,0.30686179752371723,-3.1946292434456907,-5.781981900036455
16,U,k96_0.3_flat,2,U,,,1.0606907034067972,0.17979875235158083,1.0236939522333057,1.020867636787201,0.14515008611405153,0.30496036249996084,-3.1573062886846412,-5.802008906796911
17,U,k96_0.3_flat,2,U,,,1.063405801455759,0.17845212642293226,0.9902061332673278,1.0252068261649465,0.15915436029957195,0.29653077388885457,-3.1860260906216196,-5.8076829405531045
18,U,k96_0.3_flat,2,U,,,1.0584670506067593,0.1795513319259337,1.0301407969897496,1.0277600068117176,0.14845355137467364,0.3065222286287025,-3.111140170226645,-5.819382916237933
19,U,k96_0.3_flat,2,U,,,1.0294173069892696,0.15895110582451488,1.0164003075972252,1.0374092681844835,0.1439463311246102,0.3029039543117937,-3.1479565570670656,-5.784143069906052
20,U,k96_0.3_flat,2,U,,,1.0348173689905587,0.15945049863108898,1.0277886346390828,1.0365761140318117,0.1609224966579914,0.30581993206947494,-3.124796196974051,-5.743009689899961
21,U,k96_0.3_flat,2,U,,,1.0199767106544102,0.16496063047183035,1.032021344993513,1.0625694506403947,0.1414807220527843,0.3070003646567758,-3.1201803069355076,-5.7838279615246435
22,U,k96_0.3_flat,2,U,,,1.019660200013082,0.15983492451208298,1.0192748799891092,1.04281592943956,0.1492878016112341,0.3038640352156759,-3.115363457775142,-5.7833295929218655
23,U,k96_0.3_flat,2,U,,,1.0139668745983483,0.16862764910037953,1.0447610489350367,1.0543451215801225,0.12827176584256872,0.3099798942589281,-3.146823490407957,-5.7594262888239545
24,U,k96_0.3_flat,2,U,,,1.021749627444047,0.1637902898005401,1.0754366385787764,1.0468908890689654,0.1402592780941175,0.3173275778395572,-3.1121470335248658,-5.768680948405464
25,U,k96_0.3_flat,2,U,,,1.0171091608050384,0.16996686413983864,1.0815094801266396,1.0395279396905017,0.12426772231864154,0.3188224365600297,-3.1237059762720816,-5.802718284504226
26,U,k96_0.3_flat,2,U,,,1.0055232452484226,0.1665705211945497,1.0628108713692503,1.0330144932886318,0.1384397886605997,0.31448935193960875,-3.1116579168455454,-5.773214045693612
27,U,k96_0.3_flat,2,U,,,1.0210933826793982,0.16766203328773288,1.0811251599796918,1.0342986886867989,0.12568725866650296,0.31864948246909364,-3.14096712256015,-5.808489001464109
28,U,k96_0.3_flat,2,U,,,1.0049627448231377,0.16842437684140119,1.057205328804148,1.0582187056783445,0.12196291649409047,0.31296794839561926,-3.1479455383946062,-5.820533033563967
29,U,k96_0.3_flat,2,U,,,1.0078106812789756,0.16542012455544222,1.1018152200538434,1.055038551694145,0.1390070778035029,0.3238379001915801,-3.101944206602433,-5.810880466655039
30,U,k96_0.3_flat,2,U,,,1.0129792273841887,0.16689797082944846,1.0955189137199965,0.9987123625586344,0.14216793863857372,0.32196178743120246,-3.157983319697364,-5.792874717920261
31,U,k96_0.3_flat,2,U,,,1.01905715616492,0.17326570045751566,1.095682427956993,1.0019938078843174,0.12824407014156936,0.32225602431997996,-3.156444520481123,-5.775015408992388
32,U,k96_0.3_flat,2,U,,,1.0272848235371426,0.15851113560332272,1.0764272246097581,1.0034722055816823,0.1729671383623519,0.3172641601441517,-3.199232278912043,-5.8364622126542836
33,U,k96_0.3_flat,2,U,,,1.0144692287135857,0.16090945109133245,1.0913309905262705,0.9948730296452447,0.16771213553932,0.3208188053039376,-3.1568254487915293,-5.8120029764106995
34,U,k96_0.3_flat,2,U,,,1.0025030469544307,0.14058962575543707,1.0503947651577583,0.98854499342939,0.14746582838856204,0.3111733431814903,-3.161234051086263,-5.830573273498763
35,U,k96_0.3_flat,2,U,,,1.0124430333438545,0.1625473902260346,1.0560265589942814,1.0029572252561294,0.1327161425629893,0.31267731645804914,-3.1598586443614347,-5.82001547124818
36,U,k96_0.3_flat,2,U,,,1.0039382320895025,0.1391033250495158,1.0629660534862333,1.0084339256422454,0.15061807104955305,0.3142728089799975,-3.1526412140434648,-5.833034673741454
37,U,k96_0.3_flat,2,U,,,1.0133878429537992,0.14696482846011938,1.0520923773798017,1.0007714199902387,0.13811558908416824,0.3116109494066287,-3.1883007982533718,-5.834922671627774
38,U,k96_0.3_flat,2,U,,,1.0104763767479183,0.1491920833751934,1.0456009253094518,0.954541671846464,0.1445577792969401,0.31047380377133915,-3.165756190547062,-5.810030759485944
39,U,k96_0.3_flat,2,U,,,1.0028442464699512,0.1496377452758953,1.0427837481662832,0.9613406661170827,0.1573414648578729,0.3097691378876085,-3.1771156749103238,-5.811739209295814
40,U,k96_0.3_flat,2,U,,,0.9916166514688418,0.14201708599872148,1.041533561816795,0.9858815759835181,0.1328706744417593,0.3094870090533226,-3.1776055495146975,-5.80252428080352
41,U,k96_0.3_flat,2,U,,,0.9818671845498693,0.13840587509130847,1.046171846179677,0.9882582038169553,0.13154941429124506,0.31052630801873693,-3.1734572228333193,-5.810343442496037
42,U,k96_0.3_flat,2,U,,,0.999414057870839,0.16145667557637192,1.0351941014897046,0.9661046122055101,0.14041085311362878,0.3078989717668177,-3.1586623606157027,-5.802310004231669
43,U,k96_0.3_flat,2,U,,,1.0034635503853049,0.15452255445739385,1.037790220765309,0.9545894690791694,0.14551896195001754,0.30856628592001006,-3.189001441099653,-5.806278471342868
44,U,k96_0.3_flat,2,U,,,1.0129305661050902,0.1727211583741356,1.02574542719354,0.9922931653311764,0.12627615758537888,0.30567125871838885,-3.2062375777754655,-5.8244321646767725
45,U,k96_0.3_flat,2,U,,,1.019081072080879,0.16000381659922447,0.9981398227390821,0.9816728378100731,0.13621224744613764,0.2987006802217957,-3.1779922113035637,-5.770104715641149
46,U,k96_0.3_flat,2,U,,,1.037141396030738,0.171727164676145,0.9860059076846965,0.9836706925341724,0.12956169283968966,0.29585226622345134,-3.1786321737627667,-5.78601797469471
47,U,k96_0.3_flat,2,U,,,1.0235344093919558,0.16006911161367063,1.0044925239274627,0.986759314632134,0.10640685168064856,0.3003300018836403,-3.17651659650061,-5.778032404122471
48,U,k96_0.3_flat,2,U,,,1.0150730411417763,0.1612050714240167,0.9910721517809442,0.9905565799216235,0.11661442300209834,0.29698090971548796,-3.1788694749442814,-5.74147046451879
49,U,k96_0.3_flat,2,U,,,0.9930979904687952,0.14403204380525503,0.9941923086509458,0.9861866828720779,0.1262913558738729,0.29789365216597175,-3.2148275664697517,-5.763376619007586
50,U,k96_0.3_flat,2,U,,,0.99715172853668,0.13236856387553894,0.9531162566306474,0.956360433903422,0.1375631918691854,0.28751961805965476,-3.204286662717473,-5.735153400156829
51,U,k96_0.3_flat,2,U,,,1.0084357125599255,0.14619675175268518,0.9639674584141832,0.9690514389492251,0.1297315119513788,0.2902744469306258,-3.2352450759969518,-5.805973209556176
52,U,k96_0.3_flat,2,U,,,1.0213108684481111,0.1448270869978598,0.9538040367934832,0.9933058819306901,0.09782656778919975,0.2878712205057065,-3.2176034620777347,-5.812513314926437
53,U,k96_0.3_flat,2,U,,,1.0636895260659756,0.1669931226497604,0.9448570540765504,0.9935314621003352,0.10231579278059195,0.28561610295072787,-3.206194446083807,-5.783536636267923
54,U,k96_0.3_flat,2,U,,,1.1025231363462622,0.17947523708605817,0.9469217004493394,0.9929223151012159,0.11777579135609087,0.2859182250158911,-3.222754120305313,-5.751220282440553
55,U,k96_0.3_flat,2,U,,,1.1125324289332224,0.1754825661127517,0.9341685495533201,0.9830646860367303,0.1060442264663512,0.28267206361062014,-3.2040141161315843,-5.738145429181492
56,U,k96_0.3_flat,2,U,,,1.1079002382699965,0.17719901787721126,0.9650947882388963,0.9916664433801575,0.10418856217012333,0.29058513301960337,-3.190695459574108,-5.747887514200848
57,U,k96_0.3_flat,2,U,,,1.1092521624656044,0.18435925638452286,0.9496881899486941,0.9799607981931522,0.11301400541359873,0.28662877763871764,-3.2066470362781154,-5.708682231016821
58,U,k96_0.3_flat,2,U,,,1.0828871390639712,0.15572679721945937,0.9474543996717381,0.9867528642632969,0.10978134939513352,0.28586108555737866,-3.205904393540613,-5.754174183711516
59,U,k96_0.3_flat,2,U,,,1.0963902931119953,0.1757313190388154,0.9531255897693133,0.9901637467310915,0.09566643619507352,0.2874326422065393,-3.238364925614885,-5.734573747220343
60,U,k96_0.3_flat,2,U,,,1.1095984583720584,0.17967291679650405,0.9116553829963425,0.989238113473603,0.10819316882093388,0.27679077324834145,-3.2370861733982657,-5.732422112249621
1,I,k96_0.3_flat,3,I,1.0036945552820866,0.5233333333333333,1.022031028734137,0.1537429098901169,0.9959463214206138,0.9944003513857528,0.14498464232942038,0.29798980944506825,-3.1133144081022444,-5.716853465490836
2,I,k96_0.3_flat,3,I,1.018649383753469,0.48,1.0581821476312567,0.18241335148445798,1.0185864120045498,1.0248610697131664,0.14427113712907866,0.3033791573994218,-3.129813101540695,-5.698765276252761
3,I,k96_0.3_flat,3,I,1.0259111749614698,0.46,1.073079663711199,0.17715391609980913,1.0158850605504877,1.0588241276092893,0.1333743149457992,0.302777379121127,-3.113033025961528,-5.704983412704152
4,I,k96_0.3_flat,3,I,1.025150620784198,0.47,1.0666964430890709,0.15268496392755246,1.0144111259715802,1.0278275031636257,0.1573413514874002,0.30218032276224044,-3.151720647294169,-5.699120384275415
5,I,k96_0.3_flat,3,I,1.0003592035021318,0.5066666666666667,1.011658574083251,0.1322397934452899,1.0403682128819978,1.0368242755126407,0.12290351945720289,0.30874327087148024,-3.1331107629511052,-5.665063481860719
6,I,k96_0.3_flat,3,I,0.9971658367114599,0.48,1.0053636237201509,0.13498143732788817,0.9970874570358231,0.9951940505666657,0.14454297013304082,0.2981961508652496,-3.1756235138373694,-5.676251403769073
7,I,k96_0.3_flat,3,I,1.011212425966104,0.5233333333333333,1.0350161745417479,0.1371760507909571,0.9630936139916298,0.9870268832792747,0.15553850708612457,0.28981256464290883,-3.23316531858926,-5.642136864467226
8,I,k96_0.3_flat,3,I,1.0107859029319954,0.49666666666666665,1.0369762293186133,0.1553648642412062,0.9839063724168814,0.9928918816489414,0.14137132981532347,0.2950871353510219,-3.241346114458837,-5.691544094063374
9,I,k96_0.3_flat,3,I,1.0438340903965682,0.5033333333333333,1.1082574260745366,0.1637135533264468,0.9696950858897484,0.9869230790785143,0.1482076462156209,0.2915035590665338,-3.266282789732875,-5.643619502964592
10,I,k96_0.3_flat,3,I,1.057300554176425,0.5066666666666667,1.1406842979778415,0.1809712561854611,0.961066889110672,0.9453215853626966,0.12660305068098332,0.28926357903168215,-3.2878086956810364,-5.647759267034073
11,I,k96_0.3_flat,3,I,1.0541949108995246,0.5,1.1316195533290243,0.1676717318857653,0.9315155936439649,0.9430525181758247,0.12853406970523296,0.2817929024283202,-3.333769542252988,-5.6969486007597725
12,I,k96_0.3_flat,3,I,1.0445273870996643,0.49666666666666665,1.109475024613225,0.1618137890131801,0.9568566254993097,0.9221486827849734,0.14565419215034917,0.28808044736370275,-3.3158394871859898,-5.712273565553136
13,I,k96_0.3_flat,3,I,1.050143262958925,0.47,1.127242375352242,0.19282111210605493,0.946070790625063,0.9116834355422676,0.14426830260219328,0.28553804144128864,-3.3023255674967613,-5.698201016764578
14,I,k96_0.3_flat,3,I,1.0450317976830161,0.51,1.1119616913670212,0.16964264797079306,0.9776303376769399,0.9644671778478628,0.12389260649176559,0.29346178443319354,-3.328061113962272,-5.702557760311737
15,I,k96_0.3_flat,3,I,1.0338664502893113,0.49666666666666665,1.0824744338723602,0.13635614398864004,0.9814024327361263,0.9177154436796687,0.12576865554669492,0.29430385925130115,-3.300761514964785,-5.691675511923668
16,I,k96_0.3_flat,3,I,1.0247216295318584,0.48,1.0655502592348727,0.15228950527591928,0.9690547475788965,0.9454914474479523,0.1253992893196607,0.2908942677583117,-3.325659056816572,-5.630553062603082
17,I,k96_0.3_flat,3,I,1.027440713981102,0.47,1.0706220319199171,0.14718010720060432,0.9779195412336428,0.9323703689602869,0.13550540806898495,0.2931987070293471,-3.3295891180413166,-5.687648773372478
18,I,k96_0.3_flat,3,I,1.0360234135635182,0.5433333333333333,1.0917036457547487,0.1630808564526409,1.0293581897175188,0.9171633044500641,0.12945916024210125,0.30612913618186166,-3.296595237876433,-5.644251534062704
19,I,k96_0.3_flat,3,I,1.040754157218656,0.5233333333333333,1.1051376056543303,0.1828801794239947,0.9589997709997323,0.9377077132634505,0.12989836918071754,0.28867320262665863,-3.3234898889967415,-5.6674562435515705
20,I,k96_0.3_flat,3,I,1.041308088613503,0.49666666666666665,1.107185875437548,0.18651560437416942,0.96073743106131,0.9027951531506172,0.11563089937242184,0.2892338584387439,-3.3184314670560155,-5.6773136018091614
21,I,k96_0.3_flat,3,I,1.038504235592945,0.52,1.1038747594674851,0.19856072034292496,0.993153871532777,0.8473208305486146,0.12458536054786817,0.29718534798671165,-3.2149648551257104,-5.685076018649369
22,I,k96_0.3_flat,3,I,1.038781807460225,0.5033333333333333,1.1029361771593325,0.19249460804107058,1.0179769064839623,0.8880664900008206,0.11357765391844488,0.30289585339375835,-3.2344526358963526,-5.688617974458995
23,I,k96_0.3_flat,3,I,1.0678256638055539,0.49,1.1708667974291265,0.21481404413571398,1.008234899909116,0.8616252869035441,0.12033949622396377,0.30021032859730595,-3.1902741087098505,-5.712268646677373
24,I,k96_0.3_flat,3,I,1.0968513378148543,0.5166666666666667,1.2402918107929144,0.23971395939929496,1.0032944789368456,0.9135356864986064,0.10849253801156655,0.2997417219073308,-3.1961664099477516,-5.709548947977635
25,I,k96_0.3_flat,3,I,1.1171881781803832,0.48,1.288505055468319,0.2441084591746808,1.0204343860436416,0.9159174063240744,0.09541547646868896,0.30387882631991225,-3.2443233769920536,-5.703707181159052
26,I,k96_0.3_flat,3,I,1.125702350408913,0.52,1.3131613715679678,0.27061948554337245,1.0070695162031211,0.9168190989575254,0.11379689981552038,0.3004930024322627,-3.1988045981265443,-5.703587471944519
27,I,k96_0.3_flat,3,I,1.1277936601926362,0.5,1.3178133194255686,0.2673325872315238,1.0127004673702467,0.923436957629916,0.10385656903572298,0.3020506528613482,-3.163880894518896,-5.759464071172233
28,I,k96_0.3_flat,3,I,1.1285672758554908,0.55,1.319151786865825,0.26153547427904356,1.0233908350710543,0.9134270128725075,0.10500395629402867,0.304403782678722,-3.1778494239547217,-5.772300996232947
29,I,k96_0.3_flat,3,I,1.1504142086135647,0.5166666666666667,1.36797828109758,0.2573370304861358,1.032410069675617,0.9156595680468294,0.07885626125785553,0.3066741575117523,-3.1604280456090548,-5.750176104297198
30,I,k96_0.3_flat,3,I,1.1609562862631895,0.5433333333333333,1.395018022505271,0.26120207350138414,1.0436262805309704,0.9002858317974152,0.08224051367732682,0.30953841555603906,-3.1574690012659636,-5.777959254307586
31,I,k96_0.3_flat,3,I,1.1655281937250257,0.49666666666666665,1.4069498531519555,0.2655179455640023,0.9956499605299928,0.9266117713507216,0.0665311360618138,0.29780997603255394,-3.1556584076404084,-5.744139315117265
32,I,k96_0.3_flat,3,I,1.1700747145837818,0.43666666666666665,1.4159368739502267,0.2568593474362917,1.0030234646722775,0.893123245474948,0.08868197840973155,0.29952930931694527,-3.150208541853564,-5.787715158568588
33,I,k96_0.3_flat,3,I,1.202497441213991,0.5166666666666667,1.5023302546329311,0.29060635752663133,0.9857384624334448,0.9020277383943984,0.06989818951139713,0.29544152236333493,-3.222068829054013,-5.736742805572047
34,I,k96_0.3_flat,3,I,1.1951015161181804,0.48333333333333334,1.4802985636459098,0.26919574427532167,1.0056564546804303,0.8807224336383858,0.07390151133339047,0.3004667394537256,-3.2215673521723747,-5.688976633409301
35,I,k96_0.3_flat,3,I,1.207659982473855,0.5333333333333333,1.5112865966559619,0.2673541259697564,1.0312251925065834,0.9148296896102807,0.05022591055838473,0.3069035611232721,-3.2450734539639265,-5.696308040741203
36,I,k96_0.3_flat,3,I,1.2174362990955385,0.49333333333333335,1.531080134204406,0.24897985298404893,0.9956129155951764,0.9083811053775496,0.049004482545874965,0.2979287930997526,-3.2789941708285597,-5.710570907246566
37,I,k96_0.3_flat,3,I,1.201687762231847,0.5366666666666666,1.49219227671527,0.25041235845182436,1.0188829578615837,0.9038960087844993,0.04860380662568365,0.303958240069184,-3.252796690652724,-5.722591476758768
38,I,k96_0.3_flat,3,I,1.193689269765483,0.46,1.474729394720819,0.26153092246768683,1.023806161116989,0.8772931889709268,0.08535677933820401,0.30515517485472493,-3.275958431358047,-5.661163824746735
39,I,k96_0.3_flat,3,I,1.2098459704694673,0.54,1.5164065839998508,0.270703522524864,0.9920433427798768,0.8987536595911346,0.06550310819008288,0.2974246187327873,-3.2659320056983963,-5.69556279500502
40,I,k96_0.3_flat,3,I,1.2283210745499884,0.49666666666666665,1.5629872990806457,0.2657833886871522,0.9728666906195326,0.8811848117223415,0.07753643337590148,0.2925332841347852,-3.2956592718305613,-5.726634186584559
41,I,k96_0.3_flat,3,I,1.2219981239924034,0.5166666666666667,1.544940430951859,0.26362706430416394,0.9682812995513271,0.8998346214099786,0.05375984203133134,0.29153952221133833,-3.3124213624755012,-5.7542143892446
42,I,k96_0.3_flat,3,I,1.2285698413581494,0.5166666666666667,1.5631584022089238,0.2659347604568056,0.9615056404598034,0.8979697729116818,0.05910468743719782,0.28980294212405366,-3.3819265888236654,-5.703294415365105
43,I,k96_0.3_flat,3,I,1.2366478053197352,0.47,1.580419824072341,0.2464701208412412,0.9561211196812495,0.9071224621635141,0.0636218639805807,0.2884193044392822,-3.3930796906404335,-5.707122549927098
44,I,k96_0.3_flat,3,I,1.2365255343614276,0.54,1.5845855188546865,0.2701223401855186,0.9724688331199026,0.900382552944986,0.0602269580741192,0.2925831121980113,-3.377318323251298,-5.678830758962757
45,I,k96_0.3_flat,3,I,1.2388740469821369,0.47333333333333333,1.5866327086446654,0.2536623055068248,0.9829847768482527,0.9034125519691604,0.049575589562356345,0.29502878116189957,-3.4154877026907333,-5.704486446358754
46,I,k96_0.3_flat,3,I,1.2482879806611635,0.52,1.6120655973648348,0.2551884813762823,0.9457087541162158,0.9060009024759872,0.05402830389114223,0.28586326215422975,-3.4046382609421513,-5.690862023577165
47,I,k96_0.3_flat,3,I,1.2542793723392656,0.4866666666666667,1.6260950381511408,0.24647718826641454,0.9665097237543893,0.9109881764265588,0.05022831796440765,0.2910710749637656,-3.3989453307439605,-5.704234176536673
48,I,k96_0.3_flat,3,I,1.2664529203063521,0.47333333333333333,1.657841726263259,0.24623921060276854,0.9717211644373295,0.9054158841549418,0.05528795144658425,0.29230443062767736,-3.413909456606763,-5.681320600307021
49,I,k96_0.3_flat,3,I,1.2854883137764146,0.4533333333333333,1.7139882715683366,0.2738524749200247,0.9636983625029484,0.9147872327666526,0.05843838381052883,0.2902982224165631,-3.3885569286505803,-5.7567270684889085
50,I,k96_0.3_flat,3,I,1.2919008425675058,0.54,1.733338226063563,0.2838931118500503,0.9568478603000963,0.9163196020543554,0.05786118998025482,0.28859016084719097,-3.3926044516429146,-5.784534908981494
51,I,k96_0.3_flat,3,I,1.2772148118368072,0.5466666666666666,1.6912008280691562,0.2696354315088616,0.9445903542158601,0.9157698974651297,0.053033334378553086,0.28543814959328073,-3.370055824921735,-5.723561269207708
52,I,k96_0.3_flat,3,I,1.2866486496504683,0.5266666666666666,1.7163050734894092,0.2684876283189925,0.9349813082078701,0.9143790881946385,0.052958592921513135,0.283118900771186,-3.4298093003091634,-5.7443550759239725
53,I,k96_0.3_flat,3,I,1.2752758185685806,0.45666666666666667,1.6838377685568564,0.2555239777863822,0.9267824516617236,0.9132519082438167,0.059017419650999804,0.2810100481716801,-3.396709041319467,-5.712855672945689
54,I,k96_0.3_flat,3,I,1.274954721291006,0.53,1.682229149371988,0.25361418620325415,0.925621191392346,0.9057461247853541,0.044089548691121014,0.28081641728071566,-3.408620534436586,-5.689025080941513
55,I,k96_0.3_flat,3,I,1.278453688219162,0.49,1.691365665941415,0.25432670051029405,0.9524874349980437,0.9002856266544014,0.042693285295511085,0.2874864051315032,-3.392252884323798,-5.665693268095022
56,I,k96_0.3_flat,3,I,1.2733340373643083,0.48333333333333334,1.6796993522166503,0.26578363916186637,0.9287648561729053,0.894880949713056,0.04395542274258934,0.2814344781077558,-3.3896406188521846,-5.639773098216854
57,I,k96_0.3_flat,3,I,1.2860493520708796,0.5,1.7152240109090235,0.2742746568465464,0.928150940368615,0.8950490533052452,0.04845774464513674,0.281457820649397,-3.4021874339941056,-5.670851678213797
58,I,k96_0.3_flat,3,I,1.3194562484233041,0.54,1.8100030784401826,0.2923752354587971,0.946635731343686,0.891968291887038,0.03681823919262584,0.2863081792438938,-3.426375374765524,-5.683880077621422
59,I,k96_0.3_flat,3,I,1.3145705724202181,0.49666666666666665,1.7982948210738543,0.30143872964376073,0.9492870229526326,0.8869691384804005,0.056627240555643436,0.28685542889945764,-3.4044254628291486,-5.709217008315512
60,I,k96_0.3_flat,3,I,1.322087744888949,0.49333333333333335,1.8194610560438695,0.30214865408359504,0.9490922516101993,0.8905602828414294,0.058091043815538576,0.2869051112106881,-3.377207011714284,-5.690123712484839
1,U,k96_0.3_flat,3,U,,,1.0074251939753345,0.14390466508769664,0.9947352039936,0.9985783361890064,0.15351640080034104,0.2978113692390734,-3.1042799681560314,-5.689227001506726
2,U,k96_0.3_flat,3,U,,,1.0164440790854616,0.14348627617916024,1.0078308307079278,1.024122724569378,0.14551215145342616,0.30088344859476057,-3.0970758786042065,-5.633191584170688
3,U,k96_0.3_flat,3,U,,,1.0294371570259886,0.1644547479440433,0.9997924180066623,0.9973808111186908,0.15562170995163563,0.298787931315704,-3.082142029870271,-5.679036614872253
4,U,k96_0.3_flat,3,U,,,1.0319883579143683,0.1614079620488413,0.9950774782921129,1.007465986822825,0.15975226827205333,0.29747357453045975,-3.0604233147474624,-5.673120030605583
5,U,k96_0.3_flat,3,U,,,1.0191572741718475,0.14950828063584162,0.969862882686272,1.0292469001244309,0.14983319211493415,0.29146447719367397,-3.0594923967652714,-5.707162236633508
6,U,k96_0.3_flat,3,U,,,1.0079203458558623,0.14068557096081546,1.0110806161506056,1.0459619345571325,0.1388765559459824,0.30134657609209836,-3.075494112909312,-5.703489878398693
7,U,k96_0.3_flat,3,U,,,1.009522285791681,0.14417503857997957,1.00308828787115,1.0623423642679573,0.15733345781211136,0.29967777123846556,-3.0948911221921707,-5.69507556517717
8,U,k96_0.3_flat,3,U,,,1.00812179486326,0.13719024104877844,1.0161307991996302,1.0584720464223156,0.13417755248968802,0.3027769374103631,-3.072179677974945,-5.691390575648249
9,U,k96_0.3_flat,3,U,,,1.0042717422262475,0.13824568270802898,1.0073208064237205,1.0764736283633067,0.13783903301695247,0.30047368177336237,-3.058862718645488,-5.700346160466828
10,U,k96_0.3_flat,3,U,,,1.0160966874278763,0.1519974965874918,1.0125481789210566,1.0759250143976913,0.13947923077505622,0.30204307488592863,-3.0437620260274745,-5.701662487975315
11,U,k96_0.3_flat,3,U,,,1.0207438394305477,0.1563365671752491,1.0164073977969694,1.0729933005919454,0.13529563337443806,0.3028278441036932,-3.0410725236824963,-5.717126949128888
12,U,k96_0.3_flat,3,U,,,1.0332594505713033,0.15628645183779927,1.0123576036918218,1.0446821269587072,0.16002080396906526,0.30187802737595687,-3.0925217696891254,-5.75038435262497
13,U,k96_0.3_flat,3,U,,,1.019472876601038,0.13757243389549553,1.0139417706405538,1.0988767663872603,0.121934971514659,0.302150170834225,-3.062316642121131,-5.710510320816731
14,U,k96_0.3_flat,3,U,,,1.018545504106575,0.14139666372522136,0.9850961927851292,1.08946077607242,0.13134824747881935,0.29529389416729945,-3.0796209861847283,-5.723260359370342
15,U,k96_0.3_flat,3,U,,,1.0121884711654359,0.1350139694232542,0.9798298385430485,1.0833836918655464,0.12385531702575087,0.29414485930033457,-3.082467295446626,-5.721165477359215
16,U,k96_0.3_flat,3,U,,,1.0366264390975957,0.1610000015284679,0.9696910788357639,1.0776952426737731,0.1373490433718859,0.29147846381710896,-3.1448637972418325,-5.752187933139682
17,U,k96_0.3_flat,3,U,,,1.0214843498952715,0.14247532404608887,0.950615323572584,1.0526627075220194,0.1449521965975908,0.2867201454068468,-3.101048846719623,-5.753712832048799
18,U,k96_0.3_flat,3,U,,,1.0303741281458663,0.1657223985857955,0.9717126189295404,1.0919095973569282,0.15079534159448144,0.2919040342436275,-3.1495477719678964,-5.737391685204634
19,U,k96_0.3_flat,3,U,,,1.0095315139950287,0.1436797647865044,0.9657149252336509,1.0970970185563966,0.12845629190114927,0.2905683701346746,-3.0784579895805546,-5.752513579988455
20,U,k96_0.3_flat,3,U,,,1.005996526324777,0.14379625878247218,0.997075606248204,1.079091343100862,0.11483784393540883,0.2983697307585414,-3.105780396978774,-5.73779056132191
21,U,k96_0.3_flat,3,U,,,1.02147703786145,0.15013090057657316,0.9859343392511274,1.0964586959898994,0.11479598085912293,0.2954047838505199,-3.113101958481265,-5.718671506160697
22,U,k96_0.3_flat,3,U,,,1.025959614393386,0.15243742300633908,1.0340742923051949,1.054938880606088,0.13613227273937512,0.3072998436624623,-3.0845945249638818,-5.750574452378097
23,U,k96_0.3_flat,3,U,,,1.0389277879547225,0.16163053803213862,1.0295894445448222,1.0573213326546231,0.11998694071631927,0.30661279469127983,-3.128192758856445,-5.746887883802381
24,U,k96_0.3_flat,3,U,,,1.0261378936009684,0.1672954755905491,1.0336698932205453,1.0461074140343327,0.14222496405320845,0.3075178024588995,-3.0840528675071224,-5.76917874183522
25,U,k96_0.3_flat,3,U,,,1.0455826733435163,0.16035186514092106,1.047301009842818,1.00283110916573,0.14307085620704976,0.3108369637777684,-3.0938583024705224,-5.735141082547708
26,U,k96_0.3_flat,3,U,,,1.0471571302245302,0.15134938940363948,1.0161713682351714,1.0325437784631633,0.12557917895818144,0.30306751268018683,-3.0803626436693636,-5.723510273298057
27,U,k96_0.3_flat,3,U,,,1.0455543232099396,0.16670940107519616,1.0504618803482906,1.059868190909151,0.1324359878838697,0.31154034607285336,-3.091973869241634,-5.745880568723002
28,U,k96_0.3_flat,3,U,,,1.0306077292862736,0.16426689821102322,1.044912080016901,1.0566714272633708,0.11840291514536179,0.31015234289801835,-3.1196615478274663,-5.748825131451502
29,U,k96_0.3_flat,3,U,,,1.034592366363665,0.17588476335407846,1.0469068116909248,1.0603738861670748,0.1369304370557075,0.3106636522440963,-3.109467496689251,-5.711181215692211
30,U,k96_0.3_flat,3,U,,,1.0619134786895268,0.18521602579718238,1.0497384606077877,1.0803560602736255,0.1369126691929602,0.31126631594414744,-3.0899603716851076,-5.7266155606652855
31,U,k96_0.3_flat,3,U,,,1.0611837935160249,0.18265144052555335,1.0426665864969253,1.0633819499608324,0.12734629013027512,0.30960945456440453,-3.0770806308686627,-5.738829026696455
32,U,k96_0.3_flat,3,U,,,1.047428922451695,0.17140843330456643,1.0364748932231649,1.0679379418438755,0.13235413550749672,0.30801550840415143,-3.0810948982955613,-5.68999625471494
33,U,k96_0.3_flat,3,U,,,1.052752279648479,0.18893102938212056,1.0956736291619746,1.0598513857104743,0.14881287516993666,0.32203516376328584,-3.0968842622082184,-5.707463190206969
34,U,k96_0.3_flat,3,U,,,1.0534216693140086,0.17476322070268474,1.0575186694708627,1.0521170890798512,0.13640848356728083,0.3131685609294474,-3.1097623287259823,-5.7037368246708695
35,U,k96_0.3_flat,3,U,,,1.0623082089316134,0.17192719515399654,1.0636831788277128,1.1054548101124906,0.12151659912659071,0.31458144899057205,-3.1366171379588246,-5.759323230367701
36,U,k96_0.3_flat,3,U,,,1.077120712695433,0.19129930490036842,1.045717591715938,1.0529979844849262,0.15569779039465217,0.3102337203755307,-3.0919378957646555,-5.734275356811212
37,U,k96_0.3_flat,3,U,,,1.0852047500881254,0.1851239808488875,1.0713829566724746,1.0684387906661919,0.1502040653863239,0.31660714438405707,-3.113571653491176,-5.724582866352414
38,U,k96_0.3_flat,3,U,,,1.1036608120924774,0.19516043862641513,1.07547466349093,1.0330901010848663,0.1635218084478464,0.3173424706932272,-3.106410751439613,-5.689677235198886
39,U,k96_0.3_flat,3,U,,,1.0953349822907832,0.179419863776209,1.0878566815808213,1.0355383808039915,0.17602192243925002,0.3203970785221705,-3.1253490807265,-5.7171679311965935
40,U,k96_0.3_flat,3,U,,,1.088300326869027,0.17516002147180815,1.1162476845464346,1.0350346870315354,0.1610520766677022,0.3274414844383261,-3.0907019606739823,-5.688246734912665
41,U,k96_0.3_flat,3,U,,,1.09035185764189,0.17510081380494624,1.0881646588120764,1.0722699454756814,0.16681020054807888,0.32057526292516325,-3.071740891612321,-5.645583721833059
42,U,k96_0.3_flat,3,U,,,1.1055532911456123,0.19817866373355258,1.0524693644729135,1.0906371999695084,0.16459297186391303,0.3118975812576441,-3.0647097657026996,-5.664730639819701
43,U,k96_0.3_flat,3,U,,,1.1176082788305512,0.2084398003025379,1.055249134438566,1.0813041362129536,0.148966260794023,0.3126420470792424,-3.0776197818226287,-5.695334551311676
44,U,k96_0.3_flat,3,U,,,1.0980611534663254,0.20409683183002608,1.0937643854250227,1.0283231044017227,0.16832226241438905,0.32200354250904467,-3.069296294965334,-5.66105423074388
45,U,k96_0.3_flat,3,U,,,1.0921857917776019,0.18840511256745243,1.0712250692567145,1.0658649159131257,0.15973331654467737,0.31664660936178096,-3.0973864711650925,-5.645429642180241
46,U,k96_0.3_flat,3,U,,,1.1025022011778158,0.19732812631138852,1.0898504104665911,1.006105090779464,0.1646415260714684,0.3211073082290681,-3.112596765422474,-5.66957595483272
47,U,k96_0.3_flat,3,U,,,1.1097296659002098,0.19655632210404117,1.0712975079176403,1.0454577735078152,0.14346822596181716,0.3164076675875187,-3.1318253801021925,-5.647121736080135
48,U,k96_0.3_flat,3,U,,,1.1392351458221435,0.19709965790850362,1.0521758134889792,1.0011445973747979,0.1499218061750683,0.3118989278652245,-3.1388546176733136,-5.654546557151028
49,U,k96_0.3_flat,3,U,,,1.1408309393317089,0.2231459594875487,1.051436752730301,0.9957999720304476,0.134194515589409,0.31168931079726486,-3.1415262870944827,-5.693480611212062
50,U,k96_0.3_flat,3,U,,,1.1745617354646747,0.24449742993715104,1.0573715607142826,0.9994407801546955,0.1502209930534672,0.3132105454430253,-3.1245162657235452,-5.712301298286762
51,U,k96_0.3_flat,3,U,,,1.194338092687707,0.2562086507309042,1.0352335480158308,0.9809491559828923,0.1347853795961891,0.3079519902378407,-3.146149027417371,-5.707411741591211
52,U,k96_0.3_flat,3,U,,,1.190012094010561,0.2587753142882062,1.046519135111819,0.9587181792608301,0.13925670566318088,0.31062798202550035,-3.1711692620106176,-5.690739929094267
53,U,k96_0.3_flat,3,U,,,1.1490100091503366,0.2268161849378037,1.0507049463910187,0.9969977879394851,0.137933620109904,0.31157130031726593,-3.16222632021885,-5.715643390457208
54,U,k96_0.3_flat,3,U,,,1.1941967892401006,0.2338709339822843,1.0723530471622802,0.9879066818307721,0.13308671970825306,0.3167455883799919,-3.15957817012775,-5.698487009518976
55,U,k96_0.3_flat,3,U,,,1.181113403522331,0.22905867927393292,1.090531952582493,0.9830450998214697,0.12917004712275137,0.3211481495444956,-3.194400180125933,-5.727951366033627
56,U,k96_0.3_flat,3,U,,,1.1424625112338451,0.20506131744081466,1.0460264327130468,1.0184675458814265,0.12610266931498845,0.31012791341937956,-3.1892194780637273,-5.778940434489553
57,U,k96_0.3_flat,3,U,,,1.1223768551825029,0.2109819769780783,1.0609519060096853,1.0007891540415255,0.12329112615965299,0.31388167045380794,-3.215249143309302,-5.786851963909589
58,U,k96_0.3_flat,3,U,,,1.0914156374949493,0.17451583832069595,1.0629720692668816,1.001197695396526,0.13058580245282245,0.314320501363785,-3.228187559492268,-5.781952730906692
59,U,k96_0.3_flat,3,U,,,1.1048271411840866,0.1824763393557245,1.0761256320677957,0.9439487646759877,0.1282905434879001,0.3171178477775752,-3.258380748990448,-5.781036316359097
60,U,k96_0.3_flat,3,U,,,1.1231983728515524,0.19805667415112335,1.0803503558004743,0.9668423338207882,0.1498772569731861,0.3182404375373638,-3.244019342954659,-5.7589082935397675
1,I,k96_0.3_flat,4,I,1.0001184485624746,0.4766666666666667,1.0145150110250634,0.15281563753867314,1.011711211228004,1.0090823379249632,0.14632065079936246,0.3019344691537814,-3.114573773593249,-5.688680262060347
2,I,k96_0.3_flat,4,I,1.008699539443046,0.47333333333333333,1.032467481805487,0.15336597465591287,1.0378403500632798,0.9839635904810765,0.17883882802910986,0.3084858524991585,-3.0839737158045235,-5.651204780810683
3,I,k96_0.3_flat,4,I,1.0217685856248035,0.48,1.0656345433440455,0.18521052755981646,1.0006902441972436,0.9891641946300874,0.14520791588379617,0.299283864587474,-3.107109590049014,-5.622632752166473
4,I,k96_0.3_flat,4,I,1.0200110924513834,0.5466666666666666,1.0645986935904133,0.19542296512536578,0.9777952021143168,1.0197935446779873,0.14982000303793214,0.2932913998673926,-3.1401416690513044,-5.611187830002265
5,I,k96_0.3_flat,4,I,1.0189915864528851,0.5166666666666667,1.0678043684347662,0.2221981510534605,0.9697898304305533,1.0233543628662498,0.1553570972614982,0.2915379826615458,-3.120373802842512,-5.645957569388056
6,I,k96_0.3_flat,4,I,1.022082365117024,0.49333333333333335,1.0692208962847791,0.19769015627005454,0.9934776165715005,1.05507863008955,0.14863662010750686,0.29737226363202285,-3.1199143789328887,-5.606330858856834
7,I,k96_0.3_flat,4,I,1.0292368747410312,0.5066666666666667,1.0847556060753898,0.19753934044624719,0.9605318293410393,1.0408683923757085,0.1434379122642095,0.2891670148364753,-3.127652115824927,-5.59827519885057
8,I,k96_0.3_flat,4,I,1.0452978023393638,0.47,1.1219025833310476,0.21577659033425342,0.9370410487957687,1.0435881654260641,0.14413685824691458,0.28340115032326013,-3.1131450652973105,-5.616968145992806
9,I,k96_0.3_flat,4,I,1.0486431396860687,0.48,1.125128770425164,0.19586087386062823,0.9261445256352213,1.0437214234423091,0.1561481452769475,0.28059262410795904,-3.076713431601753,-5.5631022405620305
10,I,k96_0.3_flat,4,I,1.046680932971036,0.5033333333333333,1.121047957398543,0.19595870158125794,0.9125818091246091,1.0136935788647827,0.13282372116469174,0.27722129812582624,-3.0934810789416742,-5.5881494800570755
11,I,k96_0.3_flat,4,I,1.0456381702608861,0.53,1.120687358867264,0.20425139774008577,0.9569665041719636,0.9837063783111852,0.12316259186497902,0.28843840718856334,-3.083647843998003,-5.620343223870497
12,I,k96_0.3_flat,4,I,1.0335353083321783,0.53,1.0886809762441274,0.17261475874541415,0.9645503826490013,1.0296154022341701,0.10695213849201607,0.2899964118745959,-3.0821451119199166,-5.648750402991645
13,I,k96_0.3_flat,4,I,1.057796741399894,0.5066666666666667,1.1479185128145752,0.20837913665362637,0.9531413165937442,1.0103990988142744,0.15736048715551457,0.2875589431694552,-3.094146538340745,-5.632599471524385
14,I,k96_0.3_flat,4,I,1.0641024183960979,0.48,1.1631806607935464,0.21263149909403473,0.9223432262519645,1.051297373446335,0.11534157240133641,0.2796890741678904,-3.1178909508058745,-5.608856144240625
15,I,k96_0.3_flat,4,I,1.0697486778696523,0.5066666666666667,1.1830252990391326,0.24282619021035487,0.933872088480532,1.0256927378833192,0.15804835108641346,0.28258016575735184,-3.098478722275359,-5.602962253146351
16,I,k96_0.3_flat,4,I,1.0720919961358366,0.5066666666666667,1.1866179141841433,0.23965993908335648,0.9147286304564881,0.9776635137630073,0.13817958841152161,0.27776776289103583,-3.0820804662955386,-5.662484788109492
17,I,k96_0.3_flat,4,I,1.0663819731497075,0.5433333333333333,1.1715703871448921,0.22647912590577526,0.921549148228846,0.9643447324373091,0.1289052821018909,0.27946597050322924,-3.0592486515011985,-5.72109010495692
18,I,k96_0.3_flat,4,I,1.0815110370084238,0.49333333333333335,1.2050105519598597,0.2311757503590592,0.9228720157867315,0.9531426765133669,0.115965786726503,0.27992885720804056,-3.050404561910133,-5.716329078050979
19,I,k96_0.3_flat,4,I,1.0923399815233532,0.5266666666666666,1.2315838624903563,0.24053728745734532,0.9335240986548765,0.9576010925436619,0.1470618721442634,0.28251943334917323,-3.0628845218062506,-5.717396811343155
20,I,k96_0.3_flat,4,I,1.1079193641150922,0.5,1.2622531349557546,0.22199159687288506,0.9078454747827674,0.996170641740193,0.12798785365169335,0.27601108959403653,-3.109262724245212,-5.757794334059205
21,I,k96_0.3_flat,4,I,1.1134192043495963,0.47333333333333333,1.2734954291670695,0.21529219876628478,0.930011911846121,1.0059541926394708,0.12906730661823132,0.2813585964133763,-3.124562587903978,-5.729699406313134
22,I,k96_0.3_flat,4,I,1.1332165543912887,0.5,1.318071679554827,0.20919450015376978,0.9356590046452534,0.9869498134524349,0.11973520380354717,0.283101868927774,-3.0844636006604786,-5.755781791514415
23,I,k96_0.3_flat,4,I,1.1325625702230044,0.49,1.3179727985041212,0.21574378479167905,0.9171405928433565,1.008863166318509,0.11784880672571872,0.2783645852664936,-3.1021671848586494,-5.7477740292540105
24,I,k96_0.3_flat,4,I,1.1381266484056842,0.5066666666666667,1.3307542626458333,0.21406256225574133,0.8845296718255922,1.0281148054758007,0.10947252549700819,0.270101817161685,-3.112851072862366,-5.756255134876232
25,I,k96_0.3_flat,4,I,1.1439414224222024,0.44333333333333336,1.346990695219629,0.2256324499184739,0.9149273621680104,1.0276661745606233,0.10417458455279387,0.27796618241692483,-3.0720024021798267,-5.746916892977521
26,I,k96_0.3_flat,4,I,1.151668718648616,0.5266666666666666,1.370125819741851,0.2460923872358247,0.8690112002954095,1.010322171381341,0.1321915608338312,0.26619141904019966,-3.110050276361418,-5.741545767818016
27,I,k96_0.3_flat,4,I,1.172214414724854,0.49,1.4163080061804594,0.23208336353138312,0.839317239391439,1.0350186914139456,0.11060139696984644,0.25826663226703467,-3.0978360996884877,-5.726398385426822
28,I,k96_0.3_flat,4,I,1.1723176432296656,0.5066666666666667,1.4188356778445814,0.24444802809497948,0.8577242121905377,0.98746589906698,0.11398385051156094,0.2632340918214241,-3.1143300073708042,-5.712992460234889
29,I,k96_0.3_flat,4,I,1.1907519607361583,0.48333333333333334,1.4606057518891533,0.22633701773589157,0.8713178310004897,0.9914702496267607,0.13044024669858367,0.26676824875973854,-3.1513102563327613,-5.713422051591176
30,I,k96_0.3_flat,4,I,1.2037662149162744,0.5,1.495454425767962,0.2380824853982488,0.8473622325737338,0.9958085795569703,0.12186436466735825,0.26035643067684733,-3.144247981183309,-5.694835651537741
31,I,k96_0.3_flat,4,I,1.1921171482827715,0.5,1.4656996007096728,0.23588737141621244,0.8194549458485422,1.0288543344337961,0.13842400432340374,0.2530218880664464,-3.2185177290747795,-5.688682974972109
32,I,k96_0.3_flat,4,I,1.2021854177228253,0.46,1.4903344337987967,0.23333329759022264,0.8452178911322875,1.0312795989305168,0.11930327061578286,0.2598297409996499,-3.207822307256785,-5.7070653479092135
33,I,k96_0.3_flat,4,I,1.199443590660754,0.5233333333333333,1.4853904437064156,0.24221075844740048,0.8443182830194191,1.031028121919144,0.14684260450510647,0.25949690751060167,-3.234388128881318,-5.728108109167139
34,I,k96_0.3_flat,4,I,1.191463834526642,0.52,1.4655541085771653,0.24199022431914716,0.8540856911229957,0.9824461625755555,0.12158077617406547,0.2621181400684663,-3.203235123392379,-5.695676303892105
35,I,k96_0.3_flat,4,I,1.2008491804051666,0.48,1.4865953168963673,0.23219824353127724,0.8367666731023379,0.9810667969753933,0.15716920931605194,0.25757908853719885,-3.2024145752108386,-5.737788402938537
36,I,k96_0.3_flat,4,I,1.2024115530279162,0.49,1.4949270068508338,0.2533136040918678,0.8415266526684472,1.0157282185552525,0.12158753101627325,0.25890400978243916,-3.1483186769969445,-5.658613927100303
37,I,k96_0.3_flat,4,I,1.1991360806791531,0.51,1.4836930359320377,0.23787883844232557,0.8455518871317388,1.0114920145721704,0.12147872194691212,0.2599905395598726,-3.160966286226298,-5.648643803675429
38,I,k96_0.3_flat,4,I,1.194368744092426,0.45666666666666667,1.4746300132702674,0.2519109402771558,0.8596263743661988,1.0077668865997949,0.10056608204612254,0.2636926935846751,-3.173756830814491,-5.635054294970167
39,I,k96_0.3_flat,4,I,1.22606216526052,0.5133333333333333,1.5538329664381927,0.2487659633230912,0.8374636443412727,0.9976527987666687,0.11592088211477314,0.25781262203658556,-3.1875549394381526,-5.672680068245187
40,I,k96_0.3_flat,4,I,1.2301131354476913,0.5066666666666667,1.5654958640285803,0.2564428987195272,0.8276197096001162,0.9769732220122966,0.12377448450366588,0.255296670183435,-3.187371100607812,-5.675213118383399
41,I,k96_0.3_flat,4,I,1.220468462655171,0.5066666666666667,1.5397350776541086,0.2515979144310784,0.8258194071665816,0.9631891930124525,0.11299615881973447,0.25478524273221814,-3.182358215853884,-5.677081939633619
42,I,k96_0.3_flat,4,I,1.2263432658271949,0.44,1.55853274015181,0.2706844773378139,0.8315170895845649,0.967572140374599,0.09651005797392558,0.2563185062011509,-3.190070813157031,-5.666890817371084
43,I,k96_0.3_flat,4,I,1.220879438846854,0.52,1.5418768250893549,0.255525218971872,0.834847495292802,0.9844714887556699,0.11472933547649564,0.25713163466988975,-3.18445615298871,-5.714209468905279
44,I,k96_0.3_flat,4,I,1.2267596564602001,0.5,1.555997308148501,0.2529421735022437,0.8430060334638034,0.9878014524019743,0.1258126388062938,0.25929604284005736,-3.201425510627743,-5.726541857387827
45,I,k96_0.3_flat,4,I,1.2288344324530833,0.44,1.563417085071195,0.2623456600467159,0.8257055007404773,0.9969493794755967,0.10636769387554834,0.2547338013594729,-3.1974968500873344,-5.718292930994181
46,I,k96_0.3_flat,4,I,1.2311866081442804,0.49,1.5644017526355325,0.2363467921313422,0.8052375826715825,1.0024072321219102,0.15044150852968174,0.2493267704867686,-3.2186508450155347,-5.74389998168523
47,I,k96_0.3_flat,4,I,1.2403095478346853,0.5066666666666667,1.5919407670048527,0.2551450496291621,0.8015202125488549,1.0008412355777527,0.14133867116950527,0.24826816495626805,-3.2364995000334194,-5.697753316481193
48,I,k96_0.3_flat,4,I,1.2421283134243795,0.49,1.5893949394795375,0.21929252761656254,0.8006230785851843,1.0284104455830883,0.16030828590723503,0.2480678105508143,-3.2196225021873044,-5.729893651378088
49,I,k96_0.3_flat,4,I,1.241570888651814,0.5266666666666666,1.595067046874497,0.2553071422923919,0.7935782504496296,1.0567363592097327,0.1423648203111959,0.2461171605983523,-3.2884622813992093,-5.708111509392943
50,I,k96_0.3_flat,4,I,1.254153280393088,0.56,1.6216470220200647,0.22515158731149196,0.7796484120849457,1.0435060856934062,0.15481027537158218,0.2425199161703044,-3.299546773820241,-5.71717413013816
51,I,k96_0.3_flat,4,I,1.2669396333438268,0.5033333333333333,1.6609005096285638,0.25328514885118675,0.7944608291613071,1.0628058731632273,0.140988645463109,0.2464881266123525,-3.3358606955421455,-5.733864541688777
52,I,k96_0.3_flat,4,I,1.2587077229724724,0.4866666666666667,1.6340239593475192,0.22630149714174916,0.793937602460658,1.0454470892441303,0.14189844948893465,0.24628922937559233,-3.3494806486938624,-5.742342081832414
53,I,k96_0.3_flat,4,I,1.2653551499029256,0.5,1.659081924833474,0.2649962330410989,0.8132323487007302,1.0159979132568597,0.1450494462699281,0.25155845421769585,-3.370785000067629,-5.750779006480165
54,I,k96_0.3_flat,4,I,1.2684010033544695,0.52,1.666696038340993,0.2627146437724122,0.797720970646793,1.0261719011233708,0.1435725584332637,0.2473845619698002,-3.410048573171082,-5.7367191240037645
55,I,k96_0.3_flat,4,I,1.275856498162108,0.53,1.6815599925791913,0.23709930351754213,0.7928611361450637,1.0041202632201578,0.15534851507331982,0.24607686742771184,-3.39907179468465,-5.760504996574444
56,I,k96_0.3_flat,4,I,1.289209835081875,0.48333333333333334,1.7177580985106125,0.2395143407444242,0.7785261312239371,1.0215468505662015,0.15900685402539874,0.24222454004197763,-3.4099529918102847,-5.795034708531101
57,I,k96_0.3_flat,4,I,1.293686339398095,0.56,1.727907585793056,0.2285365457289385,0.8010808563687524,0.9512458141545445,0.18799715160933445,0.24828496992173665,-3.4176303585631045,-5.787869450309465
58,I,k96_0.3_flat,4,I,1.2889666921448184,0.49,1.7187015929943508,0.24630020235219308,0.8004467179384193,0.9679661817425063,0.1721976064227838,0.24810125560254087,-3.388350279352136,-5.759017538658582
59,I,k96_0.3_flat,4,I,1.2951603591838377,0.5066666666666667,1.7343200516161266,0.2403915879544784,0.8208505427648217,0.9637087495660352,0.17370554865263352,0.2534707841325691,-3.3436510896997738,-5.708054996878815
60,I,k96_0.3_flat,4,I,1.3133922850378577,0.5233333333333333,1.7835839953575516,0.23531958837618833,0.8387157415783872,0.9709474614565535,0.13755932735305323,0.2582738799406997,-3.3842451143219665,-5.743561477936182
1,U,k96_0.3_flat,4,U,,,1.013306062695004,0.15662711133058652,1.0047132432874297,1.00392513062093,0.1453192432632305,0.30008149137978885,-3.12154499196458,-5.697129359958208
2,U,k96_0.3_flat,4,U,,,1.0143006777195531,0.1515783186458322,0.9969756225778974,1.0119912921085084,0.14011948918387127,0.2978835088231742,-3.1105977256598605,-5.660154798130559
3,U,k96_0.3_flat,4,U,,,0.991580354068661,0.14905823320677009,0.9659475423231978,0.984696108126479,0.16956444288289432,0.29036839349507004,-3.0870140247132962,-5.665892101289381
4,U,k96_0.3_flat,4,U,,,0.9759845263999277,0.15923311927183534,1.0141244489714154,0.961662352246676,0.17059157564530217,0.3023094190659126,-3.0599482557677202,-5.634608052782079
5,U,k96_0.3_flat,4,U,,,0.9590965225642623,0.14677233238989665,0.998138997374656,0.9984037523454173,0.1684928772261125,0.29835927739431894,-3.0806465466193345,-5.6838682296165794
6,U,k96_0.3_flat,4,U,,,0.9409566422333296,0.13219516206559287,0.9649072819140307,1.0525276472734038,0.14419199028108676,0.2899506878796105,-3.074944745901598,-5.651574312594099
7,U,k96_0.3_flat,4,U,,,0.9368279614069082,0.12456222116072907,0.9825600232268668,1.0265115575691235,0.14856003873003773,0.2942864082832051,-3.1351755680402023,-5.7052282565786845
8,U,k96_0.3_flat,4,U,,,0.946602632953064,0.1312763689590421,0.9248214490599946,1.0456537950222062,0.1310871234455044,0.2796842569390184,-3.1392425359961473,-5.689542574027735
9,U,k96_0.3_flat,4,U,,,0.9600101694388669,0.14212817062674696,0.9497061651069351,1.0205025260572291,0.14923471856329937,0.28636941565965385,-3.1328572359833924,-5.68380054581527
10,U,k96_0.3_flat,4,U,,,0.9808745029181192,0.1550261683151269,0.9138371909193813,1.0309613419439727,0.1524905258022232,0.27707900170562694,-3.1348832279027903,-5.676755495335543
11,U,k96_0.3_flat,4,U,,,0.9846383324157231,0.16105032847113165,0.9150089594290323,1.011668616529083,0.13045272845128542,0.27750737636133777,-3.1293029467281137,-5.674128658629982
12,U,k96_0.3_flat,4,U,,,0.9785037691812636,0.15356852431402412,0.8910082235179315,1.0192982046622012,0.1336949269273087,0.27154763749171984,-3.1339947129338284,-5.690884107663381
13,U,k96_0.3_flat,4,U,,,0.9968701958933301,0.17038881605669842,0.8930184791081692,1.0158300627303953,0.12517210359789444,0.2718046733536951,-3.164153436129768,-5.6622694394058275
14,U,k96_0.3_flat,4,U,,,0.9854582785569088,0.1571255343046553,0.906087577572202,1.01427119489768,0.13069458690156516,0.2751517347730123,-3.119844337168289,-5.681654621129548
15,U,k96_0.3_flat,4,U,,,0.9797794160363077,0.15589595648003257,0.9212262066783957,0.9934707573875543,0.1447314936608573,0.2791889693241733,-3.148863558994832,-5.69593427382297
16,U,k96_0.3_flat,4,U,,,0.9977875599048835,0.16108566573369673,0.8915617791502993,1.0013993668265369,0.15039081786443262,0.271572542146516,-3.1456947826269825,-5.667441066337408
17,U,k96_0.3_flat,4,U,,,1.0001915845372256,0.17793164242764492,0.9038367337556391,0.9646842570992616,0.1456076419128091,0.27466768932992985,-3.121070107216481,-5.66687552622606
18,U,k96_0.3_flat,4,U,,,1.0117836739112298,0.19087118857084995,0.9119807641230223,0.9874084976774867,0.14864010216260015,0.2766752360124523,-3.1047141076965303,-5.6611099557832665
19,U,k96_0.3_flat,4,U,,,1.00324618240551,0.19439110234642665,0.9053345713572537,0.9559818036968871,0.1707683584145675,0.2752388884571435,-3.1122081817223815,-5.716428192482646
20,U,k96_0.3_flat,4,U,,,0.9839358589338353,0.16702559957928276,0.916628951413663,0.9434405605859995,0.18517736735367732,0.2781275062425462,-3.1243245970581563,-5.7301144419796355
21,U,k96_0.3_flat,4,U,,,0.9943754330084595,0.17664497734813753,0.9294180797786331,0.9798708490526646,0.14724542604121127,0.28141847189483227,-3.153093396005262,-5.722882081922842
22,U,k96_0.3_flat,4,U,,,0.9754114504391945,0.18161671536457122,0.9363484134581945,0.9703483275602802,0.1787214982345798,0.283127760328898,-3.15994859139654,-5.722367069321212
23,U,k96_0.3_flat,4,U,,,0.9817796805194793,0.1792800948569304,0.9444110175038547,0.9831561778821356,0.1556309904106083,0.2852682439019633,-3.174920482347677,-5.7151577944430025
24,U,k96_0.3_flat,4,U,,,0.98138359584742,0.17409671750283798,0.9728667755740097,0.9597263281149954,0.16489678092483798,0.29225608939193753,-3.206637125534784,-5.705612162032197
25,U,k96_0.3_flat,4,U,,,0.9698882872430666,0.1732071294584395,0.9648344920775381,0.9787994063665993,0.15875814832515917,0.2902920348114204,-3.1908293264045735,-5.723506011122923
26,U,k96_0.3_flat,4,U,,,0.9665030171685257,0.17375053037304017,0.9620276891055973,0.9966873506513066,0.14721515782560304,0.28965091133845294,-3.188060861156949,-5.7140697450509625
27,U,k96_0.3_flat,4,U,,,0.9723295657012258,0.15946838866899815,0.9707380169199621,0.958258406040352,0.1669363234379927,0.2918322181481191,-3.198507355850568,-5.724753792013019
28,U,k96_0.3_flat,4,U,,,0.9803176155719007,0.16753114982246797,0.9607376790272353,0.9423061948212217,0.18120501965372723,0.28931937572018296,-3.2060679992931913,-5.719964086800296
29,U,k96_0.3_flat,4,U,,,0.993237588636523,0.19710087563212264,0.9725834354796428,0.900436879350312,0.16550118416491116,0.2921344614036366,-3.236244609143719,-5.73635980825363
30,U,k96_0.3_flat,4,U,,,0.9804560143236485,0.1876492178479889,0.9646654370713981,0.919858191697709,0.14202521364948859,0.2901332352596418,-3.209956481524648,-5.687398089863416
31,U,k96_0.3_flat,4,U,,,0.9826146303687328,0.20112562570223522,0.9495053557923256,0.9152539295424197,0.14295510573836132,0.28641763574118234,-3.2177975785560613,-5.73566239732428
32,U,k96_0.3_flat,4,U,,,0.9753968082860602,0.2083679167807234,0.9703639339430135,0.9523053242837576,0.1439069752160797,0.2917357356040325,-3.190524191814368,-5.727645154743842
33,U,k96_0.3_flat,4,U,,,0.9274826116799413,0.18689387949996805,0.9514492762286925,0.9292261116913995,0.139572981196985,0.2871806477242217,-3.1799150389071458,-5.763467492005585
34,U,k96_0.3_flat,4,U,,,0.9139833196320774,0.1813556806145049,0.949878856585671,0.9175731644758438,0.1643756019677937,0.2866251040319285,-3.167896292078825,-5.779188910661805
35,U,k96_0.3_flat,4,U,,,0.9087368363764226,0.17367243811773234,0.9310436356204719,0.905788930248691,0.17354360751318315,0.2820077009894172,-3.154638000531197,-5.772907966959495
36,U,k96_0.3_flat,4,U,,,0.915816873544389,0.16620489894866203,0.8896339404995756,0.8837626233793476,0.1656434514566456,0.27117242148800785,-3.162273487016832,-5.768017642391507
37,U,k96_0.3_flat,4,U,,,0.913337586041586,0.1527420352425856,0.8937140380403167,0.9082200617407629,0.1413002509802853,0.2723111403728065,-3.1859492341419413,-5.7371080252155044
38,U,k96_0.3_flat,4,U,,,0.913156438527972,0.16283071541555888,0.880248130788792,0.8825835657267677,0.15966744828183113,0.2686460736834555,-3.1832360485028426,-5.733001264471635
39,U,k96_0.3_flat,4,U,,,0.9288938416429956,0.162132533469716,0.8828916191522652,0.8819341243258775,0.15661104469536274,0.2693225820557025,-3.206340633705754,-5.720589722245375
40,U,k96_0.3_flat,4,U,,,0.9151589591451167,0.15644343100566493,0.8501534299017602,0.8819367161879389,0.13899146583270117,0.2609768987640939,-3.2117740761471056,-5.7479702358935185
41,U,k96_0.3_flat,4,U,,,0.8976711372919478,0.15985896174587427,0.8707501143679163,0.8763572857330996,0.14062872203745747,0.2663454226928411,-3.2393014499946853,-5.751831025445641
42,U,k96_0.3_flat,4,U,,,0.8902840486602137,0.16506621547658024,0.8885956396637107,0.9060774981188922,0.13525154742827017,0.2709050798067338,-3.2077718508205986,-5.7579455074150365
43,U,k96_0.3_flat,4,U,,,0.8856366073595154,0.16405632413795707,0.8788541239994648,0.8641548206282863,0.1454838616068806,0.26856421554251303,-3.2537518704308566,-5.76038456727137
44,U,k96_0.3_flat,4,U,,,0.8811304535589185,0.16040434663272216,0.8782203111000003,0.8733182187131199,0.15773582995697635,0.2683977016795429,-3.2402045698267803,-5.769196499300631
45,U,k96_0.3_flat,4,U,,,0.8878268765884944,0.1535219056033632,0.907701252474889,0.8475441018955266,0.15947092022851717,0.27609100332706293,-3.2804478455155452,-5.768796208158324
46,U,k96_0.3_flat,4,U,,,0.8929224784353109,0.16827690933862272,0.9115879448342611,0.8599098787492805,0.13206678607132052,0.2768687503082973,-3.2435459470571324,-5.764466503391673
47,U,k96_0.3_flat,4,U,,,0.9218450156743772,0.16704736527489153,0.9281346126507553,0.8493972368059562,0.1654390169445286,0.2811851726075148,-3.272780366145582,-5.789107306287886
48,U,k96_0.3_flat,4,U,,,0.941589493063135,0.17131200590474976,0.9508150818123018,0.8514776795619277,0.1595261531610408,0.2868693406284126,-3.3374736700100742,-5.793724512975818
49,U,k96_0.3_flat,4,U,,,0.9337091976806414,0.181697265435381,0.9756329745120956,0.8905505003871894,0.15294839308223276,0.29318148866870253,-3.308236733597583,-5.784328705606209
50,U,k96_0.3_flat,4,U,,,0.9230045123890919,0.18666975763036828,0.9339998102027968,0.8815608932791343,0.16785906851571838,0.282539245521535,-3.3097364926268975,-5.779686630924786
51,U,k96_0.3_flat,4,U,,,0.9312088210997538,0.18642023255956278,0.9330159800327364,0.8908916279274721,0.16203295479338792,0.2824887368444236,-3.319244774909662,-5.769585530100711
52,U,k96_0.3_flat,4,U,,,0.9197841766067097,0.15887249624915317,0.977094033627129,0.8762787502380334,0.16772999007116676,0.2936207218290971,-3.3119416780478086,-5.753116412979903
53,U,k96_0.3_flat,4,U,,,0.8981365387953699,0.1741217233936805,0.9500449682682692,0.8653271392662054,0.14250485975341076,0.28668021325257903,-3.297869216386721,-5.743151352487528
54,U,k96_0.3_flat,4,U,,,0.8819694245582397,0.1459599998077389,0.9769661095307653,0.8645601925629937,0.16344811176961072,0.2936048898663766,-3.249173251624179,-5.728823274213838
55,U,k96_0.3_flat,4,U,,,0.8705576228294569,0.13701757438082135,0.9973776916523608,0.848710600043268,0.1611598687143904,0.29882533563922226,-3.2436738357662094,-5.708332788430582
56,U,k96_0.3_flat,4,U,,,0.8721457674741089,0.13509956030702255,0.9881835819736894,0.8389890844709219,0.15761049069170657,0.2964611087404261,-3.2347196599479684,-5.724432115250624
57,U,k96_0.3_flat,4,U,,,0.8890737008735755,0.15116767142241921,0.9704691193413069,0.8424752302627483,0.17524932095077383,0.29193005747994066,-3.242351424860892,-5.729752236593016
58,U,k96_0.3_flat,4,U,,,0.8924800188752758,0.14706516488363397,0.9456451567485901,0.8818693880144894,0.1399345432686952,0.2854520503308133,-3.232718446810835,-5.721628715261165
59,U,k96_0.3_flat,4,U,,,0.8911194831107251,0.13856040244815399,0.9278777527958014,0.8626858666913878,0.15835593069290277,0.28095272237464397,-3.2373897902603974,-5.733761799460147
60,U,k96_0.3_flat,4,U,,,0.9007394029625487,0.14435443718905586,0.939456823801205,0.877906313735876,0.15024855545843785,0.2840834128251851,-3.228360857312433,-5.727267885901047
