generation,regime,scenario,block,population,dose,survival,clear_rel_mean,clear_rel_sd,tol_rel_mean,pref_rel_mean,pref_rel_sd,kappa_13h_mean,bv_f_mean,bv_m_mean
1,I,kappa0,1,I,0.9999988800307622,0.47333333333333333,1.0007804418660817,0.034742867581943955,1.0024209834663156,1.0001587895342232,0.031751776575490734,0.0,-3.10023515027567,-5.677811873612802
2,I,kappa0,1,I,1.000269963661784,0.5066666666666667,1.0013367669778561,0.03453549005594912,1.0078769667407872,1.0087633302990706,0.03146046041405938,0.0,-3.142625661884675,-5.703733396198931
3,I,kappa0,1,I,0.9992913752645316,0.4866666666666667,0.9990513754602902,0.02845828087404503,0.9978851013559612,1.0126037183877208,0.02502168111796979,0.0,-3.1097452566459256,-5.696355431975282
4,I,kappa0,1,I,0.9984593499724878,0.4866666666666667,0.9973553427705857,0.02930094333079293,1.0057040714495844,1.0114932379824375,0.025578691914623166,0.0,-3.109617336106912,-5.722815859461198
5,I,kappa0,1,I,0.9987957169013386,0.49,0.99809753157872,0.030404910552329183,0.9967196079814744,1.0061254431715747,0.023417362024903517,0.0,-3.06316103062184,-5.690618032336016
6,I,kappa0,1,I,1.0005726922771851,0.5466666666666666,1.0017323792374198,0.028828880731066223,1.0027893652450488,1.0077251771030138,0.022571405693458432,0.0,-3.1047591029283184,-5.762813617037956
7,I,kappa0,1,I,0.9973510038853354,0.5533333333333333,0.9951277420669662,0.031124839216814904,0.9999338779371026,1.0111387078679501,0.023954911831502834,0.0,-3.1034129369772785,-5.754276245674024
8,I,kappa0,1,I,0.9946828180722541,0.49666666666666665,0.9895524304126534,0.029932599596334004,1.006945403069697,1.010178624736809,0.02760885424053209,0.0,-3.107398916918024,-5.7011047671879975
9,I,kappa0,1,I,0.9948355162146253,0.5033333333333333,0.9899000666220784,0.03069381353505066,1.0131444990012721,1.0089286641523456,0.02610578829219109,0.0,-3.104395930358137,-5.7113780095270545
10,I,kappa0,1,I,0.9955569784842393,0.47,0.9913603730081487,0.029842135934270268,1.0196462904597592,1.006628848764237,0.020806711340272517,0.0,-3.0701942076738162,-5.73833576280902
11,I,kappa0,1,I,0.9923884203639556,0.4866666666666667,0.9847424481269805,0.027965111403591175,1.0133496410524838,1.002812038721091,0.021396503444339108,0.0,-3.0898026053081087,-5.711989482374329
12,I,kappa0,1,I,0.9921391978906349,0.5033333333333333,0.9841300553233076,0.025110120063091962,1.0293422394175298,1.005409039597288,0.020961518806064557,0.0,-3.119191461810924,-5.719639265927893
13,I,kappa0,1,I,0.99394292536891,0.5,0.987867322500253,0.025506141859254847,1.0343509327854754,1.005946453016301,0.0205802701515991,0.0,-3.1561798161826107,-5.7082482761601065
14,I,kappa0,1,I,0.9922709770734055,0.48333333333333334,0.984409721805736,0.025384418174549915,1.0301449449588171,1.0074558701428262,0.021857497415913793,0.0,-3.132153027120508,-5.7192293402638645
15,I,kappa0,1,I,0.9967392407917022,0.5366666666666666,0.9937943240547085,0.029556416666493886,1.023969172522951,1.0044333195364867,0.020145693485468342,0.0,-3.1678404912094713,-5.689420845300372
16,I,kappa0,1,I,0.9976942383914753,0.5,0.9957346757855566,0.028512327137583456,1.0251701543344045,1.0036219299027698,0.021074193800493357,0.0,-3.1779284429326595,-5.7155014788702525
17,I,kappa0,1,I,0.9975005314080244,0.47,0.9952499071069932,0.02604630832069956,1.0231872999909197,0.9999674879171812,0.022170903910993134,0.0,-3.1778090631189055,-5.757757913905546
18,I,kappa0,1,I,0.9956822863817126,0.5333333333333333,0.9914550906311831,0.025258686602205503,1.0318188457559005,1.001209350852503,0.023677109306015083,0.0,-3.2266003042029556,-5.731093728767056
19,I,kappa0,1,I,0.9963941850652799,0.4866666666666667,0.9929989208600383,0.027360722207448847,1.0381928359699073,1.0036224984630966,0.024551755876205925,0.0,-3.252149307129409,-5.7178642856838096
20,I,kappa0,1,I,1.0002335304428982,0.52,1.0010646425601113,0.029956167855985826,1.035558880589873,1.007093792827641,0.02281134943161272,0.0,-3.230069242301384,-5.645113638247859
21,I,kappa0,1,I,1.0008941077018507,0.53,1.002535563947895,0.03249521466144735,1.0405211349911387,1.0030099622364692,0.02388053566370399,0.0,-3.236347582219277,-5.67486507571175
22,I,kappa0,1,I,0.9999582951577092,0.49333333333333335,1.0007130716589632,0.03535727437991376,1.0305439827122151,1.0040366659361284,0.02283693620114645,0.0,-3.2420628955340263,-5.654378646235312
23,I,kappa0,1,I,0.9981950112625816,0.49666666666666665,0.9970285697036286,0.034916199694345236,1.017324490734176,1.0063494589122974,0.022878320025752817,0.0,-3.294517599961268,-5.671112307947143
24,I,kappa0,1,I,0.9976006341466155,0.49666666666666665,0.9955197205372838,0.027920563630656765,1.0211331534372328,1.0082041466173894,0.021352367004075508,0.0,-3.2846916609288375,-5.684774548552319
25,I,kappa0,1,I,0.9987002972448961,0.45666666666666667,0.997874558596374,0.029897077625287354,1.021187084623153,1.0056564774783143,0.027365707330331335,0.0,-3.3114279055773412,-5.70658581324873
26,I,kappa0,1,I,1.0028542324846919,0.49333333333333335,1.0066214654363494,0.03245228294721001,1.0163376181159172,1.008362570421611,0.022537114475578605,0.0,-3.2821703406314064,-5.7169161935008805
27,I,kappa0,1,I,1.0025008909258626,0.5066666666666667,1.0058315111867862,0.031125357504652566,1.0296053170418378,1.01019798829514,0.022034872828115552,0.0,-3.308037180105304,-5.742832844756023
28,I,kappa0,1,I,1.0023374828189369,0.49,1.0055986131998635,0.03383081017115091,1.0194118835783408,1.0084529681174577,0.023452861741646843,0.0,-3.3426907659680003,-5.7419669017657
29,I,kappa0,1,I,1.0048443433279566,0.47333333333333333,1.010935057373788,0.03615010363827364,1.019070305254084,1.007936750578925,0.02396043280705736,0.0,-3.3102800948640594,-5.69163916674408
30,I,kappa0,1,I,1.0020696099409767,0.4533333333333333,1.0050614515701761,0.0343673495673682,1.0158234967386446,1.0099470361696072,0.01959289965504374,0.0,-3.315562702657566,-5.714809975538461
31,I,kappa0,1,I,1.0025645459431594,0.4766666666666667,1.0060023693164555,0.03212913150212101,1.021964823426043,1.012515376549895,0.01856441546110127,0.0,-3.330508615239742,-5.713266506794039
32,I,kappa0,1,I,1.0022612428932214,0.52,1.0053855948724568,0.03247895919417516,1.0217645881303667,1.011115827283736,0.0184628518485388,0.0,-3.3690299900964096,-5.6855423617136935
33,I,kappa0,1,I,1.0037231641485946,0.52,1.008268023829405,0.028137072466470292,1.022782252896182,1.014559660040722,0.018198383890256957,0.0,-3.348248632527125,-5.664384527520224
34,I,kappa0,1,I,1.0044736766033997,0.5,1.0097593409413579,0.02589671246678558,1.026685988919574,1.0170699869167834,0.01507183751573166,0.0,-3.311016648796475,-5.686339303190781
35,I,kappa0,1,I,1.007333317878995,0.5,1.0159165463681687,0.030686287178697792,1.0274988906306761,1.0166772902415118,0.01642318119289544,0.0,-3.31662487543532,-5.680852419825897
36,I,kappa0,1,I,1.0074767037818484,0.55,1.0162349674925544,0.031232823996203796,1.0380615247761902,1.016504226810775,0.014935061691496691,0.0,-3.380986115193826,-5.695313897998015
37,I,kappa0,1,I,1.0022148021285036,0.46,1.0052417179316,0.03129006474315718,1.0348387651973217,1.0189092145434377,0.01565265375683712,0.0,-3.3644937203916294,-5.7296310650664815
38,I,kappa0,1,I,1.0028902174091454,0.5133333333333333,1.0067182144143214,0.03297737907850348,1.0478689599029876,1.0207759157327332,0.013369263145281755,0.0,-3.373409013905194,-5.755698457480612
39,I,kappa0,1,I,1.0082462154065084,0.48,1.0181560728257324,0.03822950188898807,1.0532968929364075,1.0193617648502489,0.01512903620942756,0.0,-3.386448992247326,-5.712959857188611
40,I,kappa0,1,I,1.0121826900978173,0.4633333333333333,1.0263313291835767,0.03602112240184447,1.0517648379213602,1.0206940841356575,0.014501182415888943,0.0,-3.3698552141781035,-5.7524505907479835
41,I,kappa0,1,I,1.0154351799645303,0.5166666666666667,1.0332992995091506,0.03841797465523629,1.040915769387812,1.0173391390844913,0.015287624555816618,0.0,-3.3369927098080097,-5.740238521031299
42,I,kappa0,1,I,1.0153147350434075,0.48,1.033011321995787,0.03768381163057815,1.0414051587229405,1.0166211777821452,0.015783819425695334,0.0,-3.37451730031997,-5.7567427924790735
43,I,kappa0,1,I,1.017698248381358,0.5433333333333333,1.0379974577138191,0.03639734295977186,1.0505662236802809,1.015085710694023,0.01837466311584228,0.0,-3.40158815945061,-5.810886673359151
44,I,kappa0,1,I,1.0205904544003295,0.49666666666666665,1.0442277468534442,0.03833554383768942,1.047188115177495,1.009786763016286,0.019012013013081884,0.0,-3.4091237611633565,-5.816440371554847
45,I,kappa0,1,I,1.0234514410495266,0.5233333333333333,1.0502191325304273,0.03637798859011194,1.042684530127689,1.010575315512522,0.01988881613126138,0.0,-3.4375744818317555,-5.81625718364644
46,I,kappa0,1,I,1.022818296741889,0.53,1.0489157917456187,0.03740191999804505,1.0473845461762634,1.0089449457692001,0.019324697782499404,0.0,-3.38367139940192,-5.848622934957569
47,I,kappa0,1,I,1.0215863535175473,0.52,1.04626836840589,0.036804860748388846,1.0503118197767463,1.011547505217656,0.018782924602498235,0.0,-3.3577493677173567,-5.7928729204825915
48,I,kappa0,1,I,1.0223210561012521,0.5666666666666667,1.0480058599828863,0.04030967527140451,1.0615025803767548,1.0134687633300368,0.01775981652678913,0.0,-3.4278385440779995,-5.778737519122617
49,I,kappa0,1,I,1.0247326000265022,0.5233333333333333,1.0529781362639432,0.03703645941765614,1.071318726036503,1.0145194988939852,0.018474005326535117,0.0,-3.4420736047838454,-5.7262883701187155
50,I,kappa0,1,I,1.0292322891097798,0.47,1.0626742339365178,0.03850759250661094,1.0763276021321915,1.0197759608014152,0.016381201081380137,0.0,-3.418602686704044,-5.718651068300055
51,I,kappa0,1,I,1.0277665970353886,0.5333333333333333,1.0595682202664418,0.03914420079039569,1.0711324367656407,1.0217403119531958,0.014481218216118473,0.0,-3.45117837638754,-5.702235279442737
52,I,kappa0,1,I,1.0286708350815217,0.5266666666666666,1.0616340104895317,0.04185571410195158,1.0734081619745257,1.0231214552972354,0.012632742195822331,0.0,-3.457107945630625,-5.712110145527499
53,I,kappa0,1,I,1.02739961789913,0.5033333333333333,1.058785184406041,0.03933573567365333,1.0640438306854416,1.0225181699885266,0.012450797611579733,0.0,-3.4208762071595915,-5.678490317434769
54,I,kappa0,1,I,1.0252290066276615,0.5066666666666667,1.0542263185794958,0.040900227708043475,1.0601630190971083,1.0267859938668644,0.007498224141597361,0.0,-3.3773415292047027,-5.654821333737704
55,I,kappa0,1,I,1.0223499062650783,0.4866666666666667,1.0482249041703753,0.0434104016790337,1.060441730509674,1.0277689591611958,0.009021396336981048,0.0,-3.3745712403551518,-5.672676766570338
56,I,kappa0,1,I,1.0225192625936035,0.5033333333333333,1.0482762820282774,0.037361552703638425,1.065884156792462,1.0262908546705896,0.011794230159947726,0.0,-3.3739767859125016,-5.672518235262928
57,I,kappa0,1,I,1.021921549380909,0.56,1.0471096725670344,0.03950371063538533,1.0647294379276078,1.0247983110419565,0.012272548438487215,0.0,-3.430382873471041,-5.659905314219799
58,I,kappa0,1,I,1.0234081750327462,0.5033333333333333,1.050315506864168,0.040325676051493224,1.0520786912560667,1.026068087830326,0.010981455598642751,0.0,-3.392836954507605,-5.65762177981268
59,I,kappa0,1,I,1.022326517393237,0.54,1.0479955123682971,0.039988704255296735,1.0514861775678437,1.0271228057807595,0.009476372123862108,0.0,-3.3940652808801164,-5.6478705523755375
60,I,kappa0,1,I,1.0235816804528726,0.47,1.050651688421291,0.03962617645960774,1.0506579763629076,1.027636484223864,0.0072255519896434126,0.0,-3.3563606379564375,-5.649894428545111
1,U,kappa0,1,U,,,1.001209628402743,0.03556608705909346,1.0001695646614273,1.0009638689284663,0.029104182092784408,0.0,-3.134653463324417,-5.673183290052424
2,U,kappa0,1,U,,,1.0020700511196912,0.034007957195537425,0.9971931205039141,0.9999886725169119,0.029557073152335352,0.0,-3.0905981051125075,-5.693473359565834
3,U,kappa0,1,U,,,1.0011080272386552,0.03189233811212814,1.0082236934703204,0.9997894617242536,0.03259651681080531,0.0,-3.0755638636252325,-5.7025114873068725
4,U,kappa0,1,U,,,1.0019363010652333,0.03139322377959694,1.0080724163972243,0.9968181026940127,0.03104208657543916,0.0,-3.067586275995202,-5.689638124652423
5,U,kappa0,1,U,,,1.0022016474845161,0.031196291629701133,1.0021758618132812,1.0065033599639885,0.033228697782711696,0.0,-3.057260844106311,-5.707728134038371
6,U,kappa0,1,U,,,1.0000845206999178,0.030865728638089153,1.0034990901775496,1.0062571011224168,0.034462694602690226,0.0,-3.0823821083942877,-5.671453180166422
7,U,kappa0,1,U,,,1.0005811486381422,0.03328057437250096,1.0028776789669904,1.0062522745160754,0.03558277339822738,0.0,-3.0534999944676686,-5.6696869018366085
8,U,kappa0,1,U,,,1.0025045106201347,0.030920789973672664,1.0038080252454493,1.0036641825635357,0.03232570542285609,0.0,-3.078556426443752,-5.69557606417358
9,U,kappa0,1,U,,,1.006205045966934,0.03230510809681576,1.0106076055139495,1.0093060026202783,0.03291881305842155,0.0,-3.0870865705186565,-5.681175413718808
10,U,kappa0,1,U,,,1.0019309153030753,0.03079074833587833,1.0039385456991692,1.0051499707296438,0.03625623353223018,0.0,-3.160199212130986,-5.673821892405806
11,U,kappa0,1,U,,,0.9991972301867429,0.028299052555746954,1.0100879235475646,1.0085433041270617,0.031566905329439884,0.0,-3.151746461050144,-5.67076364750593
12,U,kappa0,1,U,,,0.999713881690677,0.025234147607709406,1.013249219741126,1.0112237652577134,0.03503930754107573,0.0,-3.156100617480259,-5.64218020268176
13,U,kappa0,1,U,,,0.9976376310116319,0.02615179322702176,1.0046431382812189,1.0093234979917844,0.03890391591749042,0.0,-3.172415818266306,-5.6665281465774555
14,U,kappa0,1,U,,,0.9956345063829309,0.02535683411859595,1.0143181745695729,1.0085336010230312,0.033091438191413525,0.0,-3.1669266218166556,-5.6416310673401115
15,U,kappa0,1,U,,,0.9963224341542578,0.02389328305841144,1.0158981952857993,1.0128376376422903,0.037118163654354025,0.0,-3.1681810553986587,-5.64480950950028
16,U,kappa0,1,U,,,0.9908859304312113,0.024015961592675415,1.022728345299997,1.0198278595973056,0.03385486238025639,0.0,-3.1448808596040028,-5.63310901518237
17,U,kappa0,1,U,,,0.9908747625171105,0.022133342684957927,1.0129189452486411,1.0186250428230024,0.0405134888583844,0.0,-3.172195270151323,-5.64649137181908
18,U,kappa0,1,U,,,0.9893702481849145,0.020306124745653353,1.0149899716335367,1.0156163136219418,0.03732897149730409,0.0,-3.167434482320631,-5.640761427139461
19,U,kappa0,1,U,,,0.988913945880563,0.022598481760372987,1.0187873149174906,1.0251378316075102,0.03932354905442131,0.0,-3.171810895987212,-5.647865337390913
20,U,kappa0,1,U,,,0.9835864447048687,0.022323528867032434,1.0179990331962747,1.0258630720750694,0.04094723646483087,0.0,-3.2145829169679145,-5.647496330464863
21,U,kappa0,1,U,,,0.984482301398184,0.02345381933682544,1.0152173207451156,1.018812494395057,0.03588521248001548,0.0,-3.192036550521287,-5.63394239935382
22,U,kappa0,1,U,,,0.9841105223382162,0.025085977905819925,1.0247281117845766,1.0246290081461462,0.03900060648011525,0.0,-3.2129175843996607,-5.655341715491108
23,U,kappa0,1,U,,,0.9874980996876808,0.02200392952565182,1.0241638571811587,1.029946112517846,0.03350354498886567,0.0,-3.187698219700892,-5.64397439707324
24,U,kappa0,1,U,,,0.9922325918961803,0.02180438139156942,1.022842708372016,1.0371108027882519,0.03064892123529729,0.0,-3.2246682791508956,-5.631025953654203
25,U,kappa0,1,U,,,0.991643932141805,0.022771151708182193,1.0303254900335552,1.0366259084059577,0.028043403218241413,0.0,-3.205026171748753,-5.632294884225356
26,U,kappa0,1,U,,,0.9907723612356764,0.022205516565276584,1.0337277024143205,1.0407093625625061,0.027951128332595526,0.0,-3.2019639174527454,-5.648371884441104
27,U,kappa0,1,U,,,0.9913375613879164,0.02397018775482576,1.0275450521749023,1.037609830489632,0.029187437840605738,0.0,-3.204239734994141,-5.637000750354311
28,U,kappa0,1,U,,,0.9936623929746696,0.023605314515732136,1.0309475776556298,1.040309708367276,0.027772500665909347,0.0,-3.2234656598366316,-5.65949685819283
29,U,kappa0,1,U,,,0.9912856344498041,0.024802746437781655,1.0303167219301144,1.034699177924619,0.025145050018852144,0.0,-3.211621217904707,-5.676211729731946
30,U,kappa0,1,U,,,0.9913325328233835,0.024344517862958492,1.0320056296500373,1.0381511278876119,0.026205264573365132,0.0,-3.2240229175075643,-5.649883817872107
31,U,kappa0,1,U,,,0.9930603479544126,0.022635656391916465,1.034953647098547,1.0376556411439304,0.02226067173619642,0.0,-3.2248708937066195,-5.615376480559951
32,U,kappa0,1,U,,,0.9921926260995508,0.023143595304394898,1.0142929958103217,1.0406166511888293,0.02043860055332671,0.0,-3.2063731651417395,-5.642971979776579
33,U,kappa0,1,U,,,0.9908361999413955,0.02414034302409688,1.024826873138717,1.0411488871692294,0.024027466887910607,0.0,-3.1751731579154208,-5.590025575231408
34,U,kappa0,1,U,,,0.9883493488784396,0.022732150434966427,1.0134057562102576,1.0431535548808355,0.023862223289563837,0.0,-3.2156708082687415,-5.63871495901339
35,U,kappa0,1,U,,,0.9876920913407711,0.025821316571550578,1.017973087273652,1.0432493440642523,0.02556408523625175,0.0,-3.2227874883455825,-5.606239101223503
36,U,kappa0,1,U,,,0.9932313109249431,0.026011040013538364,1.0105472851664532,1.0423653465832123,0.022787728356559178,0.0,-3.239630134930644,-5.6643897716968965
37,U,kappa0,1,U,,,0.9930743266183413,0.023604597928309285,1.0118105731036244,1.0515818449979593,0.025350102495988902,0.0,-3.2774524514383176,-5.6813760499622825
38,U,kappa0,1,U,,,0.9911492989896747,0.02537844217534126,1.011639660277185,1.0511644461631464,0.024167834107723243,0.0,-3.2715520753465293,-5.672047844772022
39,U,kappa0,1,U,,,0.9881561471359714,0.022877321183298722,1.0094792375259707,1.0515519688380608,0.023900950734745432,0.0,-3.2915469587154047,-5.7178163654774385
40,U,kappa0,1,U,,,0.9848336390486141,0.021149536925361416,1.0152772742164218,1.0419268647693447,0.02783381917689531,0.0,-3.2879546991256974,-5.694279630620002
41,U,kappa0,1,U,,,0.9876805300769779,0.023400046876535224,1.006944139624124,1.0483321670742787,0.023329288475493096,0.0,-3.3038965032966994,-5.681812925592125
42,U,kappa0,1,U,,,0.9839466065405206,0.02443633453149608,1.011462106474122,1.0476549274660791,0.02494690672954934,0.0,-3.2865745937870385,-5.693849343759587
43,U,kappa0,1,U,,,0.9874527974550057,0.023802017967476066,1.0072622964135667,1.0483918555812364,0.02732846139479182,0.0,-3.2932870944933823,-5.700370832840222
44,U,kappa0,1,U,,,0.9880715644307986,0.02397856104158984,1.0059021361311713,1.0488761729907348,0.022146101801476577,0.0,-3.265463931388658,-5.739295818075548
45,U,kappa0,1,U,,,0.9924880168861258,0.025552858282850734,1.0086645119136677,1.0503930719876606,0.028591974563167834,0.0,-3.2782123492326307,-5.760278723384287
46,U,kappa0,1,U,,,0.9937796664943594,0.025076982348459505,1.0074732814246212,1.0544442324761523,0.025192662898026755,0.0,-3.265201784039181,-5.7421422831241244
47,U,kappa0,1,U,,,0.9901309927681429,0.024479070693031554,0.9987600344608552,1.0537020729130335,0.02644429910299832,0.0,-3.289425555358533,-5.7593861545469025
48,U,kappa0,1,U,,,0.9892660262600198,0.024512866291974005,0.9997898173872435,1.0576938715312403,0.02921409516839342,0.0,-3.291799115748407,-5.780329675865483
49,U,kappa0,1,U,,,0.98958460827934,0.025343622911827342,1.0005192376650462,1.0533539411158424,0.027519193619097417,0.0,-3.30984265102825,-5.782884808099826
50,U,kappa0,1,U,,,0.9857844793502906,0.02491680528620975,1.004373388854623,1.0491892691082634,0.027622082746900974,0.0,-3.2967887947415146,-5.800142094478559
51,U,kappa0,1,U,,,0.987717082149577,0.024384964496411882,1.0109105920985797,1.050323096780839,0.02482210412952361,0.0,-3.3006166435328517,-5.784253991145732
52,U,kappa0,1,U,,,0.9881198163912249,0.025156440376307057,1.0091648152272106,1.0524827690078984,0.025127240397511297,0.0,-3.298841877519519,-5.818380115160399
53,U,kappa0,1,U,,,0.984987139404358,0.023866612164680365,1.0178159723174462,1.0521566532995965,0.027222757180980755,0.0,-3.28655572379227,-5.794059491166291
54,U,kappa0,1,U,,,0.9880255259859204,0.02220329404738342,1.0211681890178457,1.052123482978868,0.025950306001284805,0.0,-3.2879184689813448,-5.772654760075142
55,U,kappa0,1,U,,,0.9859759739700374,0.02125934875606876,1.0237368163082348,1.0505803841426553,0.02654055778972016,0.0,-3.3123695216257807,-5.742951410224549
56,U,kappa0,1,U,,,0.9865623438182441,0.022851883933398365,1.0318989286298845,1.0515681302982314,0.030669704089167638,0.0,-3.324045246652698,-5.759952925662137
57,U,kappa0,1,U,,,0.9873079807142593,0.023274995073009036,1.0226736351549095,1.0530687371377774,0.025473432478049108,0.0,-3.2968101365933093,-5.766463887061799
58,U,kappa0,1,U,,,0.9883227866507053,0.0231933412675643,1.024499635056366,1.051955877692556,0.022285435956841713,0.0,-3.2981322506039588,-5.756699759549221
59,U,kappa0,1,U,,,0.9906891545722827,0.022460247618433554,1.0274628472632386,1.0547080612342343,0.02455071021987623,0.0,-3.297739574936138,-5.781502587900497
60,U,kappa0,1,U,,,0.9889533031436986,0.021684632884351015,1.0314003200814428,1.0552577785559447,0.025436592722578522,0.0,-3.2837896687333212,-5.819820934201971
1,I,kappa0,2,I,0.9995605153952402,0.4766666666666667,0.9998151629717743,0.03355464459281762,1.0135838533162944,0.9983633775260472,0.03174233254339659,0.0,-3.121261623670668,-5.6967257981435075
2,I,kappa0,2,I,0.9987852436965012,0.5166666666666667,0.9981878578435974,0.03316019900452755,1.0113697891752376,0.9963612859735698,0.026619588947116343,0.0,-3.169481172339609,-5.715788025265508
3,I,kappa0,2,I,0.9958542605912905,0.5266666666666666,0.9920127743793432,0.030657540676018995,0.9976518615508769,0.9987227367756922,0.027037402777718624,0.0,-3.057986621321743,-5.737571762657992
4,I,kappa0,2,I,0.9943743619003904,0.5233333333333333,0.988934225810757,0.03024077010530936,1.0077689336674502,0.9993888086935911,0.02533552809946957,0.0,-3.0807639686715977,-5.7112714420721735
5,I,kappa0,2,I,0.9936682668174424,0.44666666666666666,0.9874873472597638,0.03059178760734135,1.0052081406763065,1.003852741544765,0.02241981497742088,0.0,-3.091366303374099,-5.6940714542759405
6,I,kappa0,2,I,0.9922740779769134,0.54,0.9846042402349201,0.030447356794180095,1.0154907880979824,1.008835249245269,0.024950623820131097,0.0,-3.1139987204337665,-5.658184574896671
7,I,kappa0,2,I,0.992552820089563,0.4666666666666667,0.9850087995126281,0.0257340446278067,1.0042876187922978,1.0138482429867335,0.02195944066796802,0.0,-3.118906201282135,-5.656334092811524
8,I,kappa0,2,I,0.9927904345165848,0.54,0.9855006564260002,0.025763549307764675,0.9996209216166576,1.0124914275169337,0.026747570377133906,0.0,-3.135320052369659,-5.6129034168591625
9,I,kappa0,2,I,0.9917025558128211,0.5333333333333333,0.9832815941298392,0.026490539877854324,0.9950608531496876,1.0096844239802014,0.01954855759468088,0.0,-3.1002504962004975,-5.614261815235721
10,I,kappa0,2,I,0.992387007923714,0.5466666666666666,0.9846154030761483,0.024167991897887674,0.9976529498729593,1.0138815507140873,0.022450087932124888,0.0,-3.1420140349095314,-5.617463042102695
11,I,kappa0,2,I,0.9877127045666967,0.5133333333333333,0.9750202490141604,0.024793368759986407,1.0018307031683578,1.0117965041437613,0.0237013636323505,0.0,-3.1313883340396598,-5.661243210145752
12,I,kappa0,2,I,0.9898276248235561,0.5166666666666667,0.9794831269510769,0.02814958721478054,1.005955640060949,1.0170634672502368,0.024788558323174843,0.0,-3.0871676114405697,-5.601740449303155
13,I,kappa0,2,I,0.9907214679162603,0.5133333333333333,0.9812929367054494,0.027401175481725614,1.0121831111967845,1.0166682234147357,0.022798139869581444,0.0,-3.0907038557619795,-5.571007731084018
14,I,kappa0,2,I,0.9915601335706193,0.4866666666666667,0.9830526192181795,0.02820729140512482,1.0199631713061001,1.0156769761492053,0.025926156898834412,0.0,-3.0544242350205697,-5.5770960442560344
15,I,kappa0,2,I,0.9923767856021765,0.41,0.9848285742195632,0.03075024135958668,1.0113826457171746,1.0197506660247675,0.0238989954742998,0.0,-3.06789496422753,-5.559935723363905
16,I,kappa0,2,I,0.9907125278267698,0.4766666666666667,0.9813882178840228,0.030522168304258267,1.0149217821188923,1.017194269585453,0.025548355994457556,0.0,-3.1051690980017153,-5.594760544877726
17,I,kappa0,2,I,0.9875682957544278,0.5366666666666666,0.9749004144148185,0.029926656935400017,1.0048092960454547,1.0136782901271704,0.028377996251812802,0.0,-3.077939862253775,-5.59451352875002
18,I,kappa0,2,I,0.9874336097135273,0.51,0.9744761486252488,0.025695390606767895,1.0115160224914361,1.0145483831135986,0.023648605908575534,0.0,-3.0475322484035368,-5.63679597991404
19,I,kappa0,2,I,0.9887132830902726,0.49,0.9771277111155676,0.026471949604415925,1.0098622422464798,1.014637360796561,0.02510730687315664,0.0,-3.0944559618354037,-5.63482325560588
20,I,kappa0,2,I,0.9883642719279698,0.48333333333333334,0.9763447249155418,0.024451337539514114,1.0066241189449312,1.015868562117558,0.023128614933014748,0.0,-3.0726728341909983,-5.669538633495239
21,I,kappa0,2,I,0.9927878324150334,0.52,0.985581611407543,0.02833370085783198,0.993007231142188,1.0178227275673188,0.02270476366134939,0.0,-3.1039064782575916,-5.667028583362705
22,I,kappa0,2,I,0.9938801603349052,0.48333333333333334,0.9878500218586025,0.028662341799479556,0.9956284637355987,1.017687302323114,0.023898226524470333,0.0,-3.09634002633859,-5.652653905752896
23,I,kappa0,2,I,0.9982377740572808,0.5033333333333333,0.997016865878478,0.03236594135860502,0.990518711573029,1.0112713856855056,0.03091756818318043,0.0,-3.067225862484283,-5.622635074408318
24,I,kappa0,2,I,0.9982795207516643,0.5033333333333333,0.9970135571797304,0.030180304807696214,0.9946352172476665,1.0091597855491121,0.028270244019213443,0.0,-3.1111043481234906,-5.575844640172025
25,I,kappa0,2,I,0.9982636058032891,0.5266666666666666,0.9970002047543367,0.03065358037978292,0.9993850700863802,1.0156538786883746,0.028199184386999202,0.0,-3.102746694500712,-5.611962322269848
26,I,kappa0,2,I,0.9982469570102029,0.5333333333333333,0.9969234281712158,0.02957371528168314,0.9905864488358807,1.0092601640836854,0.027461299401842314,0.0,-3.170606084730985,-5.600001270459645
27,I,kappa0,2,I,0.9971842267719556,0.53,0.9946414639240311,0.027458579489299948,0.9884070371997177,1.0136780287414027,0.021363910888519435,0.0,-3.138886539307579,-5.622618102947438
28,I,kappa0,2,I,0.99622332305172,0.44333333333333336,0.9925408450287705,0.02415670060926533,0.9919643150867432,1.0169572473971877,0.021439663373758903,0.0,-3.1361747464803527,-5.590633715899816
29,I,kappa0,2,I,0.9961425231699573,0.48333333333333334,0.9924344766102932,0.02600689678501928,0.9926037621298814,1.0144443161461003,0.021693767875585055,0.0,-3.1191006926770166,-5.589193666726345
30,I,kappa0,2,I,0.9953789127514376,0.4866666666666667,0.9908622053952206,0.02626992373844067,1.0019602637677145,1.0107120900255924,0.01981391619021374,0.0,-3.1412408541448795,-5.594502109395946
31,I,kappa0,2,I,0.9939514743190011,0.51,0.987902775797127,0.026077219219650297,0.9980088573273708,1.0087169263794526,0.016607097480267573,0.0,-3.147532007500743,-5.621716733458137
32,I,kappa0,2,I,0.9939764457104123,0.5166666666666667,0.9880537266432102,0.028898360416285712,0.9900868947664958,1.0105350454727269,0.01878986225396901,0.0,-3.1734003569741924,-5.5757090810769405
33,I,kappa0,2,I,0.9938504604320392,0.4866666666666667,0.9877219476060478,0.026902475625435275,1.0018459438386194,1.0125218271394276,0.019482007304150187,0.0,-3.175260315049788,-5.584928025420419
34,I,kappa0,2,I,0.9949762967722299,0.51,0.9899807890830711,0.024782015116837888,1.0106371523594904,1.0122516100585175,0.018554803037455152,0.0,-3.1985409470250104,-5.5932919556979925
35,I,kappa0,2,I,0.9940009560804984,0.5466666666666666,0.9879574262176481,0.02455556566971213,0.9991709615151175,1.0111726482093124,0.017645887923038006,0.0,-3.1933361377761322,-5.600392154391031
36,I,kappa0,2,I,0.9938977497069162,0.49333333333333335,0.9876455586729683,0.021219079235191764,1.0065359434655716,1.0098753345355154,0.016527257856689133,0.0,-3.197288512998003,-5.603171256246573
37,I,kappa0,2,I,0.9930515131159474,0.5466666666666666,0.9859477198979301,0.022981032924616417,0.993953302904439,1.008841587845548,0.015560714191628381,0.0,-3.2014691496140864,-5.599499532342811
38,I,kappa0,2,I,0.9924410856220923,0.5133333333333333,0.9846465927739348,0.02152892780503133,0.9940137027072388,1.0078049724060425,0.01707158998000146,0.0,-3.201860701215691,-5.5939503053974615
39,I,kappa0,2,I,0.9917253966803269,0.43333333333333335,0.9831556381049233,0.020975307556619006,0.9882732711255647,1.0121720289478515,0.018309609509008493,0.0,-3.2116431001406984,-5.592581968739977
40,I,kappa0,2,I,0.9905249536747615,0.5233333333333333,0.9806391484497313,0.019328250029329582,0.9959927834744914,1.0128437777098767,0.01845690023701589,0.0,-3.245267387033016,-5.589498138182903
41,I,kappa0,2,I,0.9916080023668696,0.5133333333333333,0.9828354486057774,0.01790199464923786,0.9863137697974185,1.0127308090825242,0.01631640779048244,0.0,-3.237055274820462,-5.577522811520208
42,I,kappa0,2,I,0.9930220621441851,0.54,0.9857840961371774,0.019233916606261222,0.9840161063781079,1.0125776801798088,0.01730792112218108,0.0,-3.246238761764437,-5.6352915478308105
43,I,kappa0,2,I,0.9924405400955963,0.5333333333333333,0.9846089737537034,0.020189828030942124,0.9855633433069974,1.0174293976836872,0.01786332403667428,0.0,-3.2597576961223074,-5.616977524528471
44,I,kappa0,2,I,0.9898368292740959,0.49,0.9792050177905984,0.01857944111207493,0.984231817700163,1.0160997327970425,0.01582800963470157,0.0,-3.276128349214359,-5.639749780884918
45,I,kappa0,2,I,0.9896370543449414,0.5133333333333333,0.9788105392636235,0.019262710072318848,0.9699472759077215,1.0162642082323619,0.01457322399694319,0.0,-3.259835336351019,-5.601767078967819
46,I,kappa0,2,I,0.9913180536832527,0.49333333333333335,0.982319397006753,0.021091425966251878,0.9591230808830937,1.0186029420861498,0.015928621767204127,0.0,-3.2681371486923685,-5.604893972322464
47,I,kappa0,2,I,0.9913132869446598,0.5333333333333333,0.9822995988259087,0.020741297285776086,0.9630142049079518,1.0171328562753936,0.013690674784215833,0.0,-3.2557027846375317,-5.583413076537724
48,I,kappa0,2,I,0.9923677708190161,0.5366666666666666,0.9844625610098817,0.02032359808427871,0.9587951150826458,1.0206429323851989,0.0153240930909654,0.0,-3.284050839461598,-5.59908434470623
49,I,kappa0,2,I,0.9925976532249187,0.57,0.9849875504451538,0.02215998695427135,0.9599136196742167,1.0244237244090615,0.014517088631397926,0.0,-3.2772882512534527,-5.566903705339128
50,I,kappa0,2,I,0.9917337166879764,0.49333333333333335,0.9831483479301835,0.020114472041070676,0.9563297964287995,1.0233715880137815,0.01584486036824506,0.0,-3.2805594297840655,-5.600041249173893
51,I,kappa0,2,I,0.9929116508399666,0.48,0.9856106332753406,0.02137101937740646,0.9584912782269309,1.0230958700799968,0.01415432188847163,0.0,-3.2477443492919047,-5.573494832611997
52,I,kappa0,2,I,0.9946866954931882,0.49666666666666665,0.9892360985614801,0.019740051568122963,0.9562837038265809,1.0270079401944625,0.01633932563283144,0.0,-3.279151853860168,-5.595051166922405
53,I,kappa0,2,I,0.9948385540225256,0.5066666666666667,0.9895926673731871,0.021356488411066295,0.9710779688100292,1.0251027006296485,0.015483631773803382,0.0,-3.2706168053706235,-5.570767859959081
54,I,kappa0,2,I,0.9952851488437439,0.48,0.9904944119827388,0.020590086229293494,0.9664959742992172,1.024416818599712,0.015507390153420552,0.0,-3.279319180200407,-5.616964324896749
55,I,kappa0,2,I,0.9952772582597726,0.5,0.9904912796546103,0.021008680808308013,0.970584396825371,1.0269666130686548,0.016042258935641682,0.0,-3.3168684708701592,-5.6205971089013005
56,I,kappa0,2,I,0.9938018075556282,0.5333333333333333,0.9874030408151441,0.019586402447337364,0.9771247916770358,1.0280489211974464,0.013464836816505411,0.0,-3.302121999062922,-5.65467102654674
57,I,kappa0,2,I,0.995219785163327,0.5133333333333333,0.9903905124886903,0.02168156990930857,0.9900744287697978,1.0240769671281198,0.015132562621535854,0.0,-3.3049939491147704,-5.625469437956514
58,I,kappa0,2,I,0.9949111353805975,0.47333333333333333,0.9897593074013821,0.02191712629652747,0.9807569760099206,1.0204029386309161,0.015657437943125487,0.0,-3.304740745460583,-5.636277090286219
59,I,kappa0,2,I,0.9948499688626166,0.49,0.9896648699123144,0.023035211545546407,0.9718748418407078,1.0199597103646056,0.016759133843557837,0.0,-3.346975970840865,-5.662762836780413
60,I,kappa0,2,I,0.993757244036219,0.5633333333333334,0.9873283725763268,0.020240106071043647,0.9700542371413178,1.0230115257935708,0.015330267632838653,0.0,-3.3162542344481034,-5.675006120792057
1,U,kappa0,2,U,,,1.000849786446316,0.036648690205277015,1.0056032707994822,0.9976437504848938,0.028836126735030696,0.0,-3.110999455102236,-5.705757183231039
2,U,kappa0,2,U,,,0.9985291840492787,0.036986082829767716,1.0103432722683798,0.9990584254500994,0.03028785263862453,0.0,-3.1115532190255895,-5.666074844039937
3,U,kappa0,2,U,,,1.0084893670758805,0.04065758495543265,1.0102397413541029,0.9933773948364084,0.02931720494518034,0.0,-3.104764416884048,-5.649809794509559
4,U,kappa0,2,U,,,1.005440583678646,0.03885522860221453,1.0130219226550217,0.9937853484575359,0.028911935917861974,0.0,-3.1232874790868235,-5.634900939250665
5,U,kappa0,2,U,,,1.0092650661533182,0.0400101536326334,1.0058731551780862,0.9920368457976082,0.029638717261087588,0.0,-3.1461120431934795,-5.673971327447532
6,U,kappa0,2,U,,,1.0060643707768309,0.03723775677087298,1.00527448824972,0.9923613572600258,0.03161152076250396,0.0,-3.1436581299044475,-5.640264847916507
7,U,kappa0,2,U,,,1.007552847432696,0.03641895030939511,1.0034451301881062,0.9933025146567559,0.028062887777640766,0.0,-3.1364526944053734,-5.688748472677206
8,U,kappa0,2,U,,,1.0082763421372658,0.03566316830168067,1.0024952680177288,0.9970321431575118,0.031313625035004504,0.0,-3.1597302150550757,-5.668216514021584
9,U,kappa0,2,U,,,1.0123554651948077,0.038924956162612406,0.9982986384798886,0.9949510273693917,0.033093506247806444,0.0,-3.1299221370499004,-5.652285282844527
10,U,kappa0,2,U,,,1.0168355606226094,0.03835401736193214,0.9964669823175701,1.0025197435739142,0.027517857521174298,0.0,-3.109633950828942,-5.702829126787721
11,U,kappa0,2,U,,,1.0229723017822623,0.039588225702369015,1.0023122152898714,1.0006859799166115,0.02634801763949866,0.0,-3.1175854819583835,-5.698646055377388
12,U,kappa0,2,U,,,1.0281519690765086,0.038022000697178836,0.9941937470293033,0.9989788329457429,0.026748247773617086,0.0,-3.14958140747361,-5.708610670750275
13,U,kappa0,2,U,,,1.0309871655763854,0.04401226448378889,1.004493696173304,0.9974412894279329,0.030853497500565506,0.0,-3.1235978668149924,-5.7085093949263745
14,U,kappa0,2,U,,,1.0371655626776217,0.03727823432926062,0.9979922302101276,0.9948960200989541,0.027311085250957146,0.0,-3.1663437324987056,-5.7476588143895
15,U,kappa0,2,U,,,1.0367801758132251,0.03968345512017749,1.0005238441024156,0.9975014789878588,0.02969150939793886,0.0,-3.116764467657039,-5.727009700572673
16,U,kappa0,2,U,,,1.0370582599417155,0.03907650913649945,0.9922423379366042,1.0004126652497156,0.026727910488150913,0.0,-3.16038646104189,-5.755216128667439
17,U,kappa0,2,U,,,1.0333980047128462,0.03892388651664076,0.9962529490333891,1.0008678282270125,0.027955528441178764,0.0,-3.1864774432554,-5.744933611283953
18,U,kappa0,2,U,,,1.0358590242774464,0.035798747983870345,0.9896228905741937,1.0035722502589035,0.027024862590702393,0.0,-3.1704871778946266,-5.735311117499347
19,U,kappa0,2,U,,,1.0362292693070263,0.03859583356910505,0.9899496374250706,1.0021943828453057,0.026519092888550772,0.0,-3.1624420340762485,-5.7271756607202295
20,U,kappa0,2,U,,,1.0374013226705388,0.03578049686200717,0.995268823950715,1.0041658467413848,0.026524607081693945,0.0,-3.158340443337544,-5.7179275345392755
21,U,kappa0,2,U,,,1.0403434814989065,0.041187687323105376,0.9973122221563087,1.0015460449187936,0.025901123071896417,0.0,-3.155205336133344,-5.735925807205007
22,U,kappa0,2,U,,,1.0366989748410196,0.03780684447711463,0.9918097174243983,1.008467448816969,0.02407738453202381,0.0,-3.1538733230709446,-5.745291627851778
23,U,kappa0,2,U,,,1.035622987161077,0.03853507353571193,0.9937331430589373,1.0055125390161879,0.02784548149722946,0.0,-3.1478859158479637,-5.764630294981964
24,U,kappa0,2,U,,,1.0319613982846498,0.036962628744661455,0.9889571086844651,1.0009642412209787,0.0286221246090936,0.0,-3.14075165583085,-5.7704039735478565
25,U,kappa0,2,U,,,1.0316030108148682,0.04173521256995636,0.9943612636749356,0.9996045649540743,0.026462468420924378,0.0,-3.1797131725932246,-5.778177995749373
26,U,kappa0,2,U,,,1.0368986207622062,0.037543944663569855,0.9973676109592848,0.9990215752067907,0.024376754466210286,0.0,-3.196682026747403,-5.795555481641157
27,U,kappa0,2,U,,,1.03907315557173,0.041387336292309285,0.999249416291445,0.9984951713331274,0.02340833304044539,0.0,-3.1929210696911743,-5.788883406803787
28,U,kappa0,2,U,,,1.0406876928457218,0.040086241423015694,0.9955271198425444,1.0008297931818178,0.021889354680380276,0.0,-3.196131953697596,-5.7853030123148255
29,U,kappa0,2,U,,,1.0447007375382753,0.038196241925944396,0.9878404922447768,0.9977933357717045,0.025132634263355793,0.0,-3.1482003253371893,-5.767779499038767
30,U,kappa0,2,U,,,1.0429802090112075,0.04084030602694846,0.9966289942739244,0.9993107036092724,0.025164931544514213,0.0,-3.1826249812187632,-5.789091770221455
31,U,kappa0,2,U,,,1.0422471867548089,0.03905862766105139,0.9969989532589163,0.9989663049108107,0.024581787569019246,0.0,-3.156533847644931,-5.778614568320008
32,U,kappa0,2,U,,,1.0386743357155983,0.03804578573265375,0.9933967722567687,1.004454621226414,0.024065127788190414,0.0,-3.1913047247525985,-5.753967880248927
33,U,kappa0,2,U,,,1.0425044747167613,0.03425644532712646,0.9905856858018043,1.0073299021360262,0.020230737687756323,0.0,-3.229155708821257,-5.736979779074644
34,U,kappa0,2,U,,,1.042695887988842,0.03620979768064245,0.9957205861530573,1.0053233532334427,0.02190708195290859,0.0,-3.1945582841281484,-5.717405744823491
35,U,kappa0,2,U,,,1.0444238697610841,0.03312783479231655,0.988677857776069,1.002426780139407,0.023172736948366367,0.0,-3.1836555786916882,-5.73960909526043
36,U,kappa0,2,U,,,1.0448535373896572,0.03536530471381228,0.9981059895044124,1.0047579865739151,0.025555584521043388,0.0,-3.2198239508517053,-5.732499588381858
37,U,kappa0,2,U,,,1.0400083946033074,0.03461858797568875,0.9903097041625283,1.0051126147426392,0.027404615011947978,0.0,-3.2109552205869685,-5.691993220258534
38,U,kappa0,2,U,,,1.0392541079197253,0.032497764368684554,0.9899951131664899,1.003131837340781,0.02715386505367169,0.0,-3.225751673669569,-5.717434902522062
39,U,kappa0,2,U,,,1.0374375692209794,0.0362490699668068,0.9872220171110149,1.0041762720978664,0.028896552795277846,0.0,-3.2149577233505577,-5.702097255497828
40,U,kappa0,2,U,,,1.0361067356890115,0.034991629974892385,0.9900051369887422,1.0044239441620926,0.02649738809854111,0.0,-3.2392478734931527,-5.684314267383351
41,U,kappa0,2,U,,,1.0371357211649437,0.03594285955582103,0.9981502031942391,1.0070429486013206,0.028007697646661982,0.0,-3.2400863199604526,-5.7141821801295904
42,U,kappa0,2,U,,,1.0356211434257494,0.03379138540787888,0.9891497717339689,1.006859571251557,0.02773584352227843,0.0,-3.2137575139418377,-5.7260632748492695
43,U,kappa0,2,U,,,1.0333504553958341,0.03538992164912559,0.983641930491688,1.003013030007204,0.028330763354269185,0.0,-3.2386434815377445,-5.729246624595603
44,U,kappa0,2,U,,,1.0320717733407963,0.034063275960089505,0.9802678659848741,1.0021213508337516,0.029035527932267328,0.0,-3.219177027814728,-5.713570251042073
45,U,kappa0,2,U,,,1.0378536526564226,0.0351611465146164,0.9814303107007334,1.0046761570721185,0.02830526565832801,0.0,-3.2721974136275804,-5.714616419313506
46,U,kappa0,2,U,,,1.0371505439174329,0.03274713759261714,0.9833139087212184,1.010243619458087,0.028518980170385864,0.0,-3.2860677975055252,-5.724582041641086
47,U,kappa0,2,U,,,1.0371500829462745,0.03177795975511596,0.9852917825323368,1.010679392879406,0.025396691651945892,0.0,-3.29828102991129,-5.7335612324939165
48,U,kappa0,2,U,,,1.037829429952501,0.03205951648908684,0.9855310087629918,1.0120327969460938,0.02566195132371672,0.0,-3.3234471217615105,-5.752270103687489
49,U,kappa0,2,U,,,1.0396387016885837,0.0317209242862653,0.9794930932391408,1.0146144239205144,0.024991037963617554,0.0,-3.3124233278289616,-5.726532058997668
50,U,kappa0,2,U,,,1.0382137396751747,0.031200044052327663,0.9969586051124926,1.011396663747377,0.025395432029079987,0.0,-3.2950602693260063,-5.7453601973042945
51,U,kappa0,2,U,,,1.038451530959526,0.03443602800214043,0.9875685707531258,1.0128843156570493,0.02623124899564806,0.0,-3.323968285245934,-5.769515136890666
52,U,kappa0,2,U,,,1.0363157949554938,0.02939198531406821,0.9889839446320579,1.0150644287457666,0.02609855196304159,0.0,-3.3172385489736924,-5.778739073082423
53,U,kappa0,2,U,,,1.0388736052055274,0.0322332411535317,0.9885409042645642,1.0173925282479046,0.025706354188357237,0.0,-3.3274961371674205,-5.728204788487303
54,U,kappa0,2,U,,,1.0419187660743805,0.030983951693761082,0.997392961327534,1.0143596253542644,0.027258442245763754,0.0,-3.319447822417563,-5.7548244367374055
55,U,kappa0,2,U,,,1.0393789374954068,0.031360954973684234,0.9940696082356582,1.0130913564641144,0.027602432537954014,0.0,-3.273632189571994,-5.75632187102707
56,U,kappa0,2,U,,,1.0383307191522275,0.03163333531358855,0.9892220181210105,1.0118608743693722,0.024428705829564284,0.0,-3.2776788375595447,-5.729449605752949
57,U,kappa0,2,U,,,1.0395771223816856,0.03226936635539805,0.9831585940049369,1.0093627518485266,0.02863467841857729,0.0,-3.24628492846221,-5.723592245464608
58,U,kappa0,2,U,,,1.0429289679745164,0.03038844345335639,0.9800954637292275,1.0166555733459826,0.021693069631427506,0.0,-3.2625712331994214,-5.732580944917014
59,U,kappa0,2,U,,,1.0386581556982184,0.03480362965355974,0.9836233462193659,1.0151471519865383,0.025017384170726777,0.0,-3.2528249563338805,-5.701892749166988
60,U,kappa0,2,U,,,1.0393868835103057,0.03264688142967175,0.9855234590394318,1.0141650281263863,0.020951589813038376,0.0,-3.2814371566815783,-5.684014617742391
1,I,kappa0,3,I,1.0001231490862497,0.48333333333333334,1.001071042617292,0.035486167617532406,1.0036641247051947,1.001129886943274,0.02896781552047972,0.0,-3.1089795645421416,-5.689681910574347
2,I,kappa0,3,I,1.0000249121993083,0.4866666666666667,1.0008153916812994,0.03432486951903176,1.004896803698068,0.9992599567302345,0.030945013318476672,0.0,-3.1257193662703004,-5.700980683639226
3,I,kappa0,3,I,1.0002229505581977,0.5266666666666666,1.0013033911335603,0.03608007653224871,1.007583501352856,1.0031755958610094,0.03295308832538915,0.0,-3.099284665820313,-5.6564823710001315
4,I,kappa0,3,I,1.0020398534604495,0.47,1.0051425433756003,0.037314821738009964,1.0099456964797688,1.0062385322846625,0.028839509488477317,0.0,-3.0789799459184306,-5.704813417669427
5,I,kappa0,3,I,1.0047663135861857,0.5166666666666667,1.0108750671333633,0.03824952370574185,0.9940895644096716,1.0072207154013764,0.02976809449321604,0.0,-3.056471359111362,-5.6695936975077466
6,I,kappa0,3,I,1.003857493508484,0.5433333333333333,1.008916069864575,0.03689267557035448,0.9931158471495223,1.0123650223455634,0.03396379269295553,0.0,-3.0188864709367933,-5.6856390575819935
7,I,kappa0,3,I,1.0046049301485047,0.5333333333333333,1.0104651820778168,0.03665097168014451,1.0049453494544354,1.01131005550329,0.03018152391191043,0.0,-3.0264470194546704,-5.652131261866684
8,I,kappa0,3,I,1.0075770674071116,0.42,1.016696123255981,0.036999204876406434,0.997998184000736,1.0228618880851876,0.0329475729070465,0.0,-3.061422526495931,-5.68119279539197
9,I,kappa0,3,I,1.0130824028090148,0.5,1.0284451889072306,0.040535305849684934,1.0165235414166955,1.0147628478911646,0.030289256633061333,0.0,-3.080027015351484,-5.720360572316736
10,I,kappa0,3,I,1.0146319938807025,0.4633333333333333,1.031589251323297,0.03799507526050458,1.0199929725175274,1.0232843096497664,0.034407813710800705,0.0,-3.0849538822265736,-5.735186558305955
11,I,kappa0,3,I,1.016559363475321,0.5,1.0357519724334823,0.03987454187902065,1.031369190550484,1.021224586390559,0.035027693989529624,0.0,-3.07483556738399,-5.734317257876721
12,I,kappa0,3,I,1.0173433678827999,0.5333333333333333,1.0374788952565324,0.041160868703491914,1.0280150754831885,1.0444042740218988,0.03179045724772094,0.0,-3.075613522570529,-5.7445079321153525
13,I,kappa0,3,I,1.0175885130779323,0.54,1.0378462940514148,0.038125923055063606,1.0323167606542067,1.038135317385592,0.031663597403928614,0.0,-3.0330110045019594,-5.739776240556465
14,I,kappa0,3,I,1.0170618607602628,0.45666666666666667,1.0368783551071965,0.041067048124690295,1.0442796504375194,1.0365256501259148,0.03638551117375671,0.0,-3.0256540470146818,-5.7019110212021165
15,I,kappa0,3,I,1.0204673788497691,0.4866666666666667,1.0439563796605937,0.03824553581458528,1.042164471097916,1.0398254216651521,0.03788026511790894,0.0,-3.069102878282576,-5.709188865659686
16,I,kappa0,3,I,1.019935284684891,0.4866666666666667,1.04288108743004,0.039213473780586316,1.0292762114323326,1.0492496580436874,0.040564114316275615,0.0,-3.066790391211303,-5.723982921683229
17,I,kappa0,3,I,1.0207204609544593,0.5633333333333334,1.0444416746914378,0.037081262935227996,1.0277732044979846,1.0390279576322616,0.03897042537360916,0.0,-3.098864709796767,-5.7058484530761095
18,I,kappa0,3,I,1.02162828038436,0.47,1.046193277301531,0.032972392648424276,1.0265954294535873,1.0468439583514249,0.03454540060834582,0.0,-3.1344204511426415,-5.7168803705347795
19,I,kappa0,3,I,1.0220868715759739,0.48333333333333334,1.0472511319424336,0.03492692272775531,1.0160006887197286,1.0436303912844196,0.03974967771315255,0.0,-3.102419794525741,-5.701583558940657
20,I,kappa0,3,I,1.0263166717136154,0.5233333333333333,1.0563067769911414,0.03572984888540742,1.0209574455963828,1.050826292775451,0.03469510008386651,0.0,-3.1221129308817606,-5.720807748116823
21,I,kappa0,3,I,1.0264073688796524,0.5033333333333333,1.0564182656284624,0.03381150706479312,1.0118770299032216,1.0445748319637063,0.04234185415270317,0.0,-3.1465859678090555,-5.69619503193395
22,I,kappa0,3,I,1.0271796656404306,0.49,1.0582039144322162,0.03689893547999561,1.0182243421967287,1.0362289415335126,0.04049939050966706,0.0,-3.1910582881020932,-5.708283978106313
23,I,kappa0,3,I,1.027838720104994,0.49666666666666665,1.0596069501780359,0.03669169430149681,1.0108509558075929,1.0430569597153403,0.038080765078032826,0.0,-3.214498977854307,-5.7481522862174685
24,I,kappa0,3,I,1.027477985112259,0.5566666666666666,1.0587204529406975,0.03409350828530345,1.0138082848156649,1.042412881351819,0.03221093700651734,0.0,-3.209610759622042,-5.709771547459377
25,I,kappa0,3,I,1.0252818400544756,0.5133333333333333,1.054002830932003,0.0335688814223257,1.0133905182583116,1.044335411859616,0.03510778057832063,0.0,-3.1889095619500973,-5.7281115894396395
26,I,kappa0,3,I,1.0253005771516301,0.48333333333333334,1.0541232126368185,0.035363103325549476,1.012865759544223,1.0513065409571591,0.03686918500899224,0.0,-3.1828724556797043,-5.733022047990532
27,I,kappa0,3,I,1.0254418270378067,0.5233333333333333,1.054360549538738,0.034044734605769636,1.0264991420490246,1.0505049600153347,0.035769484708473874,0.0,-3.1888088135336323,-5.71279093502025
28,I,kappa0,3,I,1.0242939246498213,0.49333333333333335,1.0521005795431007,0.03817181078883985,1.0211684859317005,1.0472877591857324,0.03388504043461922,0.0,-3.2111413690842125,-5.701242921927073
29,I,kappa0,3,I,1.0232895267625208,0.44,1.049787786213704,0.03441744371322641,1.02349860311595,1.0563448277971845,0.032726289602467484,0.0,-3.2270235584579012,-5.714893806787524
30,I,kappa0,3,I,1.0221687077129813,0.55,1.0474577630170063,0.03565885284090143,1.0304699586199275,1.050939960664981,0.03485801518292199,0.0,-3.263313461580217,-5.729870894797679
31,I,kappa0,3,I,1.0214505083774907,0.5033333333333333,1.0459167155442306,0.03542287380191646,1.0220773221660349,1.0563593667325706,0.03519564807380505,0.0,-3.2570514564042914,-5.745496915741043
32,I,kappa0,3,I,1.015609980995021,0.52,1.0335780206068899,0.036343663795537606,1.0223341981644327,1.0519584408282547,0.03336607073741771,0.0,-3.223132342478536,-5.689917929078618
33,I,kappa0,3,I,1.0153677380237678,0.49666666666666665,1.0329384238091064,0.03348681397908617,1.0211889373678877,1.0582164749042342,0.03602207968398045,0.0,-3.2364611965287313,-5.667854183050389
34,I,kappa0,3,I,1.015593088684666,0.54,1.033573565323436,0.03692972599363269,1.019231402644942,1.0478528141901138,0.03511406248553343,0.0,-3.236640058940341,-5.676466812989083
35,I,kappa0,3,I,1.0164460943400258,0.45666666666666667,1.035361595357409,0.03669071992273816,1.010136320654759,1.0500238178466252,0.032363069746765706,0.0,-3.2434261846286363,-5.692026985233415
36,I,kappa0,3,I,1.015116572565523,0.49333333333333335,1.032522223488176,0.03618407100906438,1.0123514092308528,1.0490418622097286,0.035928380237146035,0.0,-3.244271127117674,-5.650380069846893
37,I,kappa0,3,I,1.014777172732744,0.5066666666666667,1.0318187289068457,0.03638968053256175,1.0180392085390337,1.0472554377545695,0.027674762534876912,0.0,-3.2218137976832955,-5.639563445474533
38,I,kappa0,3,I,1.0145085054462941,0.4766666666666667,1.0312113942130825,0.03546996655861544,1.022177076668605,1.0531975653991914,0.029947128891111948,0.0,-3.2029664062869196,-5.653911400091834
39,I,kappa0,3,I,1.0168915160834502,0.49333333333333335,1.036211120175429,0.03465306336238404,1.0229792637550732,1.0570728938814986,0.03370176629673569,0.0,-3.181936723057134,-5.658538009900256
40,I,kappa0,3,I,1.0190232777570996,0.5066666666666667,1.040841443471784,0.03717236246912641,1.0244074747995646,1.0512057710772253,0.032490288659079596,0.0,-3.193165119553562,-5.6758390695151215
41,I,kappa0,3,I,1.0187082741538924,0.5,1.040093358122309,0.035402074607086505,1.0165728483391596,1.0641093390848517,0.03787320244225195,0.0,-3.2375045782390415,-5.70190707913153
42,I,kappa0,3,I,1.0235623570129022,0.52,1.050402220801825,0.03520799597290611,1.0299030177383182,1.059131760357557,0.036936307400629635,0.0,-3.23629101956174,-5.694948280282205
43,I,kappa0,3,I,1.0232563684580585,0.5133333333333333,1.049743405552061,0.03505895573482942,1.0333383036384145,1.0511740782623327,0.03503337249934346,0.0,-3.22375068219769,-5.706010718735028
44,I,kappa0,3,I,1.0214520699796765,0.5133333333333333,1.0457895999077904,0.03229429084736955,1.037649595343978,1.0578680646972718,0.03609880902132718,0.0,-3.242268555935053,-5.672274531308879
45,I,kappa0,3,I,1.0228448434337662,0.5,1.0487591317829832,0.03242434954964702,1.0340850683535752,1.0528386936687977,0.03798751176793842,0.0,-3.2337769257280606,-5.650199244529978
46,I,kappa0,3,I,1.0231733830018461,0.5233333333333333,1.0494846900770363,0.03307627404019976,1.0319558324602525,1.053586261506871,0.036321419510971426,0.0,-3.2887580088309907,-5.652632153549496
47,I,kappa0,3,I,1.0230250999813406,0.49666666666666665,1.049142568010461,0.03243897871350824,1.0334564384585587,1.0508641554361866,0.036230681271200126,0.0,-3.269318486699261,-5.661455041102139
48,I,kappa0,3,I,1.0234535885284617,0.51,1.0500863963540403,0.033204930419895126,1.0290494647096404,1.0565855119739114,0.038113906023573445,0.0,-3.307472100545437,-5.688926039663574
49,I,kappa0,3,I,1.0232613658298877,0.4766666666666667,1.0497186284559257,0.03424443104338903,1.0373796753414841,1.0572973406519295,0.033047550754324036,0.0,-3.3150837419036367,-5.696182039718189
50,I,kappa0,3,I,1.0232419778012984,0.54,1.049646129412313,0.03348951083828649,1.0351403640587538,1.0640337204909496,0.03985421473344589,0.0,-3.3056410812214865,-5.68268013411128
51,I,kappa0,3,I,1.0246040189173968,0.51,1.0525708704208765,0.033960586017051576,1.0405013383549548,1.0592571584594859,0.03624350984697221,0.0,-3.347080178741691,-5.645890477287573
52,I,kappa0,3,I,1.0257843013868604,0.4866666666666667,1.055106451387678,0.034323406813777234,1.0502230579478287,1.0574324953816323,0.036083209423876765,0.0,-3.3494531073625193,-5.637614914736067
53,I,kappa0,3,I,1.0255639650317339,0.44666666666666666,1.0546749119320573,0.03522087297138459,1.048704735778741,1.050421820506839,0.031845897885960706,0.0,-3.3420190632045164,-5.640767067340495
54,I,kappa0,3,I,1.0273942557295046,0.58,1.0584825369668602,0.0326837712921804,1.052264021377268,1.051271894195029,0.03243496616839299,0.0,-3.357518411522668,-5.671757656199835
55,I,kappa0,3,I,1.0266833935417192,0.5133333333333333,1.0569732668249197,0.03297122820359333,1.0516584317702002,1.0604349337881827,0.03930413572668605,0.0,-3.3590639477899473,-5.647105783851926
56,I,kappa0,3,I,1.024935062016297,0.5233333333333333,1.0532603613291613,0.033536673590906986,1.0468831939114855,1.0495894814155715,0.034666282328013255,0.0,-3.338210617229505,-5.668656951933402
57,I,kappa0,3,I,1.02471663122658,0.49666666666666665,1.0527851810615099,0.033317701338453486,1.048692121820349,1.0529351212732527,0.03337474087747592,0.0,-3.36387993442094,-5.677085973624424
58,I,kappa0,3,I,1.0240673678166607,0.49,1.05140414972851,0.03344670724345313,1.0456223490162198,1.0503208892176685,0.035669072901996106,0.0,-3.3738418021989314,-5.6856453772547
59,I,kappa0,3,I,1.023097197902599,0.5366666666666666,1.0493743193170226,0.03436641683623642,1.0498065801545888,1.0458176774142998,0.031584890122751105,0.0,-3.404757500062594,-5.707314063179955
60,I,kappa0,3,I,1.0240499090375799,0.48,1.051319193020732,0.032274221605116366,1.0455773747864128,1.0498654060203951,0.03185782976954462,0.0,-3.427858381350994,-5.691052856941122
1,U,kappa0,3,U,,,1.0022171219651617,0.03389223358659668,1.0045372675139286,0.9990992520774084,0.028185678397955237,0.0,-3.125939882422289,-5.671395022887837
2,U,kappa0,3,U,,,0.9987633073593821,0.03019690810519687,1.0031652924411723,0.9950281716631034,0.0330534429696902,0.0,-3.1627826585725938,-5.692766689113446
3,U,kappa0,3,U,,,0.9959348818558124,0.03163213183983425,1.0030137122288216,0.9992397652993028,0.030375661306296237,0.0,-3.171775844572274,-5.681809717861085
4,U,kappa0,3,U,,,0.9875124305600548,0.028801314119899044,0.998814030440941,0.9979911114085195,0.03059091717252906,0.0,-3.2016222673429193,-5.656747094306475
5,U,kappa0,3,U,,,0.9869702413937294,0.028301964579428796,1.0036480813438262,0.9995550879184126,0.027917783370968924,0.0,-3.226906127956216,-5.668009683628168
6,U,kappa0,3,U,,,0.9852505506298838,0.029218460283109968,1.008480424850135,1.0013030188616923,0.031803237737328655,0.0,-3.198911920667072,-5.652187990044029
7,U,kappa0,3,U,,,0.9846907394861383,0.027331566365792564,1.00750305583993,0.9999268783439224,0.032310388350372775,0.0,-3.146326967689428,-5.619047017211102
8,U,kappa0,3,U,,,0.9887680721677728,0.025667868170208993,1.0125602501532773,1.0029860206183836,0.033785057265999334,0.0,-3.1684637890938876,-5.652077925838074
9,U,kappa0,3,U,,,0.9884677148113837,0.027103758430198827,1.0055814737224793,1.001408270776186,0.03229061886271337,0.0,-3.16534364074433,-5.644578817539764
10,U,kappa0,3,U,,,0.9841994751375317,0.027013687972830866,1.007765334889666,1.004052946572527,0.029342945160435917,0.0,-3.1347889059957637,-5.644056624296269
11,U,kappa0,3,U,,,0.9858899529297789,0.028777856267294986,1.006492028416251,1.0018974084065626,0.030541661931727446,0.0,-3.1070526106440637,-5.646810820137393
12,U,kappa0,3,U,,,0.9905419020786788,0.03037152018902463,1.0101020021776412,1.0057171088848513,0.027847025360558567,0.0,-3.126869847617345,-5.625418458046632
13,U,kappa0,3,U,,,0.9894966728716899,0.029319483828526925,1.005224263590991,1.0069684183509244,0.02783181210879496,0.0,-3.152336441526391,-5.62502571985129
14,U,kappa0,3,U,,,0.9976319703372069,0.02988288933836532,1.0048650247445048,1.009437521441308,0.024416982130730593,0.0,-3.1493564199271424,-5.624983443777563
15,U,kappa0,3,U,,,0.9956946751137048,0.030771265101834464,1.0088565648207373,1.0140496848735514,0.02710851674211819,0.0,-3.1005947606306483,-5.611148761113187
16,U,kappa0,3,U,,,0.9992109224631976,0.034376067796488725,1.006741368934335,1.0076509539461274,0.03112018488917594,0.0,-3.1589476325795443,-5.626676353297506
17,U,kappa0,3,U,,,1.0024169916038748,0.03139253458553082,1.0152879382380322,1.0132084693195025,0.025284511118022875,0.0,-3.097909052806568,-5.605929281400906
18,U,kappa0,3,U,,,1.0002630774248307,0.031538089958950834,1.005913628560391,1.015862216827182,0.025266337163087117,0.0,-3.1027750982274838,-5.5937472786918025
19,U,kappa0,3,U,,,1.0031183904638687,0.033165120168369595,1.0020651528857085,1.0124133020190618,0.025774479159617208,0.0,-3.0964864161530805,-5.585407298562041
20,U,kappa0,3,U,,,1.005934990985122,0.03769387425676265,0.9979003856394236,1.01426696893042,0.027756931956615105,0.0,-3.0955002725223326,-5.5813362081135605
21,U,kappa0,3,U,,,1.0093504473816388,0.04083510673246603,0.9969883601346743,1.0115030541575223,0.02902147047717636,0.0,-3.0809501308760043,-5.603541207211989
22,U,kappa0,3,U,,,1.0021416835254846,0.03664878347768937,0.990184403775105,1.0198538246732554,0.028393320972982954,0.0,-3.097424985017647,-5.60602193430514
23,U,kappa0,3,U,,,1.0035032330799636,0.03257561879734348,1.0017434730025028,1.0117016482444512,0.031947967676017826,0.0,-3.080013384599002,-5.635031545969162
24,U,kappa0,3,U,,,1.0023693641961084,0.0314599110368042,0.9966185858930313,1.0206217078835513,0.03109305665163093,0.0,-3.1533480874568203,-5.624711686540548
25,U,kappa0,3,U,,,1.0010194478391918,0.02940658006029167,0.9991206397963246,1.0184873297413428,0.02716073690189397,0.0,-3.0913299269276795,-5.63503696620213
26,U,kappa0,3,U,,,1.001942469588034,0.028621056029393153,0.997651507869471,1.018026230621665,0.02882395702179225,0.0,-3.0731831865335995,-5.616210224558686
27,U,kappa0,3,U,,,1.002336495733895,0.027190452459556407,1.0027144657648217,1.0197492271365787,0.03019670136692571,0.0,-3.039474973490219,-5.5924662865667445
28,U,kappa0,3,U,,,0.9975937805785959,0.026783481286893136,0.9980673640788584,1.0153714202479558,0.028727792320760538,0.0,-3.0140860108020697,-5.622726002750674
29,U,kappa0,3,U,,,0.9959813065127074,0.027229642917934744,1.0033287703533935,1.0103995104265338,0.028848826129295672,0.0,-3.05447285541586,-5.605279210691877
30,U,kappa0,3,U,,,0.9894167703005987,0.02944844152085918,1.0056205895780748,1.0019976174640939,0.032610722325015454,0.0,-3.0187991738519897,-5.602825141759818
31,U,kappa0,3,U,,,0.9859324733562846,0.027733907161654706,1.0051432382642649,1.0115388056458052,0.026578158175864754,0.0,-3.0331169701099125,-5.595550628357158
32,U,kappa0,3,U,,,0.9827773848665368,0.028871740117139014,1.001521606319485,1.0053811460195556,0.0296554818425393,0.0,-3.0573490235167005,-5.557111734713808
33,U,kappa0,3,U,,,0.985214648047283,0.028412570272961207,1.0077364509578728,1.0109409494823667,0.02532623777176159,0.0,-3.061073719910492,-5.573723293637424
34,U,kappa0,3,U,,,0.9865331791503251,0.028047816878922053,1.0039377399890812,0.9998514410238692,0.024470766970844604,0.0,-3.027425731866546,-5.587651576970027
35,U,kappa0,3,U,,,0.9866053307770077,0.02657257596216582,1.0025547832368513,1.001684784009505,0.028811367985509605,0.0,-3.0553892993106406,-5.568006180950934
36,U,kappa0,3,U,,,0.9930080257443072,0.026651078720510646,0.9964146245117013,0.9973302632142806,0.02735006441894413,0.0,-3.105000408979381,-5.598773820347926
37,U,kappa0,3,U,,,0.992657243961767,0.028788782723585923,0.9950290303713204,0.9957966166840228,0.02781061550510293,0.0,-3.082404855873521,-5.526638921015199
38,U,kappa0,3,U,,,0.9922411889213385,0.02598944141367616,0.9984018828873866,1.0020421424361077,0.024934119229240197,0.0,-3.074334525940156,-5.573796413500562
39,U,kappa0,3,U,,,0.9898152180595148,0.026013106718170635,1.0023766048646297,0.994102035170935,0.028113075740896772,0.0,-3.0216004867683037,-5.568050091684204
40,U,kappa0,3,U,,,0.9859402824395177,0.027848276971435944,1.0005488247374426,0.99863565595493,0.025896927354399808,0.0,-3.0148292218717443,-5.56468681071191
41,U,kappa0,3,U,,,0.9851052990808652,0.029033939641115395,1.004006553003736,0.9929838650076876,0.026609126666364287,0.0,-3.044876087364581,-5.608967109186137
42,U,kappa0,3,U,,,0.9854555197061782,0.028605323779918482,1.0032593603167417,0.9969185210238117,0.02825217789898776,0.0,-3.041508163475089,-5.610126839892162
43,U,kappa0,3,U,,,0.9854997356617214,0.030447847056100954,1.0041444708056155,0.9951028340712162,0.027283474740921305,0.0,-3.046993957514614,-5.59899194581398
44,U,kappa0,3,U,,,0.9867729903795246,0.031156060919390865,1.002923769399525,0.9947829652068761,0.027588161407572125,0.0,-3.0470524190726964,-5.628192036749744
45,U,kappa0,3,U,,,0.9851412623172071,0.028694114136891106,0.9996666626375911,1.00246360187194,0.02769689458819136,0.0,-3.0524853542381782,-5.642147584079417
46,U,kappa0,3,U,,,0.9879449264130481,0.02999141603557862,1.0027000385023295,0.995831007668642,0.028078954718715837,0.0,-3.06997593187314,-5.641412306196753
47,U,kappa0,3,U,,,0.9852260321904093,0.030258608508591762,1.0056131326299191,1.0064102602851095,0.0285086332677292,0.0,-3.1053989538910356,-5.672423588808665
48,U,kappa0,3,U,,,0.986650914712045,0.035002624417464226,1.0106548263468504,1.0038628727706416,0.02903317638231191,0.0,-3.129291623654915,-5.677273154520158
49,U,kappa0,3,U,,,0.9839682868400798,0.031412814788102414,1.0012400640616863,1.0027230638890599,0.031262166872472505,0.0,-3.165741150890147,-5.676290281641201
50,U,kappa0,3,U,,,0.9848935448154081,0.030153767328028692,0.9971467092586435,1.00175055532892,0.030698246315367703,0.0,-3.1645925115301456,-5.679441877522841
51,U,kappa0,3,U,,,0.9842004934919528,0.031572361219824034,0.9983480713057759,0.9992508336767933,0.027777596302625236,0.0,-3.1893500501432084,-5.697367766109476
52,U,kappa0,3,U,,,0.9825253733403084,0.03095731468603105,0.9986778473235205,1.0052303941190723,0.028937232722370032,0.0,-3.22147648830704,-5.662542269425438
53,U,kappa0,3,U,,,0.9845471985025362,0.03019089221636592,0.9982597788875542,1.0056857543304039,0.026619434911246142,0.0,-3.221879490090742,-5.706004123038576
54,U,kappa0,3,U,,,0.9826264605320026,0.03020287632284413,1.0112708893481301,1.0016301448468339,0.028493056369944002,0.0,-3.240345477204915,-5.650542919141727
55,U,kappa0,3,U,,,0.982024470584311,0.031434115502618626,1.0119107451772562,1.000824764569714,0.028838871239665203,0.0,-3.2186178302151345,-5.664783834175041
56,U,kappa0,3,U,,,0.9838830716632032,0.02927688693330346,1.002600515001435,0.999174235162252,0.026402313024794358,0.0,-3.1832877153258154,-5.625583690914637
57,U,kappa0,3,U,,,0.9798464813257916,0.02697130215251339,0.9929940852776254,0.9993754616151631,0.02922009508539542,0.0,-3.1757020970693066,-5.627721541148401
58,U,kappa0,3,U,,,0.9754015708250231,0.027066068554938292,0.9979741055589901,1.0010575672480293,0.030455238091373762,0.0,-3.1876375663606407,-5.65712235620038
59,U,kappa0,3,U,,,0.9751709815485998,0.028085662029612064,0.9951730368077873,0.996121306642797,0.028897476026491214,0.0,-3.170724222820177,-5.642749061013937
60,U,kappa0,3,U,,,0.9813430998413177,0.026311675381844413,1.0041993100748134,1.0022760652321006,0.027893505343405147,0.0,-3.1594378813146053,-5.625951183674361
1,I,kappa0,4,I,1.0000542383861313,0.5133333333333333,1.0009422853928043,0.03583025469815119,1.0015194901070765,0.9977714005919633,0.031338464423312715,0.0,-3.0976833816587503,-5.6672948602507125
2,I,kappa0,4,I,0.9976162873320585,0.46,0.9958131727897355,0.03439464728407919,1.0077271085826751,1.01116794611119,0.02881576161202451,0.0,-3.1287726788921586,-5.690923756742697
3,I,kappa0,4,I,1.000648204297196,0.5333333333333333,1.0019718336006354,0.031090008469756243,1.01432506018203,1.0060544111887662,0.033370109903898736,0.0,-3.1264417958969024,-5.6962899654605685
4,I,kappa0,4,I,1.0008710397730955,0.5333333333333333,1.002423251228459,0.03071805171675528,1.016416021761232,1.0054901691779647,0.03178090242236116,0.0,-3.12732971329312,-5.668459657029489
5,I,kappa0,4,I,0.9966988171505917,0.5366666666666666,0.9938000528281546,0.03182481391608423,1.029628638622341,1.010259205079733,0.037266834029597636,0.0,-3.1311308446751482,-5.691330502717002
6,I,kappa0,4,I,1.0001445916371172,0.5133333333333333,1.0010016251190264,0.033002908113550576,1.0247490221256415,1.0129731798663864,0.037187082223993834,0.0,-3.131676910883893,-5.649897804226857
7,I,kappa0,4,I,1.001199653910853,0.49666666666666665,1.0032302738953305,0.03369508377819985,1.014300627649369,1.0097877433895848,0.035233194055035215,0.0,-3.15550326825848,-5.643619436138894
8,I,kappa0,4,I,0.9977464556853464,0.53,0.9958223867475243,0.027906296848431454,1.0081630020486285,1.022118602051298,0.031860652163203794,0.0,-3.1336209386027734,-5.615070877387387
9,I,kappa0,4,I,0.9981016152042416,0.5166666666666667,0.9966695137798944,0.03075897791254408,1.010605879692822,1.0183913542635514,0.033462877488139725,0.0,-3.157694167353081,-5.651667856179807
10,I,kappa0,4,I,0.9981010170007694,0.49,0.9967435668760586,0.032647246894305954,1.0040176474283642,1.0128056539120287,0.036069226051698065,0.0,-3.139663325880081,-5.565624735764275
11,I,kappa0,4,I,0.9991553617122326,0.48,0.998984998412014,0.0339689183193104,1.0060961028805437,1.0118001714831917,0.03289438654175514,0.0,-3.1279492436014538,-5.6061058724270305
12,I,kappa0,4,I,0.9992866265287169,0.51,0.9992213290119605,0.03304972085821518,1.003529098259468,1.0251568261195227,0.04002913273957062,0.0,-3.139769179053233,-5.597290952199166
13,I,kappa0,4,I,0.9984728273714537,0.5066666666666667,0.997380614201236,0.02936280440828994,1.0132695066295208,1.0233859274817385,0.03437051216264888,0.0,-3.1578252762887336,-5.6186263581462494
14,I,kappa0,4,I,0.9990339296246215,0.54,0.9984985340902385,0.02797846477263491,0.9988360953965052,1.0293943830966281,0.03620836084854874,0.0,-3.158304551538677,-5.590017497111909
15,I,kappa0,4,I,0.9990838464297533,0.52,0.9986080393760434,0.028197095532249614,1.0011986456262656,1.031024382974091,0.04076150521519663,0.0,-3.146268329842654,-5.620822773399276
16,I,kappa0,4,I,0.9985560347006578,0.5033333333333333,0.9974086130174266,0.025131551482216363,0.9974321559855781,1.0238907917907045,0.035957904419655705,0.0,-3.2174954304158376,-5.634074230222108
17,I,kappa0,4,I,0.9995484524659185,0.49333333333333335,0.9995284780103456,0.026894985761414195,0.9901164824547578,1.0191758569962375,0.041467043385500335,0.0,-3.236068449946867,-5.637023295299287
18,I,kappa0,4,I,1.0015311516267666,0.5233333333333333,1.0037839257698093,0.030477233306474876,0.9860819628049053,1.0175397424069041,0.03362348354924423,0.0,-3.2203928258427124,-5.66287307714088
19,I,kappa0,4,I,0.9989861219115491,0.49,0.9983837464305814,0.027567460615463512,0.9960184032144499,1.0112327415949451,0.037419055311540717,0.0,-3.2050052528311466,-5.651837520801512
20,I,kappa0,4,I,1.0026386733931594,0.47,1.0060899587079841,0.030362567360928648,0.9996301952725715,1.014181532904063,0.03271062991928079,0.0,-3.1931845630586326,-5.5981698422289305
21,I,kappa0,4,I,0.9999630542978158,0.54,1.0004201386934475,0.027704915257603324,1.0163802904305197,1.0190206124665553,0.026580407200867733,0.0,-3.1722868715717225,-5.648234167811916
22,I,kappa0,4,I,1.0030141854516414,0.4533333333333333,1.0069804121091535,0.0331778584530785,1.020152007018351,1.0222909305899017,0.03180221079285959,0.0,-3.207581626411911,-5.624515240215483
23,I,kappa0,4,I,1.005535459872026,0.49333333333333335,1.012141042387155,0.03047593905745029,1.0143991967076953,1.0243713619578296,0.027491013749186936,0.0,-3.19419197476298,-5.625671663136912
24,I,kappa0,4,I,1.0039007231218058,0.43333333333333335,1.0086645854313767,0.028878410640804278,1.013806500502969,1.0273367167045837,0.026591167715400182,0.0,-3.19185441521785,-5.603026242426449
25,I,kappa0,4,I,1.0073082422494113,0.49333333333333335,1.015974643359367,0.033461326452244894,1.0261657235593507,1.0268003183610919,0.02542279838153775,0.0,-3.180488802392658,-5.570197478916475
26,I,kappa0,4,I,1.014065550355022,0.49333333333333335,1.0303748918048314,0.03776277875763807,1.0277358755842025,1.0276642761369943,0.02158147376297481,0.0,-3.188120890555611,-5.52266890106496
27,I,kappa0,4,I,1.0162570560381512,0.5033333333333333,1.0348656092434558,0.03461879410119434,1.0254190766350317,1.0270563428791213,0.02144443520392154,0.0,-3.2069292626816006,-5.531377515964187
28,I,kappa0,4,I,1.0152045760449937,0.48333333333333334,1.0326345403114816,0.034435491498380426,1.0406857489739123,1.0223513372506199,0.020282183447988204,0.0,-3.213205605020938,-5.5566359105643235
29,I,kappa0,4,I,1.0198302526728125,0.5166666666666667,1.0425033783996613,0.036061817342464234,1.0232139407712337,1.026996497851458,0.021106470487457684,0.0,-3.193667090063834,-5.536317273981639
30,I,kappa0,4,I,1.0193959682581342,0.5233333333333333,1.0415609365772396,0.03567416325263942,1.0234015302961827,1.0300518492973003,0.019809706882792044,0.0,-3.181452480282712,-5.571626663769963
31,I,kappa0,4,I,1.0192692693697434,0.49333333333333335,1.041405002482971,0.0382054475635201,1.0124770197897328,1.028925231328428,0.021359509026794565,0.0,-3.1958028064394273,-5.5713084936358985
32,I,kappa0,4,I,1.0210248461732847,0.4866666666666667,1.045030237172518,0.03579649049948897,1.0285764242786728,1.0255270988671463,0.018651906852127084,0.0,-3.199085875648816,-5.566601987913174
33,I,kappa0,4,I,1.0206487587912418,0.5033333333333333,1.0444354770388222,0.04022700153367369,1.0089012738226635,1.0285263296232365,0.018192015513960335,0.0,-3.2233575591075287,-5.570479268166753
34,I,kappa0,4,I,1.0196186870983792,0.4766666666666667,1.0421043701715165,0.03718075910617506,1.0151045908735163,1.0294831161233697,0.01645968413463706,0.0,-3.251812860931336,-5.533825291534292
35,I,kappa0,4,I,1.0189499175457764,0.4766666666666667,1.0407565114913406,0.03874135911772661,1.0166443179022573,1.0291847153043348,0.015611900154336339,0.0,-3.233119176388391,-5.555721939883035
36,I,kappa0,4,I,1.022419281535853,0.5366666666666666,1.0479624828481666,0.03510301364393926,1.0159392300169356,1.0264150443509479,0.015175521565750558,0.0,-3.250341844101171,-5.572935129005038
37,I,kappa0,4,I,1.02168256620179,0.45666666666666667,1.046526715639998,0.03798054259688352,1.0114539385127561,1.0283280453306929,0.01949224802784728,0.0,-3.241458805863357,-5.59386066019629
38,I,kappa0,4,I,1.0219794248724925,0.53,1.0471998566735545,0.038902240665411016,1.0183514182230617,1.0258210682867381,0.016338449265429794,0.0,-3.216806443232906,-5.600044425910086
39,I,kappa0,4,I,1.02204744295723,0.4766666666666667,1.0474108214110882,0.04027063403539142,1.020694287384855,1.0273740803818563,0.018918022239867126,0.0,-3.2323265659950136,-5.642279454279156
40,I,kappa0,4,I,1.021678080369802,0.5033333333333333,1.0467149562237212,0.04200299359092823,1.0176956728306263,1.0251013900762325,0.019969054477382942,0.0,-3.235514426312084,-5.662821436372743
41,I,kappa0,4,I,1.0271640204186385,0.51,1.0580974027262722,0.03529313753013908,1.0140878493701195,1.0291462042746566,0.021031998857993683,0.0,-3.2565431230617334,-5.654034043399584
42,I,kappa0,4,I,1.0276407303358284,0.49,1.0592788999158436,0.038779397750507,1.0116887331971631,1.0291598732652276,0.023340746898649647,0.0,-3.3258518956124417,-5.68078503723109
43,I,kappa0,4,I,1.027332591176389,0.52,1.0585169264256198,0.03659871203811605,1.0121698274673954,1.024978666642934,0.022401130076573777,0.0,-3.375982359483839,-5.643818388804854
44,I,kappa0,4,I,1.0275337530660673,0.5133333333333333,1.0590987199931354,0.0398212808461854,1.0210480532424586,1.029145986498363,0.024795318161254222,0.0,-3.4042573803745246,-5.657156705541682
45,I,kappa0,4,I,1.0289876364958537,0.51,1.0621208055094051,0.0379365302760717,1.0247164915521838,1.0327821751353967,0.02521952603197032,0.0,-3.4075821556016685,-5.715435037170511
46,I,kappa0,4,I,1.032136771316524,0.5266666666666666,1.0689502961125172,0.03929308044048916,1.018097710216056,1.0310905853240067,0.025623853789816135,0.0,-3.3918332216298426,-5.705903929083955
47,I,kappa0,4,I,1.0355146732473197,0.49333333333333335,1.0762524478248583,0.03998910467614682,1.0263910120563748,1.0241238353855542,0.021745719999229803,0.0,-3.3831828825001247,-5.731175298544614
48,I,kappa0,4,I,1.0372402325324537,0.4866666666666667,1.0801623428930591,0.04344831559797282,1.026679429016359,1.0251754113219096,0.025873355948385406,0.0,-3.386345305350606,-5.775241540428903
49,I,kappa0,4,I,1.0418865343352692,0.4866666666666667,1.090095786702583,0.0409070050588252,1.0216954089978416,1.0201859098116817,0.022765310469307805,0.0,-3.3434311768806073,-5.775403392720609
50,I,kappa0,4,I,1.0396769484397392,0.5433333333333333,1.0851178211093444,0.036854486575009004,1.0208022680187232,1.0224080498387174,0.023787055971667567,0.0,-3.3790881110131785,-5.74912298052623
51,I,kappa0,4,I,1.038639029792537,0.51,1.0833709080273002,0.04689561217558973,1.0214621768635561,1.023914621013136,0.02498577869684633,0.0,-3.334170683377477,-5.784345535329483
52,I,kappa0,4,I,1.0417416925447882,0.5133333333333333,1.0901620712585547,0.04793729379989033,1.0304850693515935,1.020081079267608,0.02544424355161901,0.0,-3.361317361407798,-5.812211890950266
53,I,kappa0,4,I,1.0411414839190267,0.5066666666666667,1.0887895846611715,0.046799556041609965,1.0264219673915813,1.0209967328953666,0.022807159809855305,0.0,-3.3642976787776084,-5.8182540391170265
54,I,kappa0,4,I,1.037929823114135,0.5066666666666667,1.0818147282394108,0.04669053396109241,1.0270866889042682,1.0176713160806443,0.02278112950463401,0.0,-3.382302498683613,-5.822171352487327
55,I,kappa0,4,I,1.036180890622563,0.4633333333333333,1.0778985885906294,0.0440029465512568,1.0193111157213979,1.0200504593810493,0.02002610543185142,0.0,-3.3864137081248673,-5.801718966453697
56,I,kappa0,4,I,1.038010716599701,0.5066666666666667,1.0817983581566772,0.042820917472163364,1.0190720045303552,1.0274723230651874,0.02437513798954237,0.0,-3.4010071904725647,-5.846066834024186
57,I,kappa0,4,I,1.0376974903977985,0.43666666666666665,1.0813405420484563,0.04700555755541617,1.0288866193212272,1.0239998548358498,0.025044535313756607,0.0,-3.389616146955458,-5.837848903650174
58,I,kappa0,4,I,1.0365337714793457,0.49333333333333335,1.0784772353753802,0.04038021352955115,1.028162175208997,1.0285338929765642,0.02932705308932939,0.0,-3.4059016235127086,-5.812649323760679
59,I,kappa0,4,I,1.0359331243833454,0.48333333333333334,1.0772103719463864,0.04106109199224432,1.026843605606577,1.0289208787871738,0.028425257933007625,0.0,-3.4199288283542932,-5.775068580761118
60,I,kappa0,4,I,1.0362930230864393,0.5133333333333333,1.0780421545818253,0.042071576688844654,1.0350100291726885,1.0368325031954344,0.03217692061308164,0.0,-3.469860093160764,-5.77590025799913
1,U,kappa0,4,U,,,1.0018788786341402,0.03501620224539534,1.000083307784386,1.0022588637606,0.03266285069512565,0.0,-3.113440509659071,-5.6813322746575805
2,U,kappa0,4,U,,,1.0004235967944963,0.03538691612396808,1.0045510461255824,1.0041934625926254,0.029995892354340685,0.0,-3.0883580992440853,-5.704098420451758
3,U,kappa0,4,U,,,1.001606274597369,0.0352439797064678,1.0086923371045107,0.9935328157926324,0.033517424972763686,0.0,-3.1000154979887102,-5.70241615849501
4,U,kappa0,4,U,,,0.9990824507807129,0.03468732651434111,1.0107338361399358,0.9968391109717053,0.029237590446064696,0.0,-3.122197340519696,-5.691791216420376
5,U,kappa0,4,U,,,0.9952539349291388,0.030214367849766725,1.0023173774482086,0.9955448395600622,0.033056856895629455,0.0,-3.0988983898070006,-5.71175147028382
6,U,kappa0,4,U,,,0.9931053808667201,0.0340922515910629,1.0114372893742216,0.9942057400693229,0.031310428209558,0.0,-3.089225124465695,-5.669464872418548
7,U,kappa0,4,U,,,0.9935730547659187,0.032589641734248075,1.0176627463639052,0.9878023986936552,0.038108155722894846,0.0,-3.097903803435654,-5.684030574425663
8,U,kappa0,4,U,,,0.9955039896089418,0.032412775127644546,1.0127654458611992,0.9914841561177513,0.03551178651806008,0.0,-3.0954237977633854,-5.733340835360022
9,U,kappa0,4,U,,,0.997704928850456,0.030844824583559267,1.0136676230559898,0.9855484407988346,0.04068464279258969,0.0,-3.0952985820340593,-5.722011056110386
10,U,kappa0,4,U,,,0.9972367756764087,0.031075507154234336,1.011551998239537,0.9909580510481798,0.03137847277766642,0.0,-3.102622732609774,-5.751777607414964
11,U,kappa0,4,U,,,0.9954768333213205,0.028149780207247246,1.0127988238783612,0.9828728815968842,0.034098602353243815,0.0,-3.10988957009566,-5.770075470347325
12,U,kappa0,4,U,,,0.9968309599635478,0.028190535016275595,1.0153559721152348,0.9876696085893999,0.03158565972240943,0.0,-3.1362806142941877,-5.711052730608796
13,U,kappa0,4,U,,,0.9987953326302436,0.027933801358810437,1.0096116511653699,0.9831531712078203,0.032811456214872046,0.0,-3.1179956561409625,-5.752823335976304
14,U,kappa0,4,U,,,1.0001208042350767,0.029681331864214167,1.0092768674028612,0.9814438654476766,0.03807981203043924,0.0,-3.125858119297172,-5.7502760496236105
15,U,kappa0,4,U,,,1.0021639427340312,0.028758575919573783,1.0037830864976305,0.9869788950397632,0.03577267667985487,0.0,-3.104097241571292,-5.741106640724937
16,U,kappa0,4,U,,,1.007071619302075,0.028700448644905528,1.0172102740099864,0.9836369515264721,0.03612356158060301,0.0,-3.074265457671776,-5.789910317258203
17,U,kappa0,4,U,,,1.00737213658067,0.0273579105712957,1.0071898747214347,0.9871959607541767,0.03593096834771282,0.0,-3.0818815565335935,-5.7699141793912245
18,U,kappa0,4,U,,,1.0069009234046244,0.028468653512460158,1.0174209677107116,0.991305156313751,0.03473096169205728,0.0,-3.079265538035249,-5.782946945057351
19,U,kappa0,4,U,,,1.0040221316131464,0.027328819712947754,1.0177358683574296,0.9840524257536758,0.033542635378723686,0.0,-3.0617966006825754,-5.767169222061472
20,U,kappa0,4,U,,,1.0060452157415265,0.027848020865379474,1.0175343824586136,0.9854658720894585,0.03663599131633913,0.0,-3.0708094618904767,-5.748562612176424
21,U,kappa0,4,U,,,1.0042678727938512,0.03101506727977844,1.0072554050077092,0.9808381675554351,0.03889980113446745,0.0,-3.088441358701589,-5.776383075704581
22,U,kappa0,4,U,,,1.0009293156097034,0.030875803956167465,1.0099776716165503,0.9711469201982432,0.03286426202597904,0.0,-3.1058831945764966,-5.74921411298025
23,U,kappa0,4,U,,,1.003412372901979,0.031125716129879712,1.0015416153912617,0.9795353846922129,0.03343637215115732,0.0,-3.0595176980489547,-5.742615197052592
24,U,kappa0,4,U,,,1.0014392800914436,0.029381910372134626,1.0045907921386372,0.9765153667292967,0.032287186032398614,0.0,-3.0750827834834897,-5.776081232623221
25,U,kappa0,4,U,,,1.0093487718576306,0.03185565170846768,1.009994517742718,0.9781145399428685,0.035302944870557545,0.0,-3.0796742825016135,-5.702792042358154
26,U,kappa0,4,U,,,1.0094648188705404,0.03272382454315284,1.0060377774296199,0.9785557015569556,0.040272307916070726,0.0,-3.05895886851097,-5.740409528709205
27,U,kappa0,4,U,,,1.0058941306088471,0.02935893673195587,1.0118974765894788,0.9854028185766935,0.03321044607565019,0.0,-3.06951472005051,-5.776426919956688
28,U,kappa0,4,U,,,1.0058269476976085,0.028305120233535663,0.9998022519107754,0.9842679642602534,0.030326961397851702,0.0,-3.0775346723995174,-5.77858209328092
29,U,kappa0,4,U,,,1.0083012926605834,0.029219077764310302,1.0019422974708971,0.9805925206252106,0.03525806657651816,0.0,-3.0819007132103624,-5.773716139322333
30,U,kappa0,4,U,,,1.0061252945355075,0.03210761495816183,1.0069367987277382,0.9816250447919924,0.037667398884567244,0.0,-3.089421186202563,-5.768082986954602
31,U,kappa0,4,U,,,1.006965548077669,0.030629723108222092,1.0031004729509607,0.9762676588715329,0.030297188765003074,0.0,-3.087584324601601,-5.757637856838799
32,U,kappa0,4,U,,,1.0104381878859894,0.030694831152447626,1.0071685880405008,0.9840562124349549,0.03391391707262374,0.0,-3.0622329823961834,-5.730292500885245
33,U,kappa0,4,U,,,1.011050314300704,0.029364804912125987,1.006516991843692,0.9824165963183782,0.034094339547815114,0.0,-3.06430981671631,-5.731865851143715
34,U,kappa0,4,U,,,1.0142085812815258,0.032999203071442176,1.0044916033877365,0.984301578033555,0.035502005138645674,0.0,-3.0540603118100442,-5.736977536987033
35,U,kappa0,4,U,,,1.016107864445134,0.032469839467488174,0.9975457585155569,0.9799879567400706,0.03005706016459493,0.0,-3.0657063890457463,-5.761699513897238
36,U,kappa0,4,U,,,1.01649708901294,0.0335408725042818,0.9933801622734522,0.9821104055013783,0.0374585550845817,0.0,-3.08246608170245,-5.7745174704271856
37,U,kappa0,4,U,,,1.0180192939318298,0.02905227316701715,0.9879663756672717,0.9814622352282728,0.03519197187076991,0.0,-3.1017446050898134,-5.808465035924568
38,U,kappa0,4,U,,,1.0172898425395138,0.029176818730112273,0.9828328395686045,0.9802072336715669,0.03215551210341147,0.0,-3.1424789456464186,-5.777784663815081
39,U,kappa0,4,U,,,1.017510851401913,0.03189415334496713,0.9885396809219833,0.981740301210416,0.03643855090872595,0.0,-3.1359247205932093,-5.773128112130959
40,U,kappa0,4,U,,,1.0192026443466429,0.028845033236065944,0.9795555096874966,0.9773141164909941,0.03495691568810345,0.0,-3.1125946824260327,-5.7955418013438385
41,U,kappa0,4,U,,,1.0148027534580897,0.030576392701627257,0.9783535236752123,0.9837083136349251,0.03168409090661189,0.0,-3.123290904478247,-5.7538792035277115
42,U,kappa0,4,U,,,1.0165689900481993,0.0311338350807225,0.9827072305993347,0.9805109743317992,0.03234883625554954,0.0,-3.075274300593276,-5.762617257963081
43,U,kappa0,4,U,,,1.0190160568383846,0.03104410806797936,0.9866829040004477,0.9848702019910488,0.03106250847671993,0.0,-3.0911096145515375,-5.7639316453853855
44,U,kappa0,4,U,,,1.0171437619740862,0.03349727877758551,0.9917826005574869,0.9868861723191924,0.03300103426943646,0.0,-3.090063756947662,-5.7678326991657745
45,U,kappa0,4,U,,,1.014275588279415,0.0312793176938136,0.9901450092287674,0.9791816849551748,0.028006842765786487,0.0,-3.1045961702390232,-5.767252787093039
46,U,kappa0,4,U,,,1.0148164142391694,0.03239067935157507,0.9917885130688994,0.9878229952879085,0.02531693865372946,0.0,-3.1230168444857562,-5.7347184299825384
47,U,kappa0,4,U,,,1.0112371161818239,0.033849988513105785,0.9916890198370849,0.9805116917490659,0.03055425284098984,0.0,-3.140442682456466,-5.757600188008237
48,U,kappa0,4,U,,,1.009200124313489,0.03357790369032552,0.9885142676115157,0.9847457459390514,0.02727957460693477,0.0,-3.2017553808994896,-5.788415651096194
49,U,kappa0,4,U,,,1.0093042161508337,0.03228621828990065,0.9942513663985737,0.9805617637136007,0.028261443588226257,0.0,-3.141925453457963,-5.787009249506423
50,U,kappa0,4,U,,,1.0053492930702612,0.028795093939467654,0.9941971334832287,0.9886344057493233,0.028638305615964567,0.0,-3.178977353162269,-5.794963165991268
51,U,kappa0,4,U,,,1.0063536825353654,0.029568245866925042,0.9975748934032219,0.9803793514571161,0.029656809063478205,0.0,-3.1871364153839483,-5.801953282490237
52,U,kappa0,4,U,,,1.0104159821713414,0.03304801902823701,1.0004594236114701,0.9875622405121046,0.027626836656866636,0.0,-3.200400420938256,-5.808128171288127
53,U,kappa0,4,U,,,1.0119661904511978,0.03167020408336602,0.9968319242807995,0.9813925839211195,0.02972093803531337,0.0,-3.1750050808211108,-5.790520059192017
54,U,kappa0,4,U,,,1.0160584368681038,0.03508717510415561,0.9969503347112476,0.9857903123422049,0.031247165721577985,0.0,-3.186121552413796,-5.788242827124126
55,U,kappa0,4,U,,,1.0207390707867436,0.03587978417219511,1.000080521167262,0.983137080070724,0.028006185598888882,0.0,-3.204033207226752,-5.8167070916048536
56,U,kappa0,4,U,,,1.0208066876202986,0.033546826348434026,1.0009621898919927,0.9835323627717518,0.026791339128924393,0.0,-3.212439930891658,-5.799933967336202
57,U,kappa0,4,U,,,1.0158605299383863,0.033180188319747714,1.006005005641069,0.990114375281169,0.028309031138791067,0.0,-3.1618443311494766,-5.806132548896456
58,U,kappa0,4,U,,,1.0170879960906605,0.032462448845244046,1.0011281103743306,0.9845061861533679,0.028102664081856982,0.0,-3.1919701826968,-5.823330168481227
59,U,kappa0,4,U,,,1.0139050602236384,0.028677942220902593,0.99954359324772,0.9848857185598191,0.028214442549405572,0.0,-3.1841321494036405,-5.81827166383325
60,U,kappa0,4,U,,,1.0161227400591917,0.0316668276704616,0.9979472046739833,0.9875388932820545,0.03090093952190194,0.0,-3.184400281301435,-5.828212301729707
1,I,k96_0.1_flat,1,I,0.9998698719361879,0.49666666666666665,1.0004051451475546,0.03230027150698721,1.0007452698972295,0.9981830588839105,0.028606725257415866,0.10005955279270169,-3.1298447025100944,-5.690406260813972
2,I,k96_0.1_flat,1,I,1.0007949456321388,0.5,1.0023896819422566,0.033714892371821015,1.0078548715375721,1.0037758796422598,0.03126448991711929,0.10073256368617413,-3.099422937678899,-5.633348247156465
3,I,k96_0.1_flat,1,I,1.0030542012343369,0.5166666666666667,1.007196893652729,0.03603889652375011,0.9981628314158093,0.9978398261337645,0.029416346874725125,0.0998157488220661,-3.139453140227243,-5.693026799478427
4,I,k96_0.1_flat,1,I,1.0049244772789057,0.55,1.0111743290889084,0.03766881924381105,1.015226291076182,1.0072189191576657,0.031756693098817734,0.10143280922915615,-3.1188471581398085,-5.673497114131664
5,I,k96_0.1_flat,1,I,1.0060745104415432,0.47333333333333333,1.0134725038639316,0.035381849595548125,1.0078073612326717,1.0044580656298614,0.02560740004340983,0.1007297190205752,-3.126765952988402,-5.735326058380399
6,I,k96_0.1_flat,1,I,1.008194741715892,0.52,1.0181205096477441,0.03966774466597871,1.0087482991731462,1.004889780154264,0.026691283606530114,0.10082013820162303,-3.173213266315363,-5.743851390149437
7,I,k96_0.1_flat,1,I,1.0089653023852179,0.4666666666666667,1.0197725951609857,0.04042927793071416,1.0073300630125126,1.009264466545253,0.026976607653864018,0.10068537166144452,-3.18119820142492,-5.795191491920897
8,I,k96_0.1_flat,1,I,1.0069561837457273,0.5366666666666666,1.015727955822939,0.04372018324161479,1.013083771872013,1.010293607558904,0.02443720230117244,0.10123126115839687,-3.197430874305613,-5.793292635775202
9,I,k96_0.1_flat,1,I,1.0063483234098851,0.5233333333333333,1.0144097519684252,0.04283168589984818,1.0106555648850224,1.0103815634495066,0.025837337653379453,0.10100024303126427,-3.1735559811981138,-5.862728286490856
10,I,k96_0.1_flat,1,I,1.0079699612190753,0.49333333333333335,1.017990611963897,0.0460847443345313,1.0208894637353405,1.0101051233503484,0.031872398855253836,0.1019685679794531,-3.142764136007879,-5.779741216341788
11,I,k96_0.1_flat,1,I,1.0116849787038804,0.49,1.0259295798988217,0.04841726055037895,1.0240545242827295,1.014158072520276,0.028578207584742676,0.10226799544055597,-3.1676479415921284,-5.787487338285486
12,I,k96_0.1_flat,1,I,1.0132779079571914,0.5,1.029013131115321,0.04346649477608603,1.0274164267998136,1.0235843403669294,0.031569783743820426,0.10258628563544538,-3.1589026706998524,-5.754105259273623
13,I,k96_0.1_flat,1,I,1.010531811428165,0.4633333333333333,1.0233313553449872,0.04547687563417319,1.0219709851415757,1.0281925748094374,0.028623533732014036,0.10207351486350895,-3.20165447369956,-5.745305817551478
14,I,k96_0.1_flat,1,I,1.0063936581342987,0.5033333333333333,1.014515245413124,0.04290756879337702,1.0283578732634975,1.0316728253040617,0.029437198145523917,0.1026776758520081,-3.177694873316195,-5.700072214617816
15,I,k96_0.1_flat,1,I,1.0079594363720887,0.5,1.01775239123387,0.04219373282730386,1.02490483905756,1.0289116006495647,0.030275507131991647,0.10235174404334493,-3.174058776527231,-5.694424092095831
16,I,k96_0.1_flat,1,I,1.005942532726869,0.4866666666666667,1.0132346256956604,0.03612703968498428,1.0313131780693459,1.0269399023228547,0.026601173368088565,0.102956106743577,-3.242552676714999,-5.707761062272743
17,I,k96_0.1_flat,1,I,1.0074624400044339,0.5,1.0165009117000667,0.03788474923645698,1.02644687633609,1.0266064740132308,0.02861013344255693,0.10249669205690654,-3.2672703719954628,-5.746733000537373
18,I,k96_0.1_flat,1,I,1.0058509591648728,0.48333333333333334,1.0129324038295762,0.03359346779807669,1.0305349810920539,1.0310086488803831,0.024765629751468402,0.102881778249192,-3.3116033808638288,-5.750658802591011
19,I,k96_0.1_flat,1,I,1.0077877729108486,0.5166666666666667,1.0170068332882152,0.03395481859515496,1.0393954381434463,1.0341142475138394,0.023698640512862044,0.10372090571789973,-3.27947208136958,-5.765096036167547
20,I,k96_0.1_flat,1,I,1.0074056649870187,0.47,1.0162951502200535,0.03603039288724125,1.059080225606808,1.0340138627949376,0.021934051389276853,0.10557849863563003,-3.2335298411842457,-5.792957246287292
21,I,k96_0.1_flat,1,I,1.0034014976231298,0.5166666666666667,1.0078102309947614,0.03347671422576673,1.0390190691164745,1.0395856214966985,0.020577573206573153,0.10368565706304056,-3.270463097990745,-5.809259441461555
22,I,k96_0.1_flat,1,I,1.0046672754660222,0.51,1.0107026929630099,0.038916062764978554,1.0559265065973107,1.0359854576039396,0.02058598179539531,0.10527986449906065,-3.262481590717323,-5.721528542039203
23,I,k96_0.1_flat,1,I,1.0078771251683203,0.5066666666666667,1.0171196243977825,0.03222607562637605,1.0590403872992105,1.033624895356751,0.01916145270878445,0.10557248043011837,-3.306932438776564,-5.806397170879857
24,I,k96_0.1_flat,1,I,1.009500851346979,0.49666666666666665,1.0209186305876963,0.040627682965345656,1.0608441035565217,1.0387947689417747,0.017437040682166335,0.10574240501660247,-3.3542459567587626,-5.830206351547833
25,I,k96_0.1_flat,1,I,1.0105966942480367,0.48,1.023096303547213,0.03817497487863561,1.0676616220298751,1.0398319538670213,0.018823707901745257,0.10638664759398102,-3.306131521185552,-5.781812724895654
26,I,k96_0.1_flat,1,I,1.0141284677402782,0.51,1.030507303815591,0.03769610707701617,1.0653640622160978,1.036809890117214,0.019100765762258446,0.10617029889221224,-3.289640522720758,-5.755838738814001
27,I,k96_0.1_flat,1,I,1.0151110601628262,0.52,1.0326296444542107,0.03863251902120741,1.0618218386887341,1.040673786133824,0.017206582035296635,0.10583759852538724,-3.2749943054978172,-5.718720567786314
28,I,k96_0.1_flat,1,I,1.0142215050895336,0.5133333333333333,1.0309953080007805,0.04352271940012731,1.0608102102914412,1.0417375697151738,0.01755695662269849,0.10574119129462548,-3.2680236580376385,-5.785138736635692
29,I,k96_0.1_flat,1,I,1.0120834818732012,0.4666666666666667,1.026275574083821,0.03923347060764414,1.063268686797536,1.0421647060819035,0.02070950168771884,0.10597195254986184,-3.277393465877398,-5.720088851564756
30,I,k96_0.1_flat,1,I,1.0092938153779623,0.5233333333333333,1.0203592816761857,0.03824803327994417,1.0607815039597361,1.0440680652063012,0.01961304098869107,0.10573800020468047,-3.2759404038638515,-5.75913656592211
31,I,k96_0.1_flat,1,I,1.0060788139347323,0.5333333333333333,1.0135707134825955,0.037231566091930866,1.0534965347801062,1.043296486759851,0.017745447571243834,0.10505190868536501,-3.287884760202716,-5.71198093343732
32,I,k96_0.1_flat,1,I,1.0051135333032413,0.5433333333333333,1.0118429792720973,0.042963053080929764,1.0535424508243592,1.038505928327011,0.01830159194754231,0.1050549610114425,-3.3105589718934274,-5.738997733664954
33,I,k96_0.1_flat,1,I,1.0060623440301146,0.4866666666666667,1.013871278416157,0.04369114710271467,1.0541856745821496,1.0373433701449915,0.018017513856530665,0.10511591967581618,-3.2935781886357276,-5.720728041761378
34,I,k96_0.1_flat,1,I,1.009970103420872,0.49666666666666665,1.0221151712102214,0.04471515223684488,1.0502685132779026,1.0384477381498851,0.01801702604302282,0.10474457643979641,-3.3118820080770535,-5.717446301021165
35,I,k96_0.1_flat,1,I,1.0136947053975722,0.46,1.0296298506122985,0.03840720080559244,1.0609255060205927,1.034575289588954,0.01818081088010645,0.1057521924193778,-3.293928029283806,-5.680000535315935
36,I,k96_0.1_flat,1,I,1.0121265646898048,0.49666666666666665,1.0264410531672599,0.04074108022711239,1.052845003746847,1.0387166692697274,0.01635882386989292,0.1049910079722324,-3.302356139729907,-5.676934685937325
37,I,k96_0.1_flat,1,I,1.0171319001626624,0.5233333333333333,1.036999146337495,0.04067170728261224,1.0429928855328097,1.0381060593136187,0.016895267005134634,0.10406183209627956,-3.329649277218485,-5.664034782486431
38,I,k96_0.1_flat,1,I,1.018987233309756,0.49666666666666665,1.0409060864223438,0.04008765869687858,1.0539573653713377,1.038653110961212,0.016455889419764648,0.1050936446523768,-3.3050344219133465,-5.601851224414797
39,I,k96_0.1_flat,1,I,1.0202544484968725,0.5066666666666667,1.043546066176112,0.0391744955918453,1.0510142737775543,1.040400996278139,0.017828994491840656,0.1048195852882789,-3.26592424910723,-5.68593684614882
40,I,k96_0.1_flat,1,I,1.019118727407952,0.49,1.0414111965382753,0.04436219873135895,1.0495954457466417,1.0409143655998785,0.016515224716237915,0.10468480792033744,-3.2252572271981097,-5.648808641947588
41,I,k96_0.1_flat,1,I,1.0215853945677282,0.48,1.0464961405709228,0.04150420143472184,1.0527847450857444,1.0366614010462127,0.018567312950693332,0.10498567880113406,-3.254125911247818,-5.6322238519556
42,I,k96_0.1_flat,1,I,1.0231219266245624,0.4866666666666667,1.0496736232002086,0.03969322642217635,1.0500301292220924,1.0392990658625605,0.016457468999264344,0.10472627771130676,-3.238272710067655,-5.636783512203021
43,I,k96_0.1_flat,1,I,1.0225417794320035,0.49,1.0484578202414847,0.04006290585962319,1.0485538512948922,1.0402262434364913,0.016436263195657757,0.10458833589754309,-3.211493316942279,-5.596259067685038
44,I,k96_0.1_flat,1,I,1.0212899860176685,0.47333333333333333,1.0458975103521637,0.042016314250269006,1.0389909825126866,1.0448133854583153,0.014862843159969313,0.10368439433877734,-3.193083588984981,-5.617919511334454
45,I,k96_0.1_flat,1,I,1.0207115894613343,0.5166666666666667,1.0446395697335549,0.04158754778637468,1.0368694484668886,1.0482788051440333,0.013440752787134934,0.10348471331004222,-3.173192013130846,-5.614078175079192
46,I,k96_0.1_flat,1,I,1.019409419231784,0.49333333333333335,1.0416178746806628,0.03627967105270295,1.0324402311743275,1.046497491996275,0.013434218714916006,0.10306546791571733,-3.1427803937596734,-5.57649074067752
47,I,k96_0.1_flat,1,I,1.0171533071210164,0.5,1.0370547235308571,0.04086501372414742,1.0308980879455187,1.047983915086933,0.013949191763464559,0.10291847608035555,-3.2426705438610886,-5.59691243844645
48,I,k96_0.1_flat,1,I,1.0210851020071379,0.49333333333333335,1.0454279541801255,0.04144356465917686,1.0180093812198694,1.04814868642361,0.013735995204968255,0.10169995336016403,-3.254751105987082,-5.562824322653125
49,I,k96_0.1_flat,1,I,1.0216340419127485,0.5,1.0466278952637302,0.04211287204337145,1.0061943804681532,1.0467534461064878,0.013807467184108763,0.10058212721761635,-3.2526395244986315,-5.558193380399049
50,I,k96_0.1_flat,1,I,1.022462357944859,0.5266666666666666,1.0484905012705046,0.04393859182271911,1.008200377410856,1.0471198210082553,0.013798851009979605,0.10077396202504212,-3.2546147271801207,-5.541000202049799
51,I,k96_0.1_flat,1,I,1.0228441521151008,0.48333333333333334,1.0490267151645678,0.0384996908368157,1.0078633004753037,1.0484961302437834,0.012454357338139587,0.1007409534834607,-3.2814880452957733,-5.541376957871163
52,I,k96_0.1_flat,1,I,1.0255927525162958,0.54,1.0550608124457876,0.042007126628331386,1.0076170217874365,1.0502812117317943,0.010202783941444445,0.10071826610268914,-3.28955653137129,-5.573818832311766
53,I,k96_0.1_flat,1,I,1.0302911654824063,0.5033333333333333,1.0650468112995908,0.040525656874292056,1.0123274102533506,1.051417524762359,0.010768714729116868,0.1011640947377597,-3.2843922289745198,-5.569913093897281
54,I,k96_0.1_flat,1,I,1.0303783322819713,0.47333333333333333,1.065032018939017,0.03624078047534501,1.0084407329152827,1.0469497614826897,0.013377473195002598,0.10079544304893591,-3.2704158080844694,-5.603066100084422
55,I,k96_0.1_flat,1,I,1.0309263048774997,0.5366666666666666,1.0663764242212712,0.03982245550108386,1.0166754174263921,1.0503670153528237,0.01149922068728876,0.10157579207731658,-3.33400677364246,-5.610395434764291
56,I,k96_0.1_flat,1,I,1.0301779252876058,0.5166666666666667,1.0645964075906278,0.036242446614028354,1.0131861739981753,1.0474360956448867,0.013532245235827158,0.10124553996774627,-3.29987651218054,-5.656304474482728
57,I,k96_0.1_flat,1,I,1.0332593279338242,0.5,1.0713809225707116,0.039654702768002544,1.0156044045683996,1.0496911842044119,0.012729018857522444,0.10147496057885728,-3.290712690694967,-5.643353197687484
58,I,k96_0.1_flat,1,I,1.034403889515163,0.51,1.073892717411729,0.040762664584063225,1.0139923499150925,1.052050239296303,0.012807614861569009,0.10132187040658404,-3.246279113852718,-5.626188116689414
59,I,k96_0.1_flat,1,I,1.0315853851070325,0.5433333333333333,1.068059382397105,0.04513610543264015,1.014908315468238,1.0538600435044112,0.012311690688005774,0.1014091165961438,-3.29815884957107,-5.636450051093926
60,I,k96_0.1_flat,1,I,1.0296112070764418,0.47333333333333333,1.0637335820063034,0.043558578120241,1.0125003278552203,1.0519747479016306,0.012497646173336367,0.10117898459833219,-3.276389496220892,-5.626576149301022
1,U,k96_0.1_flat,1,U,,,0.9996657303527765,0.035262103425390226,1.000324344570558,0.9983026296369731,0.029860975651062088,0.10001885228091889,-3.111505107751453,-5.709642330070275
2,U,k96_0.1_flat,1,U,,,0.9972255929792989,0.035075008962326036,0.9956578831012577,1.0054929349305355,0.033476746285220155,0.09957521942397965,-3.1138590276901708,-5.715477150134344
3,U,k96_0.1_flat,1,U,,,0.9993790268006704,0.035592756134936857,0.9975869922475696,1.0050054882352388,0.028441092985459143,0.09975830029740164,-3.1088458791350053,-5.687198636177427
4,U,k96_0.1_flat,1,U,,,0.9941106970538974,0.0358079480400089,0.9995112553154081,1.014625969001429,0.030857615776831708,0.09994013487610409,-3.124362460786814,-5.6691250782326685
5,U,k96_0.1_flat,1,U,,,0.9964124656130563,0.03589392636416586,0.9931973949029346,1.0101437398056854,0.03035938809367911,0.09934170079414185,-3.132640762970979,-5.712594952055688
6,U,k96_0.1_flat,1,U,,,0.9995434458311939,0.0348088977267715,0.9843532637360344,1.0134013876292625,0.029876624083993754,0.09850277305414852,-3.117693025517607,-5.685727460756373
7,U,k96_0.1_flat,1,U,,,0.9969157448511424,0.03382307185375465,0.9918840379925189,1.010138414166084,0.028815093275189812,0.09921980401001894,-3.0947507968059065,-5.702898213835718
8,U,k96_0.1_flat,1,U,,,0.9994989390882605,0.03331760356792708,0.9899326674243324,1.0167677694272155,0.0330577184600585,0.09903675786016042,-3.0848964430773353,-5.6902843572546455
9,U,k96_0.1_flat,1,U,,,1.0034272858005269,0.030665677588795084,0.9849627515240358,1.0168215730185317,0.03279591826954405,0.09856311027283066,-3.089400619035238,-5.681080738845975
10,U,k96_0.1_flat,1,U,,,1.0016940494673314,0.03523464531015218,0.9867292307017844,1.0188651017060015,0.028771255890158456,0.09873044555399467,-3.0547501017183634,-5.695229004042291
11,U,k96_0.1_flat,1,U,,,1.0038586723591205,0.037634527636965204,0.9925678669682926,1.0247605474179082,0.03128318087260449,0.09928401632783884,-3.10283621645048,-5.6929946534540905
12,U,k96_0.1_flat,1,U,,,1.0036548088705546,0.03559829148229364,0.9835127306701789,1.0223700116893535,0.030319938185202424,0.09842550919835051,-3.116878550599954,-5.689576574452797
13,U,k96_0.1_flat,1,U,,,1.00838396988166,0.03556716066296774,0.988999391562401,1.0281204059662699,0.031028022957774862,0.09894733685049012,-3.121096978655088,-5.715963786556933
14,U,k96_0.1_flat,1,U,,,1.0113771440036337,0.03558204165752088,0.9883552892480058,1.023081543544218,0.032441868434854304,0.09888462477477955,-3.1005091233869178,-5.683441208164717
15,U,k96_0.1_flat,1,U,,,1.0143222375673127,0.036286056372485324,0.9797904252935632,1.0257006950329615,0.02868578167875651,0.09807098466259732,-3.127923949363226,-5.689573054511466
16,U,k96_0.1_flat,1,U,,,1.0146599533028897,0.03804947366695953,0.9828029832302825,1.0195234214644964,0.03190968530085208,0.09835860809338885,-3.1412673480687068,-5.713003548155817
17,U,k96_0.1_flat,1,U,,,1.0131465813245943,0.03420319889753174,0.9754637273053163,1.0150659318098787,0.031182360855138133,0.0976594664601141,-3.1528142550474847,-5.698814914923006
18,U,k96_0.1_flat,1,U,,,1.0189275972059635,0.03721919688597369,0.9951124910494161,1.0184201883201525,0.03421611548601991,0.09952814603138951,-3.1381378311063526,-5.707406364042773
19,U,k96_0.1_flat,1,U,,,1.0200488269425336,0.03945864042925581,0.9922069304553813,1.0180404407809105,0.027379873048056558,0.09925146289248617,-3.1394252971808547,-5.743737475293012
20,U,k96_0.1_flat,1,U,,,1.0233913131983825,0.03766653810078901,0.9909846659802637,1.022417407807864,0.026462127654977092,0.09913728035808035,-3.1441328729325124,-5.74509392033907
21,U,k96_0.1_flat,1,U,,,1.015364849477157,0.035733140575827445,0.9985025267381786,1.0203399340999204,0.02708957512637035,0.09984770201772547,-3.1302395466516644,-5.737512122583835
22,U,k96_0.1_flat,1,U,,,1.0182832700325608,0.03536551420860304,0.9974127934407007,1.0166603806901409,0.022395923465474355,0.09974240742501093,-3.1697958525635506,-5.7167343507785535
23,U,k96_0.1_flat,1,U,,,1.0193314926908879,0.034447882226504516,0.9899282851151152,1.0247774689696687,0.02506405417295876,0.09903350154405804,-3.1537304031030584,-5.709278019070064
24,U,k96_0.1_flat,1,U,,,1.0239175940296206,0.03537895764690374,1.00159355595013,1.020057865432266,0.022770935593329863,0.1001396501611884,-3.1476228554688404,-5.714279682376888
25,U,k96_0.1_flat,1,U,,,1.0245781441572994,0.037959751363613146,0.9972429979163193,1.0282927360500662,0.021293727154427768,0.09972790589333594,-3.1384135910308,-5.6989446564835395
26,U,k96_0.1_flat,1,U,,,1.0191371633958395,0.03630266018985197,0.998889255613633,1.0261950541791744,0.018833157806542117,0.09988294388171387,-3.1448957882553947,-5.726069554761613
27,U,k96_0.1_flat,1,U,,,1.0210226024290807,0.03774296424314182,1.0015173811650835,1.02597941683961,0.024683892380262036,0.10013386089819735,-3.151732885439178,-5.712711646926505
28,U,k96_0.1_flat,1,U,,,1.0254572280692138,0.03398613394020285,1.0085991933248997,1.0265235289941492,0.022792033852188285,0.10080236558111363,-3.1288970054219947,-5.667213126700683
29,U,k96_0.1_flat,1,U,,,1.023866749588413,0.034054256338035285,1.000148364751167,1.0286882708475105,0.024632469771323287,0.10000448317850079,-3.1545954534348852,-5.647185536867743
30,U,k96_0.1_flat,1,U,,,1.0268384019053667,0.03340968639814599,0.9981429515274048,1.0303547776830253,0.018822067736062,0.09981733467545344,-3.122385323921077,-5.690356644468028
31,U,k96_0.1_flat,1,U,,,1.0258139465431535,0.035428210042888236,1.003062041416561,1.031087019326978,0.019979926977799607,0.100281930700456,-3.134027700162322,-5.703818916332455
32,U,k96_0.1_flat,1,U,,,1.0305345999792344,0.034313848647046216,0.9984251761689665,1.0328301294907658,0.020352011862372944,0.09984204932395498,-3.157821753333876,-5.712062010210908
33,U,k96_0.1_flat,1,U,,,1.032183604562659,0.03469380976981211,0.9911310874759035,1.0335448688503774,0.019291747757465397,0.09914996118044699,-3.1651318589535866,-5.700952567482207
34,U,k96_0.1_flat,1,U,,,1.0362908393435317,0.03254610889730661,0.9962818001511337,1.0306665139103799,0.021723848060301,0.09964037672280386,-3.1603570945995005,-5.7115977276713785
35,U,k96_0.1_flat,1,U,,,1.037589634230534,0.03283122614959504,0.9893805819585155,1.0361204760474918,0.01994523494622198,0.09898470939753913,-3.1443236718033427,-5.7116372831994155
36,U,k96_0.1_flat,1,U,,,1.0371628122212613,0.03437628361558787,0.9919893288044809,1.0377774639383688,0.022029189207068783,0.0992336618962932,-3.1507630802083644,-5.692634630266407
37,U,k96_0.1_flat,1,U,,,1.0384536045145019,0.030012382159842397,0.9915065203786492,1.0337007663401492,0.02462149566172524,0.09918776172830378,-3.1252296676367397,-5.682544073536961
38,U,k96_0.1_flat,1,U,,,1.0383504821931904,0.03312278666346448,0.9934248765372403,1.0446483213781483,0.030958852956595482,0.09937012665436268,-3.13649740982686,-5.637112077224457
39,U,k96_0.1_flat,1,U,,,1.0414305625457891,0.035670568887467696,1.0001276896244187,1.0466495961444946,0.026274805305808894,0.10000543690869869,-3.09938423498141,-5.635832279883607
40,U,k96_0.1_flat,1,U,,,1.0421802624054537,0.034496189301806035,0.9990998411564502,1.0549577148797096,0.029093801718760713,0.09990679582613983,-3.105750951716707,-5.600867216528139
41,U,k96_0.1_flat,1,U,,,1.037644614842812,0.03520284295423893,0.9926176535790386,1.0517213510055679,0.027940470513807592,0.09929237129239268,-3.099074100396978,-5.600397120184821
42,U,k96_0.1_flat,1,U,,,1.0365686600985726,0.035215971527481946,1.0001829131312807,1.0476867231451152,0.026961104137455047,0.10001046138903888,-3.1192069695009863,-5.605516160667866
43,U,k96_0.1_flat,1,U,,,1.0400032938087842,0.03779750063332612,0.9952480789182637,1.0457058730731672,0.02540580102676818,0.099540968872296,-3.136380383282793,-5.589281978647374
44,U,k96_0.1_flat,1,U,,,1.0374822463683964,0.038028490105372036,1.0051116201921866,1.0517240726830142,0.029208534228016458,0.1004751922963285,-3.1277010481723324,-5.584636295275659
45,U,k96_0.1_flat,1,U,,,1.0398329504978563,0.03539652066135656,0.9943383662161701,1.0513513582501421,0.03076974009812904,0.0994549734506933,-3.131903536672637,-5.552223733446891
46,U,k96_0.1_flat,1,U,,,1.039495953331336,0.032611607264472035,0.9949251034515199,1.0574368328980785,0.03242671439523339,0.09951122684841901,-3.1105853145794087,-5.6023690529142245
47,U,k96_0.1_flat,1,U,,,1.0384855309227397,0.032231150181570384,0.9829688716709454,1.0618685158577936,0.032582147857341676,0.0983764618618142,-3.1189392274317895,-5.577794843333144
48,U,k96_0.1_flat,1,U,,,1.0423077443328352,0.03570526786101154,0.9785875600062203,1.0524207165083161,0.02678528562641103,0.09796100427519998,-3.121356119115162,-5.58851463426825
49,U,k96_0.1_flat,1,U,,,1.0440085114045718,0.03632784929064784,0.9837009329821853,1.0621222773908539,0.033422619787608035,0.0984469286864438,-3.0802665510789016,-5.550738995009104
50,U,k96_0.1_flat,1,U,,,1.0397469028236084,0.03441289931830146,0.9805809361732749,1.0533781266133708,0.025605939190039045,0.0981495495128821,-3.1282137130008456,-5.582451957607188
51,U,k96_0.1_flat,1,U,,,1.0377875307021025,0.0336365588993892,0.974480816826239,1.0618252392273455,0.03536561612937529,0.09757079822455728,-3.143181899054147,-5.553853779759115
52,U,k96_0.1_flat,1,U,,,1.0357056146037769,0.03491609046335629,0.9841315462425424,1.0465331544849314,0.025885448667048283,0.09848919388674897,-3.1774928563039717,-5.54501350070552
53,U,k96_0.1_flat,1,U,,,1.0325025534626304,0.032524617068536175,0.9799902920396126,1.0575878467457354,0.03465186676175298,0.09809378785925921,-3.178721288452802,-5.544622211779925
54,U,k96_0.1_flat,1,U,,,1.0287217379558482,0.02978828405495548,0.9921628565201932,1.0506015946393021,0.02887963201044576,0.09924745723855372,-3.1539651312430963,-5.581692816926607
55,U,k96_0.1_flat,1,U,,,1.0269735340467325,0.03308019363942506,0.9881633898872174,1.0484810936497315,0.034052352063291526,0.09886913507057286,-3.166960768457428,-5.580640387998314
56,U,k96_0.1_flat,1,U,,,1.0254520038138366,0.03218402486919223,0.9955948263726365,1.0601237505667405,0.031491291278275074,0.09957617883318924,-3.1926834955357966,-5.5756198850522045
57,U,k96_0.1_flat,1,U,,,1.0267906072201078,0.03064112976906861,0.9915886454733173,1.0535555127292136,0.03260084543257767,0.09919538781993713,-3.170188389798564,-5.603309791404767
58,U,k96_0.1_flat,1,U,,,1.023221008520366,0.030869363901371228,0.9943142907953052,1.0579373207041878,0.033191792672211846,0.09945366404064382,-3.17396966711007,-5.638972665130425
59,U,k96_0.1_flat,1,U,,,1.0265036327179708,0.03077617688191349,0.9916695648704399,1.058674969913081,0.03511256156838497,0.09920185646665339,-3.188847948229855,-5.6703271101329555
60,U,k96_0.1_flat,1,U,,,1.0232258090107598,0.029109862433645703,0.9964206419700374,1.0642343706326518,0.03588635029699709,0.0996554982849075,-3.1737093739930926,-5.644881519044831
1,I,k96_0.1_flat,2,I,1.0007038505799712,0.49333333333333335,1.0022383490116946,0.03459733260096994,1.0087061069029455,1.0012108102013826,0.028761262348950236,0.1008136103220429,-3.1209392009772077,-5.681713700657604
2,I,k96_0.1_flat,2,I,0.9961735363640767,0.5166666666666667,0.9928326756876861,0.034455659233794254,1.0092633280091434,1.004737708615777,0.03003680736040092,0.1008684280603842,-3.1200836520066306,-5.701999103771077
3,I,k96_0.1_flat,2,I,0.9994799408834419,0.49,0.9997156726013986,0.03496746338069428,1.0018850155727153,1.0019833412295158,0.03065566994471294,0.10017034902837192,-3.1099495288682717,-5.706927709989406
4,I,k96_0.1_flat,2,I,1.0044361248189198,0.4666666666666667,1.0100428168567765,0.03503920038607409,0.999645467620356,1.0089885110910792,0.03060132832677805,0.09995080579498579,-3.135384456017536,-5.669915651391868
5,I,k96_0.1_flat,2,I,1.0047216714241647,0.47333333333333333,1.0105582690668797,0.03318591438719471,1.004990557770237,1.0007492569594139,0.03862394043330906,0.10046292437808922,-3.150080946971174,-5.696527040294562
6,I,k96_0.1_flat,2,I,1.0029578908040555,0.5333333333333333,1.0068657487284007,0.03299931480661248,1.0056782538119182,1.006132015698743,0.033356037699728065,0.10052731054094992,-3.1072867407719733,-5.675271951052838
7,I,k96_0.1_flat,2,I,1.0033458541918818,0.4666666666666667,1.0076972244487612,0.03353533201527865,1.0037996055517218,1.0095334630889952,0.026109657726363707,0.10034799918164512,-3.1839139796126106,-5.702574769113087
8,I,k96_0.1_flat,2,I,1.004040685790241,0.49333333333333335,1.0090375961121925,0.031074246730804025,0.9864428272354375,1.0070884248778256,0.030578348452422792,0.09870436033651779,-3.1321032167889613,-5.699163454708226
9,I,k96_0.1_flat,2,I,1.00716924142818,0.51,1.0156477537446391,0.03257739565149408,0.987964849478182,1.0086578530935988,0.02879029070178102,0.09884866812910327,-3.1602232431772355,-5.656942683948048
10,I,k96_0.1_flat,2,I,1.0068514252299503,0.5166666666666667,1.0150125919596191,0.03342044059011887,0.9812334267076123,1.0079883992147185,0.027997238142808127,0.09820777023116284,-3.190809923920705,-5.651430249448991
11,I,k96_0.1_flat,2,I,1.0063903478298888,0.5233333333333333,1.013915490400505,0.030148474397765565,0.989196328608102,1.0136421119735939,0.026536450094304307,0.09896576141023493,-3.195082782514513,-5.709274511224283
12,I,k96_0.1_flat,2,I,1.008216923694207,0.4866666666666667,1.0177734182045095,0.03085236289231446,0.9893059611142871,1.0071419700513895,0.029056676005981545,0.09897612624345861,-3.2058361734079375,-5.6634487507966425
13,I,k96_0.1_flat,2,I,1.0086609170155387,0.4533333333333333,1.0187506216136202,0.03206698881430364,0.9949168577646319,1.0039687527953818,0.020649045651629783,0.0995083732123919,-3.1945058061011027,-5.719197915764675
14,I,k96_0.1_flat,2,I,1.0061675568803659,0.5,1.0134852614551562,0.031031615648223373,0.9953771784897646,1.0024725157302183,0.023100757026686482,0.0995537931140682,-3.204307819553437,-5.72094317453598
15,I,k96_0.1_flat,2,I,1.0059821239607063,0.4533333333333333,1.0129436303574493,0.026836152167241157,0.9788969187313338,0.9969817260146795,0.028230323037681002,0.09798836862682532,-3.2082768646672766,-5.704732705237961
16,I,k96_0.1_flat,2,I,1.005052502944435,0.53,1.010925183969111,0.0246152967293441,0.9856722804550202,0.9936508698366038,0.030173886608041985,0.09863291945340157,-3.161389099824527,-5.760796795212996
17,I,k96_0.1_flat,2,I,1.004676007460834,0.5133333333333333,1.0101836969351423,0.02602053308078749,0.9767508691827698,0.9985219790612253,0.029757997376457696,0.0977853973194708,-3.184887849648231,-5.697373487573887
18,I,k96_0.1_flat,2,I,1.005629182682414,0.5166666666666667,1.0122083168653428,0.026960746187448252,0.993224419715555,0.9963221391759302,0.03050664788367915,0.09934991924124532,-3.186421695495949,-5.758645193333738
19,I,k96_0.1_flat,2,I,1.0062593745219421,0.5433333333333333,1.0135180468043006,0.026705671372822117,0.9916191092852223,0.9980138448392382,0.032695549282140794,0.09919536442070088,-3.1768305094193177,-5.788711248123445
20,I,k96_0.1_flat,2,I,1.0054934174605736,0.53,1.0119071453043247,0.02643042736588696,0.9961671446933917,1.0056755776983577,0.03124277984788184,0.09962497506759153,-3.2131357760747163,-5.782004949440695
21,I,k96_0.1_flat,2,I,1.0055492807980775,0.47333333333333333,1.0120904724874586,0.028425819153051042,0.9920634782328591,0.9981270181911506,0.03675225615805648,0.0992348143017659,-3.207718818018357,-5.7944903840418815
22,I,k96_0.1_flat,2,I,1.0043636170908192,0.49,1.0095625869662028,0.02691563998280351,0.9999510093300341,0.9928660857626758,0.03508760549015043,0.09998509954197003,-3.195012250252531,-5.8214933353034635
23,I,k96_0.1_flat,2,I,1.0072442911655193,0.45666666666666667,1.015672827291579,0.02927246584769267,1.0053496493485898,0.9889815208952677,0.03726798683889006,0.10049691050898878,-3.2175556739658426,-5.802344605032869
24,I,k96_0.1_flat,2,I,1.0085398645339225,0.51,1.0184377073657749,0.030463832073374792,1.0014943662313485,0.9973077323176364,0.033025007114236386,0.1001343880533077,-3.236670063881557,-5.805287619380948
25,I,k96_0.1_flat,2,I,1.0089702306668653,0.5733333333333334,1.019368520981667,0.03132501462602406,1.0124577590435124,0.9917117676475212,0.03314112626273142,0.10117264387779017,-3.205878060262878,-5.810707431187479
26,I,k96_0.1_flat,2,I,1.007038433033172,0.51,1.0152614388319239,0.02981962568073197,1.0130624382613072,0.9847397570822796,0.033255516568577254,0.1012279590705074,-3.1893954495692163,-5.781167513943175
27,I,k96_0.1_flat,2,I,1.0044422827759456,0.49666666666666665,1.0098198112868981,0.029537087115977984,1.006993551081664,0.9871173955185729,0.03308736787296553,0.10065378452291557,-3.2011606808962916,-5.803874751280582
28,I,k96_0.1_flat,2,I,1.0029759556222329,0.5033333333333333,1.0067196736078252,0.028504066030990267,1.0169748447369784,0.987871206089778,0.03464641307730542,0.10160108790620209,-3.19975865327104,-5.821526930171847
29,I,k96_0.1_flat,2,I,1.003766984499262,0.5366666666666666,1.008364248689312,0.028217623517216964,1.017071109777681,0.9821442933804413,0.030836068648116836,0.10161110489503108,-3.16322424434861,-5.8423183637651706
30,I,k96_0.1_flat,2,I,1.0008871358583955,0.5066666666666667,1.0024302745127938,0.03015327220159411,1.014289471446004,0.9860738040264869,0.035888028694853295,0.10134685936024553,-3.202975291911071,-5.851349049584611
31,I,k96_0.1_flat,2,I,1.0014267776396555,0.49666666666666665,1.0034642272834793,0.027682955525133425,1.0206555929115186,0.9847934989532102,0.02966270328814202,0.10194930697402325,-3.2037406064736236,-5.887455550922782
32,I,k96_0.1_flat,2,I,0.999237852835831,0.51,0.9988242144807585,0.025111961724204247,1.0260655868489972,0.9856438897610279,0.03204880777377062,0.10245939505510207,-3.188055465736352,-5.836447240421703
33,I,k96_0.1_flat,2,I,1.0000694410069386,0.5166666666666667,1.0006136428363532,0.026936377675704393,1.0288611017627178,0.992400498645097,0.036174683476388934,0.10272527115177187,-3.1697382167402846,-5.84556880983969
34,I,k96_0.1_flat,2,I,0.9995020593235855,0.48333333333333334,0.9994830117554784,0.028324539293644733,1.0221143709945386,0.9951010905346869,0.03361923274695807,0.10208743218071245,-3.166107537268604,-5.855701356701882
35,I,k96_0.1_flat,2,I,0.9985184426885423,0.47333333333333333,0.9975878092535284,0.03210732099422411,1.0150097542723344,0.9961605017628862,0.030628103819316542,0.10141739313201276,-3.1804541051113566,-5.844237584295621
36,I,k96_0.1_flat,2,I,0.9965748281520072,0.47333333333333333,0.9933487280884674,0.02652419443653931,1.013997837442102,0.9959671706540874,0.037734341631575734,0.10132184077158797,-3.1699993621636806,-5.875310271755379
37,I,k96_0.1_flat,2,I,0.9959228309663506,0.49666666666666665,0.9920321997722187,0.0275856905521509,1.0219088504501925,0.9902907313813485,0.03460282198925277,0.10206876245798645,-3.2330544465269098,-5.9006675866834435
38,I,k96_0.1_flat,2,I,0.9950463677251923,0.51,0.9900775058650862,0.02320170069654223,1.0271405141405756,0.9986854866783936,0.0294000820678547,0.10256430708703351,-3.219421181939553,-5.887911978013136
39,I,k96_0.1_flat,2,I,0.9952939989441744,0.47333333333333333,0.9906722536276446,0.025822775397219257,1.0244392181070419,0.9942238062834501,0.03475461104209021,0.10230912587862266,-3.226940844623902,-5.875142800339293
40,I,k96_0.1_flat,2,I,0.9961477261707947,0.5133333333333333,0.9924083624208764,0.024900288136920776,1.0329139564942484,0.9919350516855885,0.02947505745431241,0.1031101348612407,-3.223448159000404,-5.880560036423372
41,I,k96_0.1_flat,2,I,0.9949487675165106,0.47333333333333333,0.9899749099528248,0.026335895476378504,1.0247698484126337,0.9951140353419775,0.028455015192924236,0.10233979023350322,-3.252594494177703,-5.908955663213876
42,I,k96_0.1_flat,2,I,0.9994615107389846,0.49333333333333335,0.999424775199268,0.02904825812006811,1.0263689841012706,0.9907697710336684,0.03231101437846297,0.10249109078585346,-3.263965689240661,-5.879877313537391
43,I,k96_0.1_flat,2,I,0.997792862211942,0.51,0.9960328465749956,0.030861665144092814,1.016985148678562,0.9941377552898193,0.03173731857803281,0.10160348940350243,-3.2902816783932938,-5.90959287885412
44,I,k96_0.1_flat,2,I,0.9986273088375893,0.49,0.9976320539673744,0.027308955996931495,1.020312436973788,0.9893201144273082,0.029628637762173064,0.10191753837222564,-3.2540751142219664,-5.927008912710801
45,I,k96_0.1_flat,2,I,0.9981117145022633,0.54,0.996505008141205,0.02563977830401987,1.017749264751216,0.9891629003711568,0.028301676423162295,0.10167602065166886,-3.2815988361393114,-5.941268978321711
46,I,k96_0.1_flat,2,I,0.9964975695970001,0.4766666666666667,0.9930923849195987,0.02351363190534453,1.0101364521414244,0.9864735643834635,0.029658974165979086,0.10095461879685187,-3.3014411147960008,-5.91462229897995
47,I,k96_0.1_flat,2,I,0.9963619399296698,0.45,0.992767297666095,0.022028574604445558,0.9982017191393863,0.9878100618528152,0.02726494746078545,0.09982316953951326,-3.2818898873242173,-5.959859943012731
48,I,k96_0.1_flat,2,I,0.9953660464878971,0.46,0.990846371515029,0.026531864544243368,1.011770239163817,0.9886175253264611,0.028798861793273154,0.101108466040968,-3.313455803904453,-6.018522612261014
49,I,k96_0.1_flat,2,I,0.9922376939399207,0.4533333333333333,0.9843177912729184,0.024409368077907126,1.000417200500525,0.9966008233574086,0.026632521868935555,0.10003292240562255,-3.2937664897484535,-5.985967379682638
50,I,k96_0.1_flat,2,I,0.9941709059417795,0.53,0.9884042914513503,0.02730144746438746,1.0000749006430882,0.9864779341531718,0.03107078281142364,0.10000090402867241,-3.3619872375844,-6.0195915077471
51,I,k96_0.1_flat,2,I,0.9928080712317489,0.5066666666666667,0.9854606809512912,0.023293448061123004,1.0172863406110726,0.9913115672100872,0.0280203813398179,0.1016281314218097,-3.3141670943036132,-6.014297410673012
52,I,k96_0.1_flat,2,I,0.9947832299534314,0.51,0.9896438775702525,0.02651953414724158,1.010494937558279,0.9819150285511364,0.026099428817947624,0.10098737631683269,-3.35717337062071,-6.038230085959431
53,I,k96_0.1_flat,2,I,0.996027698949384,0.5333333333333333,0.9921983798483813,0.025938605578681453,1.006230257380994,0.9836914372488457,0.028009086995911085,0.10058421629126066,-3.3475226880754847,-6.013341699063736
54,I,k96_0.1_flat,2,I,0.9972479298391875,0.49333333333333335,0.9947759229822177,0.02740463677368565,1.0155233330902214,0.9753009058187441,0.0336280518719903,0.1014661168146618,-3.3172861490860637,-6.06055163753587
55,I,k96_0.1_flat,2,I,0.9978492052127026,0.4766666666666667,0.9959560681313694,0.025529538467618167,1.0036580731213822,0.9832357444152804,0.029641375554101342,0.1003422082615308,-3.358288623848276,-6.100718910827365
56,I,k96_0.1_flat,2,I,0.997633921951741,0.5166666666666667,0.9954052916103004,0.02209405530699526,1.0118794990101736,0.9670450399540574,0.029851681578337813,0.10112030960860635,-3.3612785883544265,-6.087950683963639
57,I,k96_0.1_flat,2,I,0.9993400299472776,0.5366666666666666,0.9990938473207052,0.026717011891673574,1.0213728464401735,0.9772513897813182,0.03131583763750293,0.102018962331825,-3.344394330215414,-6.128220673009275
58,I,k96_0.1_flat,2,I,0.9999590253826305,0.43666666666666665,1.0003955262964763,0.0272744562559168,1.0105259097118418,0.9651615493083209,0.032044727509482604,0.10099150808300085,-3.3346898494887847,-6.121944987996424
59,I,k96_0.1_flat,2,I,1.0001890540278424,0.47,1.00071273076317,0.022090574377016437,1.018650379031481,0.9559688046004268,0.03229847503492841,0.10176031233638956,-3.4114379087770597,-6.142936143881436
60,I,k96_0.1_flat,2,I,1.0018465110585582,0.5166666666666667,1.0041253805268215,0.02082540896286695,1.0150287928356732,0.9563342119484757,0.028055936061898715,0.10141622829194094,-3.399941017873563,-6.19537129315178
1,U,k96_0.1_flat,2,U,,,0.9983106282764492,0.03296613536240543,1.0005670626677396,1.0004704089817222,0.02766877025845262,0.1000423425599929,-3.088128991514848,-5.688604488429206
2,U,k96_0.1_flat,2,U,,,0.9917779672575565,0.031202302583749963,0.998573128097012,0.9986685394733602,0.028196337848040917,0.09985200267763476,-3.0877079111986716,-5.725520652069654
3,U,k96_0.1_flat,2,U,,,0.9927753012408904,0.03347879157153753,1.0102060044542973,0.9945951894202589,0.025989045522607022,0.10095252411672474,-3.055400146865941,-5.711128452149311
4,U,k96_0.1_flat,2,U,,,0.9924320807511572,0.03211124724116236,1.0009656347274045,0.9945790064445776,0.025403904446350878,0.10007960024769187,-3.1262105839379752,-5.686982628893333
5,U,k96_0.1_flat,2,U,,,0.9999243670578998,0.03680087939225058,1.012519931041324,0.9902958189236779,0.028251877478744976,0.1011736528660543,-3.0800717360635783,-5.7353874592198855
6,U,k96_0.1_flat,2,U,,,1.0017751740275813,0.03743975667381933,1.0060884402484453,0.9895139675867074,0.02789162721267863,0.10056331389380065,-3.076636813504973,-5.708933470146168
7,U,k96_0.1_flat,2,U,,,1.0034748995974356,0.03998453608366143,1.0208811811321132,0.9940911304639849,0.0274383274895094,0.10196313652310633,-3.097592259695693,-5.698807813075314
8,U,k96_0.1_flat,2,U,,,1.0032588364779058,0.036386968909504346,1.0088371166748697,0.9907917274361508,0.029121972158994987,0.10082102517696298,-3.06978247795554,-5.712998018392458
9,U,k96_0.1_flat,2,U,,,1.0028215208540776,0.033972531569372875,1.0022970854537216,0.9921116403601021,0.026595252232317984,0.10020060609843653,-3.073217718191158,-5.755265552483394
10,U,k96_0.1_flat,2,U,,,1.005722618821592,0.03407641211179488,1.003521217773362,0.9927113859899256,0.026188489541106953,0.10031954795119015,-3.029551939030898,-5.739709428410618
11,U,k96_0.1_flat,2,U,,,1.0084752925239278,0.03381913898737304,1.0009590083566398,0.9876130230163281,0.028371599580655917,0.10007519173544777,-3.037125719026895,-5.764716564506574
12,U,k96_0.1_flat,2,U,,,1.0153571826609338,0.03509419632858736,1.0115196776894073,0.9882786993423248,0.025549358031413793,0.10107463005421981,-3.0670272037243147,-5.7444463315587075
13,U,k96_0.1_flat,2,U,,,1.0188667320239648,0.038613690215149016,1.0006002597615058,0.9843936773342284,0.02718045939079777,0.1000405646782115,-3.0874643068468055,-5.773559810591874
14,U,k96_0.1_flat,2,U,,,1.020212744798508,0.035865315782043966,0.9889354332117557,0.9867686261803521,0.025776905534715896,0.0989321228924375,-3.066998598933372,-5.770746907181231
15,U,k96_0.1_flat,2,U,,,1.0236790258616673,0.040071574458312956,0.9929681306391772,0.9836526316853864,0.028890491666607006,0.09931993382480304,-3.0800094203747417,-5.760806887122147
16,U,k96_0.1_flat,2,U,,,1.0256329128458241,0.0468370848916514,0.9950703839066648,0.9829435914673779,0.02805727890936841,0.09951425859282227,-3.1157655158585915,-5.747811215593397
17,U,k96_0.1_flat,2,U,,,1.0378551988654934,0.049924407672679506,0.9932269459695404,0.9788661343197702,0.029454548622502137,0.09934726773992364,-3.176208654792018,-5.757231633780042
18,U,k96_0.1_flat,2,U,,,1.0432585204525993,0.04845242594785213,0.9897741445667695,0.980688177625405,0.02840954312231248,0.09901753523489037,-3.1953626033384706,-5.7776625531114165
19,U,k96_0.1_flat,2,U,,,1.0362026231153547,0.042944651355317734,0.9953071864002611,0.9914671564719229,0.02646065096540012,0.09954049687440451,-3.1838053958339483,-5.768401080782801
20,U,k96_0.1_flat,2,U,,,1.0340197971656506,0.04703058633645223,0.9974564284352067,0.9854066248896955,0.029818262676556413,0.0997483642270114,-3.1957249357931192,-5.758941202135108
21,U,k96_0.1_flat,2,U,,,1.0327362589779472,0.04698322243247588,0.9926985127139456,0.9916508785441785,0.027287469508460088,0.09929587929361718,-3.2060251032051252,-5.73355608019769
22,U,k96_0.1_flat,2,U,,,1.0298616283093114,0.045586610576405825,0.9963695053968744,0.9842371205310915,0.026499098651362154,0.09964488259327145,-3.152450276486314,-5.744410210421055
23,U,k96_0.1_flat,2,U,,,1.0302712564113166,0.04393850920817244,0.9960557053523659,0.9855976766742102,0.025534044407055638,0.09961349474283247,-3.19303654031915,-5.6868507246729845
24,U,k96_0.1_flat,2,U,,,1.0201741280149372,0.04316777274394103,0.9995735673740611,0.986533942333452,0.02890928568903198,0.09994748430798273,-3.201662136152747,-5.6891456764311465
25,U,k96_0.1_flat,2,U,,,1.0165921051687967,0.04276485117377905,0.9943759394610997,0.989559842157851,0.026669773836024334,0.09945422610868507,-3.2158808138729564,-5.739174227273482
26,U,k96_0.1_flat,2,U,,,1.0099476364313715,0.044744443394323964,0.9972382816445208,0.9922701654960107,0.02690204289902834,0.09972811919615755,-3.22310955585199,-5.7438000251197305
27,U,k96_0.1_flat,2,U,,,1.0149965087083637,0.04621760483027279,0.985546541459986,0.9933743716211065,0.028101553539388674,0.09861658418174679,-3.217374169976109,-5.717847352880988
28,U,k96_0.1_flat,2,U,,,1.0187030722848265,0.0468573079431931,0.9940522181280611,0.9922948265498825,0.026664712677973035,0.09942320585323572,-3.2410698440025127,-5.732458420906444
29,U,k96_0.1_flat,2,U,,,1.017954388567198,0.04766092932115845,0.9876560178438658,0.9923956485982243,0.027811266995611948,0.09881461474860863,-3.2486168586451027,-5.738609944445463
30,U,k96_0.1_flat,2,U,,,1.0309536236311911,0.05019964555580661,0.9942456841928489,0.99169324865821,0.023618527782169246,0.09944180113213176,-3.2787684706998115,-5.735758980673402
31,U,k96_0.1_flat,2,U,,,1.0265270066178542,0.0545236816894201,0.9875216365030905,0.9901716305935578,0.02734016456196664,0.09880215988947236,-3.2707647704794636,-5.748590842209522
32,U,k96_0.1_flat,2,U,,,1.0283106694880995,0.04853612804654095,0.9833688881333089,0.9897424828700101,0.025322540333595187,0.09840908380100724,-3.2880833402601595,-5.741895543482555
33,U,k96_0.1_flat,2,U,,,1.032574964724873,0.05329595293947084,0.9855739374756312,0.9860306745487992,0.02685867339203057,0.09861762977487856,-3.305738969751119,-5.788634317195705
34,U,k96_0.1_flat,2,U,,,1.0322897357126992,0.054302188583172525,0.9897575059707063,0.9841386347227948,0.02981747725660609,0.09901447363791085,-3.3430450700887344,-5.773483200776764
35,U,k96_0.1_flat,2,U,,,1.0331795063409432,0.05570720474768252,0.9942632997505776,0.9930854952212478,0.026697214894486912,0.09944107149336032,-3.3267429416371965,-5.807383568242758
36,U,k96_0.1_flat,2,U,,,1.0274821079500895,0.049740824878286294,0.9959649453299264,0.9951171001117397,0.027430081232572102,0.09960455126635472,-3.266130976878242,-5.7803039295251875
37,U,k96_0.1_flat,2,U,,,1.0275531652550758,0.05159453254428955,1.0071102619892562,0.9988454711823684,0.023368909854937198,0.10066257421935859,-3.2844540190057514,-5.773037810121374
38,U,k96_0.1_flat,2,U,,,1.0287104447818964,0.050967022805598526,1.0026821437154083,1.001002084429834,0.024354858410224937,0.1002417846761353,-3.2754220417109536,-5.747834667456997
39,U,k96_0.1_flat,2,U,,,1.0354664203680506,0.056840142513255344,1.0105670582143207,0.997831023140324,0.022958913247293974,0.10098840838538095,-3.274097571529466,-5.788567705470623
40,U,k96_0.1_flat,2,U,,,1.0368330775613288,0.055421508366774216,1.00588210880145,1.000105231114493,0.023807691132941955,0.1005441711622357,-3.2508089659169515,-5.760501237333753
41,U,k96_0.1_flat,2,U,,,1.0342511779409764,0.055271552359452,0.996500489911599,0.9964167462277955,0.02467289432613926,0.09965505143925552,-3.288193622515545,-5.811294833058323
42,U,k96_0.1_flat,2,U,,,1.0388851231923781,0.05507894414661236,1.0028025056839212,0.9986437597514495,0.02406333255184639,0.10025455693076471,-3.283958773173837,-5.807443339996907
43,U,k96_0.1_flat,2,U,,,1.04411522046813,0.057637257694681,0.9993341507564928,0.9939071876935998,0.02718444388889489,0.09992569957828858,-3.331162977524247,-5.823506119383968
44,U,k96_0.1_flat,2,U,,,1.0354437801530836,0.05802768812350578,1.0013674005263538,0.9935480329699019,0.024759621082082014,0.10011821400507079,-3.3486121491976637,-5.838707953302284
45,U,k96_0.1_flat,2,U,,,1.039249517203909,0.059026598516192165,0.997503743789157,0.9993697621246406,0.023422298172671333,0.09975091507000469,-3.374128370913928,-5.84013332647661
46,U,k96_0.1_flat,2,U,,,1.0452620700071236,0.05442137769365126,1.007810815923961,0.9914943246503943,0.02298995551216198,0.10072686454024123,-3.3118056068169857,-5.865881603747745
47,U,k96_0.1_flat,2,U,,,1.0471136048745473,0.05628570879420917,1.0012449047373255,0.9944520538246874,0.02647908726662274,0.10010430884610429,-3.2922025456426884,-5.840824581560994
48,U,k96_0.1_flat,2,U,,,1.0509703751492323,0.056541043178233066,0.9991088573655986,0.9954884338461485,0.02550691851268763,0.09990504772475901,-3.3285757879574076,-5.847841919840521
49,U,k96_0.1_flat,2,U,,,1.0545419334662995,0.055513754714033074,0.9993010927503392,0.9911757754459022,0.027387765776185274,0.09992386207161204,-3.397311869154505,-5.889589424853057
50,U,k96_0.1_flat,2,U,,,1.058055272961395,0.05570823854511351,0.9985620289312173,0.9933624232314935,0.02255197042760511,0.09985453326030673,-3.361464380022966,-5.891286542856133
51,U,k96_0.1_flat,2,U,,,1.0533468341027314,0.05721324012226947,0.9956925369330224,0.9917903891632643,0.022475117526740248,0.0995794367567449,-3.373773501955233,-5.883806696759957
52,U,k96_0.1_flat,2,U,,,1.0559502282929005,0.057187138522413854,1.01212732438138,0.9952702499558762,0.021502794427901286,0.10113943896356782,-3.3967345559750486,-5.869944851268784
53,U,k96_0.1_flat,2,U,,,1.065211164027103,0.058169356609246506,1.0127910418562927,0.993938250934156,0.020394387988945994,0.10120157182991667,-3.3776291661967384,-5.870012307605409
54,U,k96_0.1_flat,2,U,,,1.0602442115945672,0.057043805441605755,1.0190480456154734,0.9913956675137566,0.021061457664149453,0.1017935390914779,-3.405984758854423,-5.871881255226504
55,U,k96_0.1_flat,2,U,,,1.0591555793017489,0.06372059368574896,1.0212068444175353,0.9891144999045207,0.022377353036375013,0.1019969940197813,-3.4230667617488164,-5.842663598979849
56,U,k96_0.1_flat,2,U,,,1.049769818403066,0.05682845091354635,1.0170496831453908,0.9842374463605165,0.021131418678130415,0.10160580331602563,-3.413789117235718,-5.923453418903088
57,U,k96_0.1_flat,2,U,,,1.0466077128907074,0.056438569205757114,1.0188548024800104,0.988652621009762,0.02044162872046082,0.10177548339885865,-3.4462303740994593,-5.905967553669525
58,U,k96_0.1_flat,2,U,,,1.0332013098461361,0.05207796851967959,1.0202052668893493,0.9871105137514679,0.020942130403198565,0.10190653418935561,-3.4120092044900843,-5.930385623514131
59,U,k96_0.1_flat,2,U,,,1.033241239482308,0.05236639512570808,1.0292368314174867,0.9890948863533479,0.02101247319283111,0.10275790556660153,-3.4191467084062515,-5.931034666066372
60,U,k96_0.1_flat,2,U,,,1.0310354612928463,0.05415523202348712,1.0297335950102067,0.9887293659898245,0.02053899996276775,0.10280702940901286,-3.421530718937034,-5.973893463408359
1,I,k96_0.1_flat,3,I,1.0003243806812916,0.54,1.0014222018142305,0.034012301868804364,1.0042744463828388,1.0009870322782373,0.030938890570078578,0.10039269401601914,-3.1333174090651577,-5.695873074935938
2,I,k96_0.1_flat,3,I,0.9977906600354014,0.5233333333333333,0.9960979677830365,0.032528641443672186,0.9923819928869453,0.997340984985483,0.030968737633398535,0.09926644432411225,-3.113262200138568,-5.684327497780778
3,I,k96_0.1_flat,3,I,0.9970498881029836,0.4866666666666667,0.9945739161438788,0.032913643284946656,0.9950977604513391,0.9962006945784974,0.02802558601518041,0.09952424095036214,-3.1069548885453075,-5.75725231118097
4,I,k96_0.1_flat,3,I,0.999076486884334,0.4533333333333333,0.9988046101641271,0.03358324191565631,0.9979527422087585,1.0038394985076653,0.03864408744441094,0.09979563896167107,-3.129791665788751,-5.7289952478573545
5,I,k96_0.1_flat,3,I,0.998248103773102,0.5266666666666666,0.997231015800736,0.03697711905442387,1.004733415155633,1.0018692495138817,0.03373405533447055,0.10043625613700768,-3.163018436246761,-5.704544040175136
6,I,k96_0.1_flat,3,I,1.0001137462718948,0.51,1.0010826905654147,0.036353126013978214,0.9979092128297581,1.0090783168873334,0.030176863198342757,0.09979132336516754,-3.17448794814679,-5.652468511411218
7,I,k96_0.1_flat,3,I,1.0001454223548611,0.5033333333333333,1.0011633612647695,0.03663911014261849,1.003305401196261,1.0079233754071704,0.036437331058356885,0.10030164073325724,-3.1424214837586146,-5.7161319362270735
8,I,k96_0.1_flat,3,I,1.0018694808551827,0.47,1.0048628058010798,0.03907518569150846,0.9990816028786246,1.0199599472389056,0.035109585493476855,0.09990309144689863,-3.172921494206474,-5.671025905215949
9,I,k96_0.1_flat,3,I,0.9975406319414035,0.5266666666666666,0.9958231284418245,0.03804924130006131,1.0026243606357483,1.0104463946140045,0.030764800812060743,0.10023815692031791,-3.1602966615041463,-5.755080539224134
10,I,k96_0.1_flat,3,I,0.9993347247715006,0.49333333333333335,0.999529710544022,0.03763661560621188,0.9967008142465772,1.0217610337094003,0.0315067624103832,0.09967933836906202,-3.118326190717662,-5.712768232185045
11,I,k96_0.1_flat,3,I,0.9981274133875444,0.4633333333333333,0.9969590895741017,0.0363499512160201,1.0018621957806906,1.0150670625161384,0.037236754830564066,0.1001691664572552,-3.1394394244713903,-5.718319085623066
12,I,k96_0.1_flat,3,I,1.0004414054175172,0.55,1.0020191876901023,0.04171823343549885,0.9954872324171682,1.0255527853116144,0.034351841984012796,0.09956323710678514,-3.1318128064013253,-5.741899309731474
13,I,k96_0.1_flat,3,I,1.0013093434561844,0.5,1.0037989272730405,0.0411835689394641,1.0010260490822573,1.037477493381606,0.0373484546646697,0.10009015312053715,-3.154690479437552,-5.769690182789868
14,I,k96_0.1_flat,3,I,1.0051033834801941,0.5333333333333333,1.0120843177303989,0.047685357083389335,1.0094411643747743,1.0348773285859856,0.037070746983329954,0.10088638427961222,-3.125035396766378,-5.7347267253747605
15,I,k96_0.1_flat,3,I,1.0069288169093535,0.47,1.0162293246984284,0.05312423367146942,1.009308504055702,1.042391034875567,0.03866865101545281,0.10087439244529764,-3.119417320429625,-5.712817948303441
16,I,k96_0.1_flat,3,I,1.0088007542063802,0.52,1.0202250152382244,0.05404434522759066,1.0163800733455168,1.0459479888954535,0.03770168139353116,0.10154270076006215,-3.0906314274159246,-5.698316096999035
17,I,k96_0.1_flat,3,I,1.0101603582059466,0.4633333333333333,1.023107150631395,0.054767605258014815,1.013001299348387,1.050888396566583,0.040394572345176294,0.10122441050588425,-3.0605574041564876,-5.708782880012179
18,I,k96_0.1_flat,3,I,1.0134488915988045,0.49333333333333335,1.030133884851922,0.05630456592487233,1.0075752564074172,1.0438727728585226,0.03666163710500382,0.1007125641106787,-3.0622027110462855,-5.7247458515604555
19,I,k96_0.1_flat,3,I,1.0168749572194817,0.5233333333333333,1.037147920903845,0.05298470366592499,1.0147237014326023,1.0341067685187495,0.036788968509630586,0.10138968241218727,-3.0907887963559997,-5.672139657313158
20,I,k96_0.1_flat,3,I,1.0155803186250072,0.4866666666666667,1.0341016682146,0.0478038676746374,1.0114919316171453,1.030561665264001,0.03670880305806291,0.10108307109929478,-3.085838646935788,-5.713551580732139
21,I,k96_0.1_flat,3,I,1.0145076816301872,0.51,1.0314999015933257,0.04165522922937283,1.0058221583791347,1.0519791920841997,0.043178089955213494,0.10054471120076736,-3.1122370887144695,-5.73005799654892
22,I,k96_0.1_flat,3,I,1.015234553969581,0.52,1.0330711920608053,0.042345691566004796,1.008174568384469,1.0530244689183235,0.0454869172854935,0.10076850122821242,-3.1005543937215703,-5.722585876684062
23,I,k96_0.1_flat,3,I,1.011395520594353,0.5233333333333333,1.024826924952658,0.039379023313271005,1.0088827372002442,1.0718874438243737,0.0444543913779591,0.10083364932905331,-3.099493190542235,-5.768008437413937
24,I,k96_0.1_flat,3,I,1.0144958195721303,0.49,1.0312336172919507,0.0366625111979719,1.0079993614147755,1.0570855466071776,0.04262581479203719,0.10075168259455737,-3.117370504671302,-5.765922061632004
25,I,k96_0.1_flat,3,I,1.0153828915153087,0.5233333333333333,1.033071985766918,0.03582467768477869,1.014869616026304,1.0690959853786397,0.04425169810328009,0.10140239548856239,-3.065812051010208,-5.776867032045618
26,I,k96_0.1_flat,3,I,1.0177211167812055,0.4866666666666667,1.037808258963632,0.03079173361587934,1.0314605970432071,1.0561279732869526,0.04766744677263098,0.1029708987252629,-3.086151554162633,-5.826451053339126
27,I,k96_0.1_flat,3,I,1.0220806811279683,0.5133333333333333,1.0472820447204367,0.035971606062800414,1.0292195911385378,1.0570489332980295,0.045418108098375015,0.10275825867001129,-3.0319568993549737,-5.78035069847907
28,I,k96_0.1_flat,3,I,1.0229266425666521,0.47333333333333333,1.0490438702074816,0.035061549137266716,1.0312969980800135,1.0492352039573372,0.04569568104307937,0.10295691867242493,-3.0050179341971663,-5.770655774838061
29,I,k96_0.1_flat,3,I,1.0250614837274006,0.5,1.0535657929291506,0.03439163276591039,1.0216714417022228,1.0496938543264718,0.03838034610084274,0.1020469138800915,-3.0076765696615104,-5.782300424711517
30,I,k96_0.1_flat,3,I,1.024432713231534,0.51,1.0523918140937067,0.038124545294193485,1.0246709334415973,1.0556999711878148,0.03854550797471379,0.10233231808797243,-2.987960233299006,-5.79359363389245
31,I,k96_0.1_flat,3,I,1.0269297554166,0.5366666666666666,1.057688244735713,0.03733849221026217,1.0264925663548161,1.0569189952098017,0.04429524533604126,0.10250400492349637,-2.988803793464468,-5.736734317620143
32,I,k96_0.1_flat,3,I,1.0228384075085621,0.4533333333333333,1.0490724177382837,0.03977423281279302,1.0188187066751224,1.0552218531837763,0.04141828450611649,0.10177955263809398,-2.947212780485585,-5.799249873633263
33,I,k96_0.1_flat,3,I,1.0298606384665807,0.5033333333333333,1.064076086283544,0.039548336020442824,1.0266386728283745,1.0479243005991783,0.04176210000032453,0.10251938281585966,-2.943568895425265,-5.782827393031157
34,I,k96_0.1_flat,3,I,1.028009078121212,0.55,1.060223889537874,0.041936302308879396,1.0264060417049647,1.045947240200718,0.036769963490232385,0.10249705218200914,-2.9112150619939516,-5.773262768507251
35,I,k96_0.1_flat,3,I,1.0280660725768245,0.4866666666666667,1.0602450352513348,0.039926549407975576,1.0305883119588548,1.057445848762186,0.03576848625485774,0.10289238269819298,-2.908463847518091,-5.774236864684658
36,I,k96_0.1_flat,3,I,1.0298158097184407,0.4633333333333333,1.0639586669646395,0.03909946931517269,1.0289514833040192,1.0580756719321138,0.03598916464301657,0.10273803099341879,-2.9295141454181026,-5.765473963132784
37,I,k96_0.1_flat,3,I,1.0312622662443893,0.43666666666666665,1.0669001198836618,0.03549332129126944,1.0378241392424545,1.0509077685290307,0.03611721722279591,0.1035748981906916,-2.9653497425835367,-5.795039924838971
38,I,k96_0.1_flat,3,I,1.0327660313929126,0.4866666666666667,1.0701083912096756,0.03486054242499658,1.0415785917226663,1.0540209549855535,0.03680207612080481,0.10392834439394412,-2.9690659648077395,-5.7833391741857
39,I,k96_0.1_flat,3,I,1.0376640514637927,0.49666666666666665,1.0806221328851215,0.03358238678628502,1.0416791738353064,1.0566807430597385,0.03730384258563401,0.10393830523254803,-2.9422464815784015,-5.8102043835670125
40,I,k96_0.1_flat,3,I,1.0368684639758086,0.5433333333333333,1.078899729139927,0.03344288107299154,1.049870668858151,1.0568449720536575,0.036810613274355995,0.10471014397487101,-2.91978760096912,-5.764172785369985
41,I,k96_0.1_flat,3,I,1.0376235529329652,0.51,1.0805244999813381,0.03330496059393724,1.0531993008487632,1.052305432980888,0.037772903790009256,0.10502325767954716,-2.9134053959780792,-5.758745761053824
42,I,k96_0.1_flat,3,I,1.0370384528212704,0.52,1.0793307378087895,0.035002327853545095,1.0504262050462034,1.0591020127213173,0.04244297121879885,0.10476243559205871,-2.8934730860275137,-5.755612233560972
43,I,k96_0.1_flat,3,I,1.0379668508324869,0.48333333333333334,1.081337781526272,0.034923861495754945,1.0472990051109188,1.0582191092295845,0.04286103204472079,0.1044698452873904,-2.9200201954119054,-5.760387089069867
44,I,k96_0.1_flat,3,I,1.0394446502898171,0.51,1.0844763335457572,0.033464394553472034,1.0427251501689707,1.0680609592847836,0.03687804773807708,0.10403732157792166,-2.9027357076568063,-5.773349059031467
45,I,k96_0.1_flat,3,I,1.0387099217686564,0.5733333333333334,1.0829591629359505,0.03521532354475427,1.0427123121888986,1.0678138827915282,0.03919145160501883,0.10403685487056787,-2.907349456855667,-5.763389415042745
46,I,k96_0.1_flat,3,I,1.040939942829719,0.43,1.0877056586461236,0.03312911728611831,1.0426983855726362,1.0679284340992807,0.039582101703259966,0.10403532881731796,-2.918080880373716,-5.751110908974899
47,I,k96_0.1_flat,3,I,1.0445891363071536,0.52,1.0954528496446714,0.028055903757628477,1.0415090233433815,1.086096546625896,0.04450088273564559,0.10392328343011677,-2.919557991863123,-5.78786341537647
48,I,k96_0.1_flat,3,I,1.0461516400263997,0.4866666666666667,1.098690561895488,0.022355428528001556,1.036803652419267,1.0929319929710388,0.03993457762626586,0.10347827293375471,-2.9343707687171072,-5.8119468440313735
49,I,k96_0.1_flat,3,I,1.0490236972460933,0.5033333333333333,1.1049640224883122,0.02215144302823516,1.0329439266028513,1.097942831175277,0.04308635536014162,0.10311436569154368,-2.9599262351230693,-5.85951062552139
50,I,k96_0.1_flat,3,I,1.0511317598230006,0.49,1.1095446789018828,0.020573948939254395,1.038724881049494,1.0958593250998023,0.04184438881374175,0.10366006429204029,-2.9456683656248037,-5.827618505352462
51,I,k96_0.1_flat,3,I,1.0512241740644774,0.46,1.109786569548443,0.02208437707470468,1.0387542633100513,1.0968602346333285,0.042546192019508156,0.10366310343930765,-2.9792416961557002,-5.809585657669069
52,I,k96_0.1_flat,3,I,1.0508459250289985,0.5133333333333333,1.1089800231363744,0.02291544080265546,1.0390913052455601,1.094644959952582,0.04285498281464562,0.10369610114984854,-2.958643282334137,-5.780887514256832
53,I,k96_0.1_flat,3,I,1.0527227813505,0.49666666666666665,1.1130446602736856,0.020741325294786016,1.0459173557181665,1.0823104539976995,0.042115492930679684,0.10433932671477422,-2.967114674802771,-5.805212469350323
54,I,k96_0.1_flat,3,I,1.0529728476604832,0.5233333333333333,1.113562101432997,0.019431250358282942,1.0499806104089076,1.0801607054327977,0.04463432670015561,0.10472258408262215,-2.991674961120642,-5.832374180628258
55,I,k96_0.1_flat,3,I,1.0527853105908773,0.5033333333333333,1.1131774045721057,0.020578141213264147,1.0497466859853593,1.0707898104964055,0.04611546618840986,0.10470056404273341,-3.0108844216431256,-5.842136124488039
56,I,k96_0.1_flat,3,I,1.0525888820519698,0.49,1.1127516889535751,0.020806878222414508,1.049640409038962,1.0615698517089767,0.04342905702895071,0.1046911386393969,-3.0550433955707543,-5.850205521717323
57,I,k96_0.1_flat,3,I,1.0560319933189934,0.5033333333333333,1.1203314033718086,0.020776243992390923,1.0574964454424025,1.070294652653812,0.04387118331277297,0.10543056744045375,-3.0306593743596326,-5.857193371090398
58,I,k96_0.1_flat,3,I,1.0563434122796964,0.5066666666666667,1.1210909397863162,0.02354257287706055,1.048977869156009,1.06879088142443,0.04651459174014302,0.10462759542995279,-2.9883654184447535,-5.840102208980981
59,I,k96_0.1_flat,3,I,1.0532531534867873,0.49,1.114279130986385,0.023384501237813635,1.0476897981796605,1.0680231021830642,0.04043174685302216,0.10450609025545411,-2.990738335946252,-5.857664174712729
60,I,k96_0.1_flat,3,I,1.0542184592910815,0.49333333333333335,1.11641296844466,0.02369977227206213,1.0480168042099003,1.073544354846279,0.04269578171273398,0.1045364873786943,-3.0139242478671715,-5.885739670452208
1,U,k96_0.1_flat,3,U,,,0.9990562389705527,0.03401503901597872,0.9983436495251419,1.0018308522157824,0.029806411289216992,0.09983181400587064,-3.121197060655561,-5.684883322500405
2,U,k96_0.1_flat,3,U,,,0.9999157301616515,0.03528636600116933,0.9961016774711281,1.000948481073079,0.028494002022020397,0.09962078446659328,-3.0999491915707087,-5.69927758017456
3,U,k96_0.1_flat,3,U,,,0.9965540947769125,0.034216449432265254,0.9889440441090691,1.0074429059667507,0.028063028593142254,0.0989404564329327,-3.094352795079897,-5.724090738166372
4,U,k96_0.1_flat,3,U,,,1.0007295750641683,0.033646498218273195,0.9914328280336129,1.0095541981251714,0.03250716754320122,0.09917619932737035,-3.111758342053128,-5.720496850164562
5,U,k96_0.1_flat,3,U,,,0.9973615125930306,0.0349290702807806,0.9794407511092712,1.005582223867396,0.026533201201670492,0.09803784681247622,-3.1248437502658932,-5.72975506297154
6,U,k96_0.1_flat,3,U,,,1.0007494605144842,0.038034060696648,0.9798140428042287,1.008579314843451,0.028369435443855676,0.09807362203975231,-3.122965269215988,-5.726419780791837
7,U,k96_0.1_flat,3,U,,,0.9993329561675561,0.03784395440333233,0.9762965114535249,1.0038232289075362,0.029733912934268577,0.09773829320878853,-3.112171111789806,-5.716493864488274
8,U,k96_0.1_flat,3,U,,,1.002982047286732,0.03692138924975959,0.9710041878020291,1.010577682903352,0.029714324047702183,0.0972348703400008,-3.089458185750561,-5.738813415461046
9,U,k96_0.1_flat,3,U,,,1.0035109271570892,0.03547490663636875,0.9762454659463299,1.0073408528620575,0.029072910859313173,0.09773496009907195,-3.1331734046018007,-5.782264150088748
10,U,k96_0.1_flat,3,U,,,1.0008644788693255,0.03177647718698652,0.970709529529039,1.0103004973137077,0.029912843108839043,0.09720889288974209,-3.109759754111717,-5.765426660087734
11,U,k96_0.1_flat,3,U,,,1.0011634894065877,0.0400925751535578,0.9710697972645507,1.0087289029593831,0.03448971901350342,0.09724288093681231,-3.149293162642562,-5.780725897358024
12,U,k96_0.1_flat,3,U,,,0.9990746457747806,0.0357326547329333,0.9709019192819691,1.0110195235367272,0.02985263912557599,0.09722874095277799,-3.1478723279150147,-5.7774200199293935
13,U,k96_0.1_flat,3,U,,,0.9982867295726662,0.035364242740819486,0.9657123175360387,1.012744612845374,0.03248308416956171,0.09673288804027659,-3.0849758884172203,-5.779163388996651
14,U,k96_0.1_flat,3,U,,,1.0009374673480236,0.03583272771887364,0.9681389774051146,1.015580865492071,0.02757812499343766,0.0969656884407919,-3.1287456699393563,-5.821585123784248
15,U,k96_0.1_flat,3,U,,,1.003259253736089,0.03359226277708687,0.9656436970751334,1.0165818067109547,0.03172140749386922,0.09672854832109445,-3.1354521987700803,-5.787163698611672
16,U,k96_0.1_flat,3,U,,,1.0039736029859596,0.03341071521236499,0.9748114272124584,1.0157786382989356,0.0326022221284836,0.09760154032003797,-3.171945871908406,-5.798784821555329
17,U,k96_0.1_flat,3,U,,,1.0057260362933798,0.03561563341149384,0.9596156672439989,1.014124517690805,0.03219364149218902,0.0961563400067552,-3.158510940140231,-5.86337778933914
18,U,k96_0.1_flat,3,U,,,1.0043051132449632,0.034837798878370616,0.9592037796670699,1.0214547413488684,0.02884547828060164,0.09611644448777315,-3.1600763277141173,-5.865867727967641
19,U,k96_0.1_flat,3,U,,,0.9997379672246381,0.03113345967098121,0.9494646044840593,1.0302773645695336,0.029591531578961536,0.09518808622716887,-3.0899409719385784,-5.874831575174717
20,U,k96_0.1_flat,3,U,,,1.0008809829719894,0.029957195569929724,0.9552178731209767,1.0236919482717541,0.03248681944492458,0.09573550298721585,-3.1196750167466356,-5.878125932362345
21,U,k96_0.1_flat,3,U,,,0.9992714731173036,0.035448961195410265,0.9574178072652899,1.025036897681346,0.034694651076039036,0.09594576518115625,-3.1127363553096257,-5.879787355071939
22,U,k96_0.1_flat,3,U,,,0.9984314577124337,0.03161394657200572,0.9516036449763445,1.0196385005177437,0.03347212284980073,0.09539321986763002,-3.1217205042197103,-5.888234370819929
23,U,k96_0.1_flat,3,U,,,1.0002461858972815,0.03361522908589486,0.9444190263520489,1.0224696764661363,0.029043393971587537,0.09470674472245996,-3.0876438116021445,-5.892110940438269
24,U,k96_0.1_flat,3,U,,,1.0007651608013186,0.031554075363691626,0.9474181622279256,1.0254492213765556,0.03161057695147184,0.09499128004153025,-3.058523255647931,-5.9197063956546545
25,U,k96_0.1_flat,3,U,,,1.001830896276415,0.03301131363093006,0.9362167067098691,1.0226733663838607,0.029100678586358373,0.09392312846352294,-3.087080040014033,-5.877644484113978
26,U,k96_0.1_flat,3,U,,,1.0021662404270257,0.0361990662937793,0.9430010534421206,1.0213261625624388,0.028069655723179883,0.09457305542010898,-3.0505637474545972,-5.8986784132865875
27,U,k96_0.1_flat,3,U,,,1.0002825469219,0.0340713984384694,0.942818870314148,1.0214099104312964,0.029406615549701358,0.0945540326597576,-3.0575002814416017,-5.910681661113082
28,U,k96_0.1_flat,3,U,,,1.0042492143364081,0.037519061140615616,0.9398842114698224,1.0226257211198686,0.028980783830233767,0.0942753511233632,-3.083927432182946,-5.939417926681099
29,U,k96_0.1_flat,3,U,,,1.0017918300905737,0.03411127374543036,0.936576225976293,1.027255407593686,0.030090430523121388,0.09395945970325383,-3.077040793192718,-5.944094543900347
30,U,k96_0.1_flat,3,U,,,1.0015706238217388,0.03498181499610617,0.9347301352974667,1.0259728338387355,0.027335166042045986,0.09378179046626565,-3.0830599659243223,-5.942296415676599
31,U,k96_0.1_flat,3,U,,,1.0039955211523703,0.03544434355912647,0.9347039326004369,1.0241569313395742,0.03340257479244098,0.09377836509502642,-3.09484974608016,-5.949413735331934
32,U,k96_0.1_flat,3,U,,,1.0044039985702902,0.035998280503645376,0.9304380741731253,1.023807165084127,0.03037338114366159,0.09337214260550947,-3.0495146447796,-5.961976806181949
33,U,k96_0.1_flat,3,U,,,1.006808824171886,0.03174483602865283,0.9310077530840124,1.0178654073615994,0.028929953896256553,0.09342747455596166,-3.0655804834113485,-5.97175443137137
34,U,k96_0.1_flat,3,U,,,1.005453046342608,0.032484417840096244,0.9307855756476197,1.0190601868524043,0.025651872184940645,0.093407398734431,-3.104076373393738,-5.965736056210109
35,U,k96_0.1_flat,3,U,,,1.0063733196766502,0.0360222792330632,0.9309168326751749,1.0208213985224937,0.028357387163836727,0.09341822353087031,-3.08635664178278,-5.9910674522433816
36,U,k96_0.1_flat,3,U,,,1.0088914610898336,0.035539479400214874,0.9276918144161626,1.013520649750798,0.03078042836783204,0.09311084845688927,-3.0949751126995273,-5.954205377619243
37,U,k96_0.1_flat,3,U,,,1.0078220549240924,0.034913171870404755,0.9365021404046979,1.0121491687071464,0.029525390016557268,0.0939518352544555,-3.0587995073682483,-5.986013671937112
38,U,k96_0.1_flat,3,U,,,1.0120725862775404,0.03976901972950936,0.9366190330981402,1.0163092149121156,0.028779377248981063,0.09396100681906448,-3.08152554383544,-6.007033578021754
39,U,k96_0.1_flat,3,U,,,1.0100666627832773,0.04085882718785376,0.9345851985562115,1.0143089059060575,0.02880714976379909,0.0937699595902772,-3.0667235527794166,-5.99184033866665
40,U,k96_0.1_flat,3,U,,,1.0101849617241336,0.037390904244216844,0.9349147733538581,1.0056848310622983,0.029209887977983493,0.0938022620305752,-3.099204823995907,-5.965863618280998
41,U,k96_0.1_flat,3,U,,,1.0124456679012845,0.039411115091387026,0.9381403835788388,1.0051282743369325,0.02732948240059378,0.0941094206590508,-3.1153911948342032,-5.9925460738766185
42,U,k96_0.1_flat,3,U,,,1.0143558410354419,0.03849818018699647,0.9419466806265347,1.0042569668730947,0.02923450312889566,0.09447251249671197,-3.100429746067449,-6.009389849547321
43,U,k96_0.1_flat,3,U,,,1.0127146743094313,0.03528863887311607,0.9461885361197555,0.9997937872167917,0.031124932235270093,0.09487743848248684,-3.1001118029735055,-6.017799764705942
44,U,k96_0.1_flat,3,U,,,1.010907896631923,0.03564515614901362,0.9500896854587272,1.003403669172441,0.02994311136019832,0.0952489317383285,-3.112884644646216,-6.029132521154395
45,U,k96_0.1_flat,3,U,,,1.010866205662758,0.03691833086372229,0.951091858924903,1.001816668883679,0.02834591149887908,0.09534290075729766,-3.1329223852449037,-6.035445631824312
46,U,k96_0.1_flat,3,U,,,1.0132039906023287,0.03608588161629928,0.9523819873327265,1.0033342243724443,0.030417955562751807,0.09546684791587948,-3.1156875638511767,-6.025349738241627
47,U,k96_0.1_flat,3,U,,,1.0084840477276853,0.03797707127166844,0.9483058778686895,0.9983927225782194,0.03008707878956695,0.09507792557917029,-3.115562079676947,-6.037244013104446
48,U,k96_0.1_flat,3,U,,,1.0057026555823025,0.03666039415011031,0.956298793973491,0.9939361119448378,0.029559360761329347,0.095839308287143,-3.1134580649589894,-6.034884305343831
49,U,k96_0.1_flat,3,U,,,1.0081332702037231,0.0346681158012555,0.9466063166490415,0.9922686578076176,0.03222622618716331,0.09491559825196955,-3.1039168872504956,-5.976465890849299
50,U,k96_0.1_flat,3,U,,,1.0030297510708308,0.03427733696602272,0.9583018187270045,0.9924122431589641,0.027209324718154213,0.09603042478110796,-3.096383391734826,-6.024719727748151
51,U,k96_0.1_flat,3,U,,,0.9979354698961173,0.03603808626789475,0.949974684156012,0.9941394491439397,0.029835469799254496,0.09523828894082492,-3.1087832271604454,-6.003964900008149
52,U,k96_0.1_flat,3,U,,,1.0040248045913314,0.038628191949164566,0.9486361009328906,0.9894292170463466,0.028374512539011357,0.0951107155930252,-3.1225945242748963,-5.981505748436807
53,U,k96_0.1_flat,3,U,,,1.0067124184279206,0.036683219106931134,0.9518422953759695,1.0014410948841794,0.028113528425255177,0.09541525312959487,-3.1330930215110917,-5.984678170272834
54,U,k96_0.1_flat,3,U,,,1.0074230149185084,0.036817680622934404,0.9518049295302989,1.0052477905200163,0.029587440113176176,0.09541084405851627,-3.14440184662703,-5.928905930747281
55,U,k96_0.1_flat,3,U,,,1.0080374709786475,0.03723135503299441,0.9522040114637306,0.9942265139238537,0.028341160809335766,0.09545059984247076,-3.124467593308021,-5.89102310718503
56,U,k96_0.1_flat,3,U,,,1.0078908032633371,0.0360379166909461,0.9612213316362673,1.002469865433191,0.0287053963586964,0.09630726843420137,-3.1390503605182283,-5.933490173728347
57,U,k96_0.1_flat,3,U,,,1.0064828359192222,0.03754045126453248,0.9457929129503588,0.9977944640942527,0.026111920603075715,0.09483723645582146,-3.157956980841665,-5.863310199847968
58,U,k96_0.1_flat,3,U,,,1.0001917606909092,0.034138552437085745,0.9573621371710084,0.9926792183320411,0.02865514903336353,0.09594034050148409,-3.170021701697217,-5.92864685105845
59,U,k96_0.1_flat,3,U,,,0.9990943370532401,0.03099804822935349,0.9594488436545062,0.9895695402934287,0.02455004285240225,0.0961384996258734,-3.172258822647285,-5.912405126060765
60,U,k96_0.1_flat,3,U,,,0.9958146945308936,0.03275718322568299,0.959439364220071,0.9941663186363872,0.026903674502397435,0.0961378131867032,-3.1551114077520817,-5.8872744850397405
1,I,k96_0.1_flat,4,I,0.9999866894213392,0.5133333333333333,1.0008029297023642,0.035811365448603354,0.9948380761052598,1.0015446477968233,0.028992857445658212,0.09950106448503784,-3.092883151554682,-5.669611155626317
2,I,k96_0.1_flat,4,I,1.0004708637806368,0.5133333333333333,1.001670044566935,0.03270668186928404,0.9907032287351084,1.003195654623139,0.028951820824161766,0.09910809767891929,-3.0897333402403144,-5.637915912244237
3,I,k96_0.1_flat,4,I,0.9967305137341984,0.53,0.9939661589378552,0.03420461616341335,0.9817127264427002,1.0067972334438844,0.02553893768841521,0.09825443277944013,-3.1136866555785137,-5.675588975155753
4,I,k96_0.1_flat,4,I,1.0007380117377678,0.4533333333333333,1.002277893658809,0.033905316445856724,0.9868613932663527,1.002633846113155,0.02764683279320481,0.09874471597831855,-3.152284857189535,-5.65473503781115
5,I,k96_0.1_flat,4,I,1.0009320091503373,0.43333333333333335,1.0028346174658878,0.03725753074356476,0.9955954048337965,1.0047637026642608,0.02750641418556497,0.09957150207575798,-3.182645665326488,-5.656137372672314
6,I,k96_0.1_flat,4,I,1.0041133523544017,0.49666666666666665,1.0092719664987944,0.03298220925407422,0.9912538577528153,1.0066911031214256,0.030380092369071993,0.09915922117489273,-3.173359078083755,-5.66841034010297
7,I,k96_0.1_flat,4,I,1.007059380750082,0.4633333333333333,1.0154730647551828,0.03396778989887196,1.0027703677146735,1.0030080376703134,0.034940273738127206,0.10025069129133508,-3.129730402870877,-5.628472086681635
8,I,k96_0.1_flat,4,I,1.0067561044308921,0.43333333333333335,1.0147916188111277,0.032862454785867155,0.994155229961047,1.0016864432834358,0.030606604777378033,0.09943118022095178,-3.1357560181357167,-5.656735972258148
9,I,k96_0.1_flat,4,I,1.0048480188225852,0.4766666666666667,1.0107376149709235,0.03135391645566342,0.9958266485071093,1.016322916813518,0.032794354261052074,0.0995920581901999,-3.066435225642081,-5.622030673412005
10,I,k96_0.1_flat,4,I,1.003681625254349,0.53,1.0081593657510122,0.0275507391969246,0.9807333874186547,1.014785197350734,0.03345363973018464,0.09816000885725626,-3.111479228572564,-5.622450291603813
11,I,k96_0.1_flat,4,I,1.0031945248371132,0.51,1.0071239705520312,0.026962312228630374,0.9909273160500803,1.0176491162189714,0.0330186029931584,0.09913133476531395,-3.120843630927416,-5.612637184373406
12,I,k96_0.1_flat,4,I,1.0064016690220245,0.51,1.0139744774807447,0.030975660320872456,0.9756219541773979,1.0132310403010782,0.028593697702983353,0.09767649159011302,-3.081867131096678,-5.610099767556824
13,I,k96_0.1_flat,4,I,1.006396703338442,0.5266666666666666,1.013896397453163,0.029115820993633648,0.9705328112716414,1.0278286563483727,0.03615482028879078,0.09719155178739809,-3.136750154756742,-5.601787662268472
14,I,k96_0.1_flat,4,I,1.0052119277243385,0.52,1.0115503477550103,0.032533403372075845,0.9765492853988784,1.0287439888094079,0.0333547136220827,0.09776298237187123,-3.123212238568558,-5.594264878288737
15,I,k96_0.1_flat,4,I,1.0075010897223091,0.5366666666666666,1.0163867010920062,0.033604920780757455,0.967397436502473,1.0191884288707345,0.026417789420286795,0.09689490295776772,-3.080835288035831,-5.598551317880245
16,I,k96_0.1_flat,4,I,1.0084009452450289,0.5033333333333333,1.0182714409111475,0.03361600858462876,0.9765853903554842,1.0340462688319865,0.03555428969467362,0.0977694929706433,-3.1144942593113822,-5.598953988455727
17,I,k96_0.1_flat,4,I,1.008297903440119,0.5066666666666667,1.018200950659498,0.036837074703854125,0.9719934139154975,1.0200515278551212,0.027554666513860106,0.09733339736785505,-3.143831577153509,-5.642682385398339
18,I,k96_0.1_flat,4,I,1.0056566965745113,0.4766666666666667,1.0126314645289813,0.035936558585583527,0.9765067786222184,1.0321996583041788,0.032342391954839025,0.09776175818014109,-3.1391420093734004,-5.647028098717599
19,I,k96_0.1_flat,4,I,1.011618717678877,0.5033333333333333,1.025300830727761,0.03935283497679277,0.9752960296500663,1.024994482149657,0.027591541862305807,0.09764849863768042,-3.1182021033943084,-5.653919028855227
20,I,k96_0.1_flat,4,I,1.0169332791502501,0.53,1.0365424914695034,0.03991925605294904,0.9707029744954362,1.0224795340811252,0.028039284388513514,0.09720810260503086,-3.1035689740100647,-5.594544604357112
21,I,k96_0.1_flat,4,I,1.0153986183484731,0.5266666666666666,1.033295271655525,0.03992048490989269,0.9816519180886817,1.0241113455706192,0.025747336182555987,0.09824769611623399,-3.1017946122617923,-5.546326468794903
22,I,k96_0.1_flat,4,I,1.0135435254018008,0.5333333333333333,1.0294441874002147,0.04122951926797619,0.9738343996423634,1.0244325081515508,0.02857969965892332,0.09750383949509261,-3.0650569052645307,-5.554224157124198
23,I,k96_0.1_flat,4,I,1.0120078795462937,0.53,1.0261325974619497,0.03984289651894648,0.9669528356139646,1.019713811515596,0.02727599310142058,0.096850296215137,-3.0667778259466045,-5.5448799398813575
24,I,k96_0.1_flat,4,I,1.0099576980983391,0.4666666666666667,1.0216513616838196,0.036108441427642066,0.9693674055316488,1.0232549483728706,0.022102771488193344,0.0970800103290042,-3.0747356436043485,-5.552718035395282
25,I,k96_0.1_flat,4,I,1.006107442356168,0.5733333333333334,1.0135652496159004,0.03590580761438337,0.9574718277326182,1.0285690993519605,0.021231358001815553,0.09594802744690989,-3.0715209361217366,-5.535252789251575
26,I,k96_0.1_flat,4,I,1.0039210712304907,0.52,1.0090364942704915,0.03667559668338909,0.9495607950885827,1.0298280125167238,0.021854813243103878,0.09519543464498781,-3.111714168382106,-5.5756292152753675
27,I,k96_0.1_flat,4,I,1.0064559626554521,0.5133333333333333,1.0144003611582715,0.038066983537036976,0.9393690736041822,1.031113026093437,0.021129502235185366,0.09422589257731447,-3.1257672528501645,-5.581238051479085
28,I,k96_0.1_flat,4,I,1.0077716909968337,0.5066666666666667,1.017039474445125,0.03563912833446837,0.9457761575857688,1.0293596974067396,0.019937922791816075,0.09483589231448017,-3.1432017274352035,-5.588825235480167
29,I,k96_0.1_flat,4,I,1.0091958540723316,0.49333333333333335,1.0199722012478294,0.034300521371719024,0.9377976554631162,1.0303214152856295,0.02425378036337484,0.09407618641996043,-3.1472950763606478,-5.551630599193311
30,I,k96_0.1_flat,4,I,1.0108028928229003,0.4866666666666667,1.023847809185707,0.044564391003846654,0.9606815982410017,1.0278876554991707,0.02047975624316023,0.09625546657738442,-3.0728756349617017,-5.550044101856162
31,I,k96_0.1_flat,4,I,1.0135285779344971,0.42,1.029317084347517,0.039179914538322945,0.9457220817670708,1.0253038675830233,0.022586817728430922,0.0948291357993976,-3.1310596165134292,-5.52099436915351
32,I,k96_0.1_flat,4,I,1.0124902644483298,0.5166666666666667,1.0271973533274856,0.04051157961078102,0.9435253894351339,1.0226494294135007,0.022619949637823995,0.09462074860576321,-3.1767821440873245,-5.555752313863761
33,I,k96_0.1_flat,4,I,1.014108313768565,0.51,1.0305135831258232,0.03868113268687389,0.9373558211811114,1.027455787004467,0.024374434622222954,0.09402565455371463,-3.193531679571025,-5.532406266971795
34,I,k96_0.1_flat,4,I,1.0107072132379022,0.5333333333333333,1.0234551487787864,0.04086234816665282,0.9374095220685825,1.034028597430504,0.02807593435685031,0.09403471375200327,-3.198137017005809,-5.531479466297989
35,I,k96_0.1_flat,4,I,1.009345213075647,0.49666666666666665,1.0208850374598584,0.04619034533566104,0.9301956190576427,1.0350011146846687,0.030806569834683956,0.09334740126519318,-3.1663415604304106,-5.509418443553415
36,I,k96_0.1_flat,4,I,1.0068917792965122,0.47333333333333333,1.0155852279431052,0.04331862352882842,0.9384507656013034,1.0341970905513223,0.029302750289797137,0.09413811426298566,-3.2187545274115124,-5.534065326519509
37,I,k96_0.1_flat,4,I,1.0079996533360303,0.4766666666666667,1.0178700001756462,0.04270095113933952,0.9341707098283826,1.0358201090503654,0.031201891433954874,0.09372788465668258,-3.212196802397572,-5.516056411652392
38,I,k96_0.1_flat,4,I,1.0027511658983734,0.5166666666666667,1.006734101727555,0.039338844877452955,0.9404891587319645,1.0345732295089776,0.02982108648790856,0.09433174235017554,-3.1648200806656486,-5.567499406435232
39,I,k96_0.1_flat,4,I,1.003786778097878,0.5166666666666667,1.0087589666702672,0.03667111808461681,0.9456616758183812,1.0360534764134046,0.02974616383613413,0.0948237300964323,-3.1557621414413908,-5.551525865975781
40,I,k96_0.1_flat,4,I,1.0038933955159568,0.5,1.0088816138063843,0.03448421498997583,0.944162688050565,1.0326785743519562,0.030700344573929794,0.09468142105539412,-3.165600009863018,-5.5761811496333
41,I,k96_0.1_flat,4,I,1.0043382187069083,0.49666666666666665,1.009921382069476,0.037000178687547916,0.9414507981511557,1.0292085317856352,0.02464693162306734,0.09442361308651738,-3.145321378885403,-5.562495175308265
42,I,k96_0.1_flat,4,I,1.0071361115312387,0.4666666666666667,1.015904375753937,0.03971310971758632,0.9482450440542148,1.028051832987097,0.02569656508626179,0.09506903961280558,-3.148408638892336,-5.583054901283066
43,I,k96_0.1_flat,4,I,1.005275561530847,0.51,1.011922501014575,0.037889349630288026,0.9435486385658441,1.0233814815510602,0.020372160666673612,0.09462362678136496,-3.179833483368749,-5.593010855750108
44,I,k96_0.1_flat,4,I,1.0047310032489571,0.4533333333333333,1.010881370176549,0.03981321066787759,0.9427033769023238,1.0303022734571514,0.021396147750623203,0.09453895632048327,-3.149756386319224,-5.604789466635463
45,I,k96_0.1_flat,4,I,1.001303723684608,0.49333333333333335,1.0034654535099765,0.034135008801145325,0.9473805703382648,1.034650145888303,0.020057519405918593,0.09498678788606098,-3.1510887108972025,-5.58388985569417
46,I,k96_0.1_flat,4,I,1.0005814343690662,0.44666666666666666,1.0019227507421251,0.03329019009362745,0.9460261250315767,1.0333417535898526,0.021114230372743955,0.09485945407722772,-3.21310526431369,-5.591092826546164
47,I,k96_0.1_flat,4,I,0.9992346453429749,0.4533333333333333,0.999143714168124,0.033611589324730844,0.9539978128404664,1.0324780212406168,0.020792190205725217,0.09561736775557957,-3.1743119266512743,-5.6367828145258105
48,I,k96_0.1_flat,4,I,0.996739292064388,0.52,0.9938887634271064,0.031804238784162685,0.9597035674626585,1.0321311829112454,0.024705108785692466,0.09616013357602751,-3.106977245124054,-5.660373980518735
49,I,k96_0.1_flat,4,I,1.0004573946484894,0.52,1.00170995745901,0.034241167007017466,0.9623491161176942,1.0342269119274852,0.025995110246696488,0.09641371271455765,-3.1073609928513504,-5.63198464489059
50,I,k96_0.1_flat,4,I,1.0011609287749004,0.5333333333333333,1.003257037767058,0.035970515480225916,0.9680881144544332,1.0304360379486062,0.02079878961235305,0.09695909497217808,-3.1117283711569,-5.6665123252657
51,I,k96_0.1_flat,4,I,1.0051162751755334,0.5266666666666666,1.0114693316270094,0.03522458683932699,0.9739249222345571,1.033715636328333,0.02450631957956959,0.09751520990990495,-3.0944000906096933,-5.643995953729786
52,I,k96_0.1_flat,4,I,1.0080525573244783,0.5166666666666667,1.0177587364095841,0.03837856400249794,0.9810781416722928,1.0349766776691625,0.020063275711584005,0.09819544747288393,-3.061838160242993,-5.638951023889951
53,I,k96_0.1_flat,4,I,1.0094563479409904,0.51,1.020912067440474,0.04247973342742994,0.9763927745705969,1.0301457297060623,0.02363913580390629,0.09774967151371611,-3.0582755530857884,-5.6146703836848015
54,I,k96_0.1_flat,4,I,1.0164405574022688,0.4633333333333333,1.0357615196255783,0.044905120125998864,0.9789495103704556,1.0386020837695469,0.025677644833254697,0.09799384657694636,-3.032935617343416,-5.631050094098853
55,I,k96_0.1_flat,4,I,1.0175147348268934,0.49666666666666665,1.0383048196068005,0.04945085798598951,0.9496819134777513,1.039036163376444,0.02568264314753656,0.09520723310418766,-3.0628214077860965,-5.616685298296264
56,I,k96_0.1_flat,4,I,1.0163376882409658,0.5,1.035587280129758,0.04561420665710296,0.955413093956036,1.0408273438456048,0.028544520684799627,0.09575248713731492,-3.0600256570166957,-5.657977699872412
57,I,k96_0.1_flat,4,I,1.0198269097101076,0.5433333333333333,1.0429263504493989,0.04472497004153647,0.9574952880409903,1.044615503362453,0.028044814911943487,0.09595304443174525,-3.0580759315117794,-5.65618253019875
58,I,k96_0.1_flat,4,I,1.0205143369198786,0.4633333333333333,1.0442962034964467,0.042978000034710806,0.9568380054062217,1.0420408063949114,0.02494919242922328,0.09588987749550379,-3.0905046317956333,-5.715789433599821
59,I,k96_0.1_flat,4,I,1.0239119692193015,0.5233333333333333,1.051770382304076,0.04738104349257476,0.9628253825915486,1.0422644226904865,0.0268491997687707,0.09646042812147568,-3.0918295419417023,-5.701330166595198
60,I,k96_0.1_flat,4,I,1.029275033881251,0.49,1.0630956769915747,0.04500111025232369,0.9593854309887003,1.045963833982393,0.023995842484190885,0.09613368314961537,-3.1309930879480277,-5.69035860168109
1,U,k96_0.1_flat,4,U,,,1.0005047047274942,0.03472523619209966,1.000322682058636,1.0005794020823005,0.031111403414827904,0.10001943364999709,-3.1223013227700918,-5.701815667094755
2,U,k96_0.1_flat,4,U,,,1.0004901874967655,0.037969477841529826,1.0113258193326347,1.0039258179659796,0.027516681286354407,0.101064217212291,-3.094587871728677,-5.7278065261046835
3,U,k96_0.1_flat,4,U,,,0.9987769720380741,0.03463099539355978,1.0197339645467571,0.9996070488044565,0.03286243493724731,0.10186026837055323,-3.0908550257620737,-5.740450701197301
4,U,k96_0.1_flat,4,U,,,0.9997842003898781,0.03338307230076557,1.013269137770257,1.0026565499266185,0.028474232567233783,0.10124667706018904,-3.1022135121325345,-5.727192923860642
5,U,k96_0.1_flat,4,U,,,1.0018488034219397,0.035408711101470376,1.0138269877748995,1.0003512295278052,0.029258382694579622,0.10129678703320569,-3.1289331446565907,-5.705727681647295
6,U,k96_0.1_flat,4,U,,,1.0036225641812544,0.04020530407164358,1.0041142683202389,0.9968306404671019,0.033910626689415094,0.10038110429382921,-3.143535940190706,-5.695487917916255
7,U,k96_0.1_flat,4,U,,,1.0078561647479263,0.04215994949611862,1.0126968361079072,0.9967122185383426,0.028838533941177927,0.101192146533455,-3.172565672228342,-5.684311939570935
8,U,k96_0.1_flat,4,U,,,1.0000179008073014,0.04205265206211522,1.0083493147346985,0.9962001224029919,0.03369245407913593,0.10077898042871464,-3.1737293017041663,-5.7014036784622
9,U,k96_0.1_flat,4,U,,,0.9916173914237625,0.03789192353508807,1.0118598443648308,0.998502203895841,0.029356742259299008,0.10111222286465207,-3.1614683529426486,-5.747463344720944
10,U,k96_0.1_flat,4,U,,,0.9880925102941792,0.03921257950903507,1.0093371558812416,1.0002228407376303,0.02955134872148744,0.10087291804144413,-3.1791428792767915,-5.715197719175443
11,U,k96_0.1_flat,4,U,,,0.9920105704831795,0.03645000060370065,1.0113461516929885,1.006907986454114,0.027853887760462076,0.10106485500890607,-3.184651596951728,-5.734555955044166
12,U,k96_0.1_flat,4,U,,,0.9937714647782989,0.039819599840524814,1.0104529380634981,1.0040618015234861,0.029678476178033136,0.10097766145268446,-3.2070463058792797,-5.717894440968659
13,U,k96_0.1_flat,4,U,,,0.9952448576472606,0.040468514288358695,1.019500064410665,1.0045166441131392,0.023727528662254107,0.10183733647463616,-3.219927141963294,-5.741857965164309
14,U,k96_0.1_flat,4,U,,,0.9928380106491674,0.03696452098924693,1.0051300183451395,1.009677407403516,0.02854838619236193,0.10047752774905319,-3.186832464789611,-5.7423531657293685
15,U,k96_0.1_flat,4,U,,,0.9949539380507991,0.031515235638178415,1.0033375953473092,1.0033076868375217,0.026661977932869382,0.10030817579348889,-3.228366376741357,-5.755880679049542
16,U,k96_0.1_flat,4,U,,,0.9985100496841895,0.033534896480673385,1.00764575657677,1.002026061196713,0.02968455534096729,0.10071741861222468,-3.2429717842595163,-5.761762630932559
17,U,k96_0.1_flat,4,U,,,1.002977439747948,0.03858133241758606,1.0048248966385511,1.0078508089966254,0.03201533279299526,0.10044995377872203,-3.233392717198493,-5.7795741845010165
18,U,k96_0.1_flat,4,U,,,1.0057965970333556,0.038092121397424,1.0041558293929085,1.0014713850117645,0.031328751244803256,0.10038581574053013,-3.2341170217128417,-5.7560003577707395
19,U,k96_0.1_flat,4,U,,,1.0031600543905066,0.034242309567500094,1.0046798481098551,1.006304055208863,0.027855453731670317,0.10043518294774496,-3.2437426333119976,-5.711052143407575
20,U,k96_0.1_flat,4,U,,,1.0029817349645074,0.03613766026097515,1.0051001417289476,1.0074105784212144,0.030412161964828474,0.10047472263859852,-3.2803334137844717,-5.712975614544849
21,U,k96_0.1_flat,4,U,,,1.0052636752517443,0.03518206018394962,1.0146925249446306,1.0077319963070845,0.03149949993967437,0.10138406129634037,-3.2854923955121067,-5.73227312733065
22,U,k96_0.1_flat,4,U,,,1.0066813609886667,0.03573059191686819,1.0083279083902856,1.010247485581766,0.02848685207914147,0.10078077320040833,-3.32403861208292,-5.7108005934206325
23,U,k96_0.1_flat,4,U,,,1.0044306472733098,0.03431154485410649,1.0107421702710553,1.0075167151034008,0.026071965530112134,0.10100949345877744,-3.30376978831999,-5.764471809296907
24,U,k96_0.1_flat,4,U,,,1.0087715413411305,0.03451375859102893,1.0037869021047454,1.005795659843254,0.026797951709781113,0.10034989951031144,-3.308751192942457,-5.701083141600816
25,U,k96_0.1_flat,4,U,,,1.0080899964843602,0.03315254202167911,1.0045455459920387,1.0142411815509211,0.025436504762076092,0.10042279480519464,-3.2910452647145876,-5.712060964684222
26,U,k96_0.1_flat,4,U,,,1.0087582787601328,0.031734591637884856,0.998102251367298,1.009515840142064,0.025123140856779087,0.09980971359908357,-3.305276291607241,-5.751411971716154
27,U,k96_0.1_flat,4,U,,,1.009207410732345,0.03344450948845405,1.0001763579314895,1.0116826389753923,0.024528234389240233,0.10000806957020127,-3.282829769140271,-5.697102528538382
28,U,k96_0.1_flat,4,U,,,1.0111200648114893,0.03571488137066467,1.001680051385268,1.0033436564144331,0.024432602094807236,0.10015077463948983,-3.2888437427556396,-5.707827051453749
29,U,k96_0.1_flat,4,U,,,1.007032516163557,0.034158946208414,0.9963317146536453,1.00630359217943,0.024259383234130485,0.09964361881950905,-3.286788095539486,-5.711136369376927
30,U,k96_0.1_flat,4,U,,,1.0091525242951325,0.03588533800413082,1.004473006264127,1.0057569741726926,0.030094239065309857,0.1004167797942792,-3.273968755777914,-5.707143861272814
31,U,k96_0.1_flat,4,U,,,1.011877723718558,0.038360732852852485,1.0023094233464822,1.008314122637554,0.02860236027397107,0.10021029901798398,-3.2907749321753146,-5.690330176641182
32,U,k96_0.1_flat,4,U,,,1.0108530676658303,0.03849452973273464,1.0040538270463648,1.0136893917124228,0.02712985149966427,0.1003755276488752,-3.2653775243787853,-5.71464964343938
33,U,k96_0.1_flat,4,U,,,1.0042670470090764,0.03586860822577339,1.0099323956905297,1.0054614305366731,0.025480059483715373,0.1009344502108517,-3.2783771726007536,-5.704733858938764
34,U,k96_0.1_flat,4,U,,,1.0011567394578451,0.03668250365827454,1.0160899742281557,1.0099284913646591,0.025848686125892823,0.10151633264159028,-3.247991135353313,-5.671094260246441
35,U,k96_0.1_flat,4,U,,,1.0011511693099004,0.03243528597528131,1.0143768655917151,1.0123271281413322,0.025640766315552406,0.10135197195400944,-3.300349687645712,-5.657036787742204
36,U,k96_0.1_flat,4,U,,,1.0034474194664096,0.031557344090569754,1.0246627311749683,1.0078939765810406,0.02943850589758493,0.10232842912771008,-3.238900478343121,-5.649465779094558
37,U,k96_0.1_flat,4,U,,,1.0024697152461952,0.03177713305380001,1.0208344277024168,1.0066057505359671,0.028903426334874503,0.10196366479379816,-3.2961597147603667,-5.649702379416121
38,U,k96_0.1_flat,4,U,,,1.0037254663297812,0.03281397581722477,1.0246291523202953,1.0110340211423439,0.02612846817090555,0.10232281364791125,-3.3089560284747668,-5.691936251834511
39,U,k96_0.1_flat,4,U,,,0.9992302757075724,0.031948205685346356,1.0184003365211685,1.0049916407180064,0.024504779218134994,0.10173355099968888,-3.336563613057733,-5.687789333737781
40,U,k96_0.1_flat,4,U,,,0.9990463133748164,0.03044065240399238,1.0205190004884621,1.0074142977696208,0.025365441662021846,0.10193638130877815,-3.302541449743765,-5.689328668223126
41,U,k96_0.1_flat,4,U,,,1.0002330263966577,0.02918794789808559,1.0269197113636914,1.00588310073245,0.02398657104376148,0.10253993008625888,-3.3601259713638583,-5.73803147366106
42,U,k96_0.1_flat,4,U,,,0.9983801539127213,0.028514887115685544,1.0303619218850106,1.0052393859138462,0.028729054043979546,0.1028652845348538,-3.3450556429997227,-5.718228894278107
43,U,k96_0.1_flat,4,U,,,0.9966203583756639,0.03000143916989167,1.0374659368929218,1.0068795634122762,0.027166249654478895,0.10353841953675973,-3.350395436985264,-5.717578514128966
44,U,k96_0.1_flat,4,U,,,0.9987777506935845,0.029379965049360236,1.0290430734212381,1.0100099327957197,0.02770641562375475,0.10274004229293539,-3.3694210005021574,-5.719498597506115
45,U,k96_0.1_flat,4,U,,,1.0004714988370786,0.032710403292108226,1.0333748869651431,1.007945373226615,0.03121828575719184,0.1031514197428483,-3.366623379904569,-5.713107099545738
46,U,k96_0.1_flat,4,U,,,1.001492270465718,0.03279920888397265,1.035336630548472,1.008796159781972,0.02977606183674482,0.1033361541904216,-3.356393251404286,-5.718945397323508
47,U,k96_0.1_flat,4,U,,,1.0009389299792966,0.03275283051671382,1.0412265464006978,1.0036427648203678,0.03581714175190753,0.10389245793013818,-3.373033120389249,-5.737369937131514
48,U,k96_0.1_flat,4,U,,,1.003654864250135,0.03303324500231941,1.0496898190481936,1.00820232888642,0.030886532716466034,0.10468907279174075,-3.399990118875637,-5.731299960310095
49,U,k96_0.1_flat,4,U,,,1.0043032106489906,0.03360925392460689,1.0369212413517082,1.0130010145545119,0.029158558967575982,0.10348435078859067,-3.4151593236824556,-5.727402030343649
50,U,k96_0.1_flat,4,U,,,0.9983310137422067,0.027154412198972803,1.0416842203697028,1.010167217776981,0.029310982672512052,0.10393438242707469,-3.3940773223206855,-5.745022331639686
51,U,k96_0.1_flat,4,U,,,0.9987685858599646,0.027449696590083172,1.042643594692608,1.009309258338954,0.03011082345899116,0.10402612688815355,-3.4291667460886415,-5.7372673583971645
52,U,k96_0.1_flat,4,U,,,0.9973282166626757,0.028782774296156242,1.0491308603862168,1.014826026274897,0.02805060478284791,0.10463921540328462,-3.427339125068702,-5.720842799146869
53,U,k96_0.1_flat,4,U,,,0.9942359027481511,0.02658847713849836,1.0500166905222288,1.0121222708074784,0.027621707665407513,0.1047216152367661,-3.3973957379092092,-5.721336744862997
54,U,k96_0.1_flat,4,U,,,0.9924604773500492,0.02977061033625125,1.051975482444202,1.0179805104990423,0.028930543961396125,0.1049069654311423,-3.4231998145264213,-5.711718866443778
55,U,k96_0.1_flat,4,U,,,0.9907823375673404,0.02466741944593838,1.0522957076746935,1.0195975042317795,0.026623995445717422,0.10493644466256488,-3.452493673169717,-5.757948840381426
56,U,k96_0.1_flat,4,U,,,0.9899722711046528,0.025164040783897376,1.0515183676218052,1.0117686718834065,0.03088582397849512,0.10486530726989493,-3.4320365295790345,-5.771660697026518
57,U,k96_0.1_flat,4,U,,,0.9906272845949343,0.02406203372338541,1.0541441190528844,1.0162143713484708,0.023804182756588955,0.10511159151150819,-3.452695074734688,-5.747961872660498
58,U,k96_0.1_flat,4,U,,,0.9887553588571321,0.02085053283807421,1.068086083512606,1.0183365339195347,0.025940782438429417,0.10642682214569449,-3.403204462214811,-5.74876800321267
59,U,k96_0.1_flat,4,U,,,0.9900027865070133,0.02234321898325291,1.068705827232052,1.0203729596101665,0.025620380606532468,0.10648340911453133,-3.4036038170852394,-5.759017345918593
60,U,k96_0.1_flat,4,U,,,0.9904877135990974,0.022147142400730284,1.0694427232227985,1.0181280344908867,0.026045392833347593,0.10655351735521226,-3.4107049054008667,-5.747437595040845
1,I,k96_0.1_decay24h,1,I,1.000992598420176,0.48333333333333334,1.0029048797385827,0.036028419612416866,1.0030033942885903,1.000957998634323,0.030446234247880496,0.9641617270127381,-3.123425124201462,-5.697024696259153
2,I,k96_0.1_decay24h,1,I,1.0020569820579135,0.5,1.0050751284521202,0.03496896599405829,1.010425264942824,0.9970234310596165,0.029610628333998166,0.9647982329178164,-3.137525812814353,-5.70977052559073
3,I,k96_0.1_decay24h,1,I,1.0026084148892416,0.48,1.0062517644197482,0.035641066676888544,0.9997456258805031,1.007834108135739,0.034024425116063066,0.9637612140613385,-3.1260781082537847,-5.7288681424704215
4,I,k96_0.1_decay24h,1,I,1.0027472018958594,0.5,1.0067264751871874,0.039550562174967246,1.0113784824570362,1.0042936986826565,0.03536392697112469,0.9648390583349464,-3.115340045242286,-5.705557763837763
5,I,k96_0.1_decay24h,1,I,1.003077228182579,0.4766666666666667,1.0072678963526436,0.036607789877017,1.012506263787676,1.003355774620058,0.03051989480761998,0.9652882477760483,-3.064702347173767,-5.723790311540855
6,I,k96_0.1_decay24h,1,I,1.009197817786891,0.5766666666666667,1.0205259707674947,0.045461314042529864,1.0111527054943952,0.9986467058494743,0.034829298117141624,0.9636683221412341,-3.1015014339514217,-5.745262792037754
7,I,k96_0.1_decay24h,1,I,1.0082252280266317,0.49,1.0183510131892055,0.04296926481581883,1.0145341936134507,0.996205346298603,0.03312069369388546,0.9647861492267475,-3.1233514205111095,-5.729124032525062
8,I,k96_0.1_decay24h,1,I,1.0074026315359854,0.5033333333333333,1.0168089706908752,0.046052235765185655,1.013767249160838,1.0042333579439287,0.03391983238453686,0.9644729529463408,-3.10946366623483,-5.725397775179124
9,I,k96_0.1_decay24h,1,I,1.0094049860581715,0.5266666666666666,1.0210194779847634,0.04631421047384405,1.009199676493892,0.9927102310828437,0.03407769060415991,0.9635715531704492,-3.103721613561783,-5.737466015017806
10,I,k96_0.1_decay24h,1,I,1.0079720745280203,0.5833333333333334,1.0177244962429834,0.04100503906231113,1.0164136399415191,1.0004447637470752,0.035725720580988614,0.9648322424608137,-3.088149482986935,-5.7306491795508565
11,I,k96_0.1_decay24h,1,I,1.0100802854829256,0.5,1.0223310403570078,0.044375282235009854,1.0321607786668672,0.9970450114463622,0.03505257614620859,0.9658010866627266,-3.1103891642517882,-5.765807038809075
12,I,k96_0.1_decay24h,1,I,1.0113701292455266,0.5133333333333333,1.0247390939590317,0.03857929115876038,1.0362671423405607,1.0024915604797358,0.03694843337455764,0.9663286225580507,-3.147477062339028,-5.764116683672405
13,I,k96_0.1_decay24h,1,I,1.0106624245069005,0.5233333333333333,1.0234183242958317,0.04178256370992184,1.0305261651286788,1.0018494625403036,0.029720391097353655,0.9652634439103929,-3.0846829863743133,-5.779806152533672
14,I,k96_0.1_decay24h,1,I,1.0129818737250886,0.4666666666666667,1.028223778837919,0.04036305325709503,1.0365862124734617,1.0010269112856043,0.031672767507282776,0.9660448717345923,-3.107247355879437,-5.784774675472607
15,I,k96_0.1_decay24h,1,I,1.016478815490118,0.4866666666666667,1.0358236648974,0.04447366001533893,1.0373546845268526,1.0066619499068357,0.03376798961335387,0.9651839828457427,-3.079441778519024,-5.792861825943925
16,I,k96_0.1_decay24h,1,I,1.0191768471600315,0.5066666666666667,1.0416169184222488,0.04582718850628419,1.028880143565253,1.0036389600241034,0.03219096530661191,0.9640619283453176,-3.1388687144049423,-5.7665539996799815
17,I,k96_0.1_decay24h,1,I,1.0196767470799508,0.49666666666666665,1.0427139571173576,0.046568399241536565,1.0357106291184046,1.0077450441115712,0.032800959931633754,0.9647542762743527,-3.118786499253215,-5.788595490230653
18,I,k96_0.1_decay24h,1,I,1.0205990265472549,0.53,1.044498369284065,0.04348226091686595,1.0292946408241521,1.0047760236529275,0.034964075391162364,0.9642339292962228,-3.1008053700282683,-5.7904591785287
19,I,k96_0.1_decay24h,1,I,1.0224530977370856,0.4766666666666667,1.0485444228707328,0.04534765215046602,1.0148040015564619,1.005180757984308,0.03506350288711322,0.9619361512880615,-3.107787024153421,-5.835804774718107
20,I,k96_0.1_decay24h,1,I,1.0249879871955239,0.5533333333333333,1.0540133408659227,0.0464941471587903,1.0203240600476207,1.0007731614169515,0.03967546751943465,0.9620150871343833,-3.124324066038934,-5.809776672480254
21,I,k96_0.1_decay24h,1,I,1.0235538566532618,0.45,1.0506805371838037,0.04144073424900117,1.018234965790823,0.9988360880162342,0.036756432710735094,0.962307370275081,-3.1494347525527475,-5.800177230839034
22,I,k96_0.1_decay24h,1,I,1.0256745428966267,0.4866666666666667,1.055536592408215,0.047503462089578403,1.0175578434042214,0.9975972013595967,0.03829630265827286,0.9617013213080254,-3.15381496575888,-5.817486681222624
23,I,k96_0.1_decay24h,1,I,1.023211350929663,0.4533333333333333,1.0503525972015277,0.04872773918083128,1.0232201121105984,0.999401667754717,0.03434431352095335,0.9629235286831029,-3.1781420424088913,-5.801716761091356
24,I,k96_0.1_decay24h,1,I,1.023091908566123,0.5066666666666667,1.0502544577192316,0.051440976992235474,1.0138402550342192,0.9881095691420637,0.03789158036093767,0.961634896641851,-3.211583471751642,-5.789815215102776
25,I,k96_0.1_decay24h,1,I,1.0262627388389565,0.5133333333333333,1.0574448789916426,0.057841216434173844,1.028415181226591,0.9885728834637295,0.030099379950224117,0.9631360500339444,-3.211761586213505,-5.800272884292581
26,I,k96_0.1_decay24h,1,I,1.023703666478439,0.45,1.0513670233204346,0.04830299211363568,1.0254238364662096,0.9992080469274192,0.03398865802949852,0.9630279609080575,-3.187647149508438,-5.792692135008006
27,I,k96_0.1_decay24h,1,I,1.027322355011479,0.5,1.0594284663962064,0.0536120462620636,1.0319018915504659,0.9919521919147083,0.03387251995760136,0.9629667522731656,-3.259970182933636,-5.807557482067818
28,I,k96_0.1_decay24h,1,I,1.028503603963064,0.5166666666666667,1.0617679268685052,0.05063380786124128,1.0395195248901181,0.9901324086708226,0.03722507670254252,0.9642128335210093,-3.2654533129515464,-5.780794442062646
29,I,k96_0.1_decay24h,1,I,1.0293130700265243,0.5066666666666667,1.0635556057406494,0.05158431001608002,1.0341367507106638,1.0016733726053004,0.032743432621168925,0.9632538673896925,-3.2779367102895214,-5.813393871169552
30,I,k96_0.1_decay24h,1,I,1.0278152131799694,0.5,1.060270056329239,0.05046924269241766,1.0343057683877388,1.0013777199209792,0.03036242601152047,0.9636624231578246,-3.248677580753562,-5.767787608312441
31,I,k96_0.1_decay24h,1,I,1.023344728040302,0.48333333333333334,1.0505595542507593,0.047511498480334355,1.0411376305443638,1.00645673031027,0.0324289773609893,0.9647370525217491,-3.2653394522830013,-5.804236061594376
32,I,k96_0.1_decay24h,1,I,1.0255966184457097,0.5033333333333333,1.0555487243530999,0.05057960663016003,1.0417984511332459,1.0068639292613344,0.03416608868449311,0.9651663059164385,-3.2640602209682084,-5.786147331559532
33,I,k96_0.1_decay24h,1,I,1.028183204228553,0.5266666666666666,1.0613043969079872,0.0542121276140134,1.0473214711698793,1.0115136162950285,0.03768768186715937,0.9643694862825701,-3.279917447572652,-5.780689423386458
34,I,k96_0.1_decay24h,1,I,1.03067381201812,0.4766666666666667,1.0663134182875937,0.04889457784703214,1.0504031482044585,1.0146982858813032,0.03213730627798152,0.9646012789148108,-3.2833277784010897,-5.8015531957449245
35,I,k96_0.1_decay24h,1,I,1.0300393852202347,0.43333333333333335,1.0651279507024676,0.051802491199658816,1.0506203468200308,1.0238555562304672,0.03467449969002682,0.9644247755735453,-3.2640071690625003,-5.766773830703675
36,I,k96_0.1_decay24h,1,I,1.0324109966881723,0.45,1.0699858367263617,0.04784739969429886,1.0411568559667026,1.0294686010207341,0.039597782030466766,0.9629404857305095,-3.274233094601275,-5.7697056606386
37,I,k96_0.1_decay24h,1,I,1.0353043406820797,0.5266666666666666,1.0759727851513434,0.043365530421345506,1.0372242299075356,1.0223078838500734,0.04585428139421061,0.9624711694824657,-3.28174041830405,-5.77701263076963
38,I,k96_0.1_decay24h,1,I,1.032114107840764,0.5166666666666667,1.0691314066479065,0.04389058034147631,1.0482888495666651,1.0202089702765906,0.047721613404455784,0.9639582943649161,-3.2748373909319004,-5.799158197453771
39,I,k96_0.1_decay24h,1,I,1.0312215937544016,0.4666666666666667,1.0670733209221845,0.04121102541106581,1.0514032826041135,1.0273179457205586,0.04550806095607908,0.964484180242877,-3.3001285240433513,-5.783611773373897
40,I,k96_0.1_decay24h,1,I,1.0327726170283769,0.5066666666666667,1.070449981955904,0.04201627130602199,1.0428598529811477,1.0298837700542156,0.045603974611248634,0.9629899610388304,-3.312153376899334,-5.796969332900247
41,I,k96_0.1_decay24h,1,I,1.0370497696733965,0.4766666666666667,1.0792797699567525,0.03335282327295712,1.0583156830177949,1.0194310846666068,0.04580428765326105,0.9646746254301176,-3.3161514054536223,-5.819621848818633
42,I,k96_0.1_decay24h,1,I,1.0376800935070691,0.5133333333333333,1.0808264891095052,0.03766005832933718,1.0501736517967923,1.0266492154255669,0.04603817499052805,0.9633062289069615,-3.3403319706054733,-5.816864919827358
43,I,k96_0.1_decay24h,1,I,1.0339672595382692,0.52,1.0727354367771944,0.03591780442399543,1.0545140743934496,1.0263290704706167,0.04123953085131946,0.9645518126797261,-3.3426224035489756,-5.823523992773729
44,I,k96_0.1_decay24h,1,I,1.0335329362292722,0.5566666666666666,1.0717560935973045,0.03494679065975834,1.0467830533105809,1.011014416770119,0.04328340951901497,0.9636724998265345,-3.290481475593583,-5.871203479656183
45,I,k96_0.1_decay24h,1,I,1.032843202077906,0.48333333333333334,1.0703625689373986,0.03699068833643776,1.0562253197967593,1.023406239859198,0.04704704517384016,0.9648148417806923,-3.2846682575606727,-5.862661783290692
46,I,k96_0.1_decay24h,1,I,1.0313730465124809,0.4866666666666667,1.067114641099901,0.03506341790238473,1.0364610060732442,1.0218457945916366,0.04655126066459229,0.9629918218625926,-3.318602298400292,-5.8386370693712815
47,I,k96_0.1_decay24h,1,I,1.0311227797853217,0.5066666666666667,1.0667128996036506,0.03805705330860502,1.0405866736458143,1.0163361604571635,0.0439649216421343,0.9634318979272568,-3.2909629995307443,-5.859322570677413
48,I,k96_0.1_decay24h,1,I,1.026906357110855,0.48,1.0576546228822097,0.037656448588187175,1.0429647590869278,1.0166330019083323,0.047306192431089154,0.9647234611801552,-3.2978776487260535,-5.877392953787625
49,I,k96_0.1_decay24h,1,I,1.0255974791220053,0.49333333333333335,1.0547951591168907,0.03635994991743606,1.0524312416608284,1.023331679144346,0.047184660682486446,0.9658462637894282,-3.349496081454868,-5.9190079767818755
50,I,k96_0.1_decay24h,1,I,1.0280408091071804,0.51,1.060093440452254,0.03793214657089675,1.0402650663561794,1.0219567281440194,0.038286928683411006,0.9640010317445838,-3.3256393336505368,-5.901801165339081
51,I,k96_0.1_decay24h,1,I,1.0315689630370388,0.48,1.0674909262637167,0.033965365644605554,1.0291761274080045,1.021192443348857,0.04017616664292713,0.9622389761277361,-3.323112049566702,-5.874160670627969
52,I,k96_0.1_decay24h,1,I,1.0311259788196385,0.5166666666666667,1.0666430429168294,0.036362316158448225,1.024396279789929,1.0292079822079419,0.03802081430220146,0.9614186942996601,-3.367720509911907,-5.873774454530082
53,I,k96_0.1_decay24h,1,I,1.0303507818949926,0.45666666666666667,1.0649524989528905,0.03579894118744443,1.0259151100065347,1.0371291961775178,0.03799189518157103,0.9617889375355663,-3.379598612876961,-5.830325274435152
54,I,k96_0.1_decay24h,1,I,1.0325864269078542,0.52,1.069659398221952,0.03348265149091628,1.0236550626326193,1.0430480047889736,0.033902913571645404,0.9614457310835879,-3.3667622996748694,-5.815624957396066
55,I,k96_0.1_decay24h,1,I,1.0336898436799609,0.47333333333333333,1.0721084155000689,0.03518773450187662,1.024082178663085,1.0465632981369284,0.030019056893761803,0.960986651642304,-3.3439121007422745,-5.820159027848558
56,I,k96_0.1_decay24h,1,I,1.033127554497477,0.4866666666666667,1.070971354702995,0.03686011082313888,1.028030448535481,1.0345348495637043,0.03665974135863504,0.9614862607159425,-3.3485902081857404,-5.821982453379004
57,I,k96_0.1_decay24h,1,I,1.0354011485169519,0.48,1.0756555134920855,0.03174485937468785,1.027291973327021,1.0435076939438124,0.03497809775109499,0.961319220876219,-3.3836515499552955,-5.860039967798398
58,I,k96_0.1_decay24h,1,I,1.0374456617981083,0.5466666666666666,1.0800299922589158,0.030577884815574344,1.0321745274142196,1.0518094408194665,0.03135909878756975,0.9614893279106925,-3.3978127142891323,-5.843098606042012
59,I,k96_0.1_decay24h,1,I,1.0369547758759574,0.55,1.079010878507115,0.031683082003264904,1.0373691760159764,1.0502539615825803,0.031451713026465225,0.9620822523531861,-3.362377609444948,-5.881983592207389
60,I,k96_0.1_decay24h,1,I,1.036660055713866,0.55,1.078333985315464,0.030662997625370655,1.0383104660016322,1.049141186673266,0.03462070915451668,0.962327599188733,-3.4019708889414155,-5.831758838795805
1,U,k96_0.1_decay24h,1,U,,,1.00362135719204,0.0373343857234539,1.0018251530312892,1.0009652569614091,0.03195831532048141,0.9640548613003551,-3.121309489532802,-5.680367798256914
2,U,k96_0.1_decay24h,1,U,,,1.0030477394467232,0.03949815914042189,1.0001569530624477,1.0017383254566048,0.02944389661289032,0.9640363663256096,-3.0956685795618046,-5.697432331948244
3,U,k96_0.1_decay24h,1,U,,,0.996649406679151,0.03760777224480208,1.0147775006115962,0.9956078141456393,0.03260983527395678,0.9660510567954675,-3.1183684173119732,-5.6749448096267665
4,U,k96_0.1_decay24h,1,U,,,0.9944861015050863,0.03839450093664028,1.0151607024464935,0.9981617164608463,0.03694463384846122,0.9660335683963676,-3.103240658178065,-5.679498062342711
5,U,k96_0.1_decay24h,1,U,,,0.9898116445342295,0.03896518539470912,1.0159994868362845,0.9938737626612923,0.03210294876363533,0.9666721963805458,-3.137966853903904,-5.671068182233374
6,U,k96_0.1_decay24h,1,U,,,0.9879101162264904,0.03888845228419382,1.0125593799219983,0.9966013638535757,0.027645027620128444,0.9660889839302149,-3.1955538876365934,-5.653545892898006
7,U,k96_0.1_decay24h,1,U,,,0.9817719881160932,0.03432138216906667,1.0196655466458935,0.9903047203393381,0.02942687740259008,0.9673443164766157,-3.17872620341651,-5.669539247921082
8,U,k96_0.1_decay24h,1,U,,,0.980005397738231,0.03179442577739039,1.011400314432941,0.9957768036808432,0.029054569440676838,0.9668862665235304,-3.208100576241981,-5.660275155341287
9,U,k96_0.1_decay24h,1,U,,,0.9816677257319757,0.03406618944524516,1.0173721688169632,0.9879048487559062,0.035035877337734715,0.9672273697105583,-3.1705400377053197,-5.640005998093684
10,U,k96_0.1_decay24h,1,U,,,0.9824115519705299,0.036839436704772306,1.021616596653959,0.9933430896688689,0.03119427340863545,0.9673782906613216,-3.163660368935968,-5.62378795535673
11,U,k96_0.1_decay24h,1,U,,,0.9812289719976637,0.03314072361404906,1.0244054732167884,0.995178810274897,0.030836398473581383,0.9680093306433237,-3.163155412951649,-5.6106561876261685
12,U,k96_0.1_decay24h,1,U,,,0.983550593153548,0.031042784951295154,1.0228705859076967,0.9992115494639863,0.03215789514413979,0.9676227729967876,-3.127392432925292,-5.649567135896294
13,U,k96_0.1_decay24h,1,U,,,0.9845797527725169,0.032044417496374905,1.0242740745322616,1.0024226946673176,0.03700473247974098,0.9676929134983561,-3.1427015313498017,-5.635094417567158
14,U,k96_0.1_decay24h,1,U,,,0.9852083945146942,0.03325942732783572,1.0351354430979882,0.9985646403297765,0.026358937372660343,0.968846132004818,-3.167272077950328,-5.631604130024181
15,U,k96_0.1_decay24h,1,U,,,0.98714325198455,0.03540275997290032,1.038130923801831,1.003020029033435,0.032170693770488985,0.9690631729100369,-3.1748126809184454,-5.637468478732488
16,U,k96_0.1_decay24h,1,U,,,0.9920171795270252,0.03799131388478982,1.0336455733387917,1.0048560896279248,0.027351358559600445,0.9680713082926146,-3.1684242847694906,-5.685909791740813
17,U,k96_0.1_decay24h,1,U,,,0.9961574794331991,0.034752137554834334,1.0482215560021928,1.0091375108177563,0.03003056460454447,0.9694665583013252,-3.154646360150458,-5.6688716194766755
18,U,k96_0.1_decay24h,1,U,,,0.9947733959054994,0.037000849119723796,1.0363816838756137,1.0133404929559042,0.03210252370295244,0.968318396857632,-3.1437637556607076,-5.688305468471134
19,U,k96_0.1_decay24h,1,U,,,1.001393228261311,0.03727671472870012,1.0497033851610131,1.0202569821502532,0.03432405509108471,0.969147445601334,-3.1650449516437167,-5.6569896841769625
20,U,k96_0.1_decay24h,1,U,,,0.9962783844935719,0.03694740413716204,1.0433882060419803,1.0171116858679126,0.034641869605948575,0.9688319206947269,-3.1622897686687383,-5.7019605115121985
21,U,k96_0.1_decay24h,1,U,,,0.9987630195920095,0.036305841612343216,1.0449875569992464,1.017179318191088,0.03539145057347975,0.9690322231230127,-3.1442624425648487,-5.713176132207203
22,U,k96_0.1_decay24h,1,U,,,1.0036793286942027,0.04090827034328897,1.0421036776600723,1.0121349443898953,0.030594782780329437,0.9682498505536201,-3.118252502397345,-5.748633068490706
23,U,k96_0.1_decay24h,1,U,,,1.0076478313477837,0.037613713786461306,1.0450737180130598,1.0133759234997175,0.03440582607550076,0.9682888087323893,-3.0710612698543773,-5.710199671817727
24,U,k96_0.1_decay24h,1,U,,,1.0083674916276422,0.03676190127071896,1.0391351564584672,1.0143198130941478,0.028251844185566928,0.9675270875364473,-3.1270601334332113,-5.698073999671863
25,U,k96_0.1_decay24h,1,U,,,1.0145726268507251,0.03694060509446838,1.042586273184006,1.0246987413646067,0.03476097166927601,0.9677693561077778,-3.116027276429684,-5.730059941336551
26,U,k96_0.1_decay24h,1,U,,,1.0094107491477187,0.036050439685429106,1.0487910356410173,1.0169100674691969,0.03483198415736697,0.9687367978617886,-3.102728909556497,-5.726139906672822
27,U,k96_0.1_decay24h,1,U,,,1.0132864553289052,0.03584885354036552,1.04543652307489,1.019347273363943,0.036411243539992595,0.9680283857647091,-3.114198355105323,-5.754864110036491
28,U,k96_0.1_decay24h,1,U,,,1.0099077025234462,0.035076301932026974,1.0514107009790916,1.0219063923151865,0.03244140192960249,0.968879091500412,-3.096962736278641,-5.757408855350099
29,U,k96_0.1_decay24h,1,U,,,1.0047780860524438,0.03568181798180046,1.0561273027158529,1.0225263453840356,0.03394217248111949,0.9696954248498972,-3.122200541104952,-5.76530517376475
30,U,k96_0.1_decay24h,1,U,,,1.004798655936573,0.03612176688158313,1.0445761019515802,1.020343523434379,0.03286967790689889,0.9685146036983535,-3.0965245201701803,-5.8214902669120265
31,U,k96_0.1_decay24h,1,U,,,1.0078095152054611,0.038873225665524064,1.0359646941653433,1.0221698408220907,0.032022490388993866,0.9674795946274245,-3.1089658373823013,-5.810987019717135
32,U,k96_0.1_decay24h,1,U,,,0.9997313443873751,0.03738945120991845,1.0479712227394105,1.0298993097561284,0.03854970103373048,0.9690191293811836,-3.0735599526506734,-5.787387856621875
33,U,k96_0.1_decay24h,1,U,,,1.0016635042210085,0.03935328055274923,1.0483659315560514,1.0225417160078552,0.03658153567273866,0.9690410815595211,-3.0754807991115345,-5.810100643838023
34,U,k96_0.1_decay24h,1,U,,,0.9996980198279554,0.038182311881481704,1.0579290549100995,1.0266664541224721,0.038203655610273037,0.9700365067621055,-3.070631441363079,-5.792237846435127
35,U,k96_0.1_decay24h,1,U,,,0.9989268588685077,0.036642202418827895,1.0527421295778465,1.0310314492959967,0.04013346376537304,0.9698143994866159,-3.0471628987015964,-5.741669204182474
36,U,k96_0.1_decay24h,1,U,,,1.0019065309074309,0.042152114724260115,1.0567032879449065,1.0381422448611521,0.040599813743657176,0.9696121896955113,-3.031086358814682,-5.740516657597388
37,U,k96_0.1_decay24h,1,U,,,1.003698282001912,0.046704729771845505,1.0515770145696473,1.0380810123583168,0.041839646724301405,0.9691626057788053,-3.059840235520844,-5.778728383449919
38,U,k96_0.1_decay24h,1,U,,,0.9975556459254513,0.04588744422358585,1.0541264601194602,1.038017197711437,0.039207298798242314,0.9698477098991494,-3.049520740680258,-5.770467982549467
39,U,k96_0.1_decay24h,1,U,,,0.9931907996887238,0.0492813279114647,1.0683282838916195,1.043415890317512,0.04331210279349431,0.9712737613706695,-3.0580224607722206,-5.774883731503498
40,U,k96_0.1_decay24h,1,U,,,0.9967922204476982,0.04598393487324526,1.0641170322400124,1.0335285116783481,0.03942113961704522,0.9709346585016914,-3.092786017522494,-5.781759724083257
41,U,k96_0.1_decay24h,1,U,,,0.9992930349722197,0.04478655687168469,1.0671401440554091,1.0375801029552676,0.03677880767574976,0.9707320897671563,-3.089940162027809,-5.761564951817695
42,U,k96_0.1_decay24h,1,U,,,1.0024621489403671,0.046088332600705384,1.0621485133579087,1.0402398650206697,0.03934728200736682,0.9701145657295338,-3.098326393477481,-5.772057166185159
43,U,k96_0.1_decay24h,1,U,,,0.9990086910298173,0.043190047716384856,1.0674739331440344,1.0383911216635302,0.04312567847676564,0.9709641221396567,-3.0937642110217616,-5.789104836413777
44,U,k96_0.1_decay24h,1,U,,,0.99366089027,0.0436298062696548,1.0600494566685246,1.0432407903557115,0.04277046287215448,0.9702774626850961,-3.070165451747852,-5.792995726165882
45,U,k96_0.1_decay24h,1,U,,,0.9883317273254526,0.0423484169306212,1.064301299296092,1.0408552835430436,0.04231600737756292,0.9711363354946346,-3.069916079366315,-5.8252462639076885
46,U,k96_0.1_decay24h,1,U,,,0.988891749392134,0.038441111921285256,1.0596709452924282,1.0442342992028117,0.04104056926512348,0.9708941209443208,-3.0520170537795313,-5.834772002234921
47,U,k96_0.1_decay24h,1,U,,,0.9936796231480944,0.04261468423048181,1.0640505237029534,1.0448037133485437,0.04239832785177433,0.970841546865741,-3.0753839349687784,-5.887833120781057
48,U,k96_0.1_decay24h,1,U,,,0.9994804622276782,0.04599002956986716,1.0579921131089252,1.0489868828988116,0.041047174414059154,0.9696486753660819,-3.0702280773770214,-5.865921559087447
49,U,k96_0.1_decay24h,1,U,,,1.0026826081667866,0.043164734972623575,1.068814897655433,1.0539379145647252,0.045728410047670004,0.9707204327188667,-3.0924845362453732,-5.8866309570153925
50,U,k96_0.1_decay24h,1,U,,,1.0049564592371762,0.046825569276577265,1.0689843916225235,1.064997500915809,0.044321443844184835,0.9703011439085807,-3.1035768985466143,-5.8937090215332155
51,U,k96_0.1_decay24h,1,U,,,1.0101821001941118,0.04422582617915249,1.0698437180026705,1.0677083165575612,0.04411153314006008,0.9702384656361538,-3.104553431948184,-5.909123757301511
52,U,k96_0.1_decay24h,1,U,,,1.0042374567829722,0.04774790937012619,1.0614957293349683,1.0621275602155829,0.04635486091868216,0.9695253197730023,-3.116740940379773,-5.918644140526869
53,U,k96_0.1_decay24h,1,U,,,1.005513207807418,0.04155375297560136,1.0636789170122236,1.0631969665951777,0.04561908242092648,0.9699842124826467,-3.139984930826884,-5.907968459898998
54,U,k96_0.1_decay24h,1,U,,,1.0073584156078186,0.04558861416204666,1.0589563849961792,1.0626417622123687,0.042654024770113076,0.9692275128373895,-3.183499745942861,-5.903088657816363
55,U,k96_0.1_decay24h,1,U,,,1.0000910101827538,0.042440099207232386,1.0624857255463371,1.0535718451623435,0.038565442072609514,0.9701440704664538,-3.1719400312885426,-5.918150383501925
56,U,k96_0.1_decay24h,1,U,,,1.002135280817804,0.04222306862523997,1.0619761177482925,1.0607609502535416,0.039890763833794286,0.9701484037226906,-3.1960439908004425,-5.912147793253778
57,U,k96_0.1_decay24h,1,U,,,1.0046197522966687,0.04618390910975326,1.0598587124516563,1.051457407517553,0.0431516605589105,0.9695930591070608,-3.1650897209377997,-5.8927037402071045
58,U,k96_0.1_decay24h,1,U,,,1.008720130243105,0.04315064803454784,1.059418090536786,1.0674456172436362,0.04466225331924654,0.9694349530102306,-3.168048048413964,-5.900636968143025
59,U,k96_0.1_decay24h,1,U,,,1.0095003437104555,0.04564606626794536,1.0565615437933018,1.053656310065791,0.04085620485910427,0.9688250195288959,-3.1681987327852297,-5.882498922137521
60,U,k96_0.1_decay24h,1,U,,,1.011490430765573,0.0455895539898627,1.0584012793989552,1.0600580097753667,0.04221177477053544,0.9688908769245885,-3.1691633992234443,-5.896638405101061
1,I,k96_0.1_decay24h,2,I,1.001819179488993,0.5433333333333333,1.004586126680216,0.03520223173999747,0.9988802936086476,0.9996410868926617,0.030220481884371334,0.9637235413448265,-3.101310274939734,-5.700730514833875
2,I,k96_0.1_decay24h,2,I,1.0010978407182507,0.47333333333333333,1.0031739029761721,0.03713945851853655,1.0077457788068003,0.9962038197459749,0.026328195093186037,0.9647740515579137,-3.089991434600219,-5.657746195785633
3,I,k96_0.1_decay24h,2,I,1.0045335175275334,0.46,1.0102847185640018,0.036004887383351836,1.013129721129086,0.9992067044201015,0.023954235618975615,0.9647035857767764,-3.091728573746831,-5.654235967358388
4,I,k96_0.1_decay24h,2,I,1.003143795860482,0.51,1.0073633089558527,0.0354996220118236,1.0105572735587574,0.9963267752220599,0.02120335713471332,0.9649080369184152,-3.108979979035887,-5.621936960310576
5,I,k96_0.1_decay24h,2,I,1.001980758341816,0.5266666666666666,1.0048805247124502,0.0341905611872416,1.0061806537864568,0.9942978181948012,0.02108957751568717,0.9643877227479262,-3.114697374335755,-5.639643713852052
6,I,k96_0.1_decay24h,2,I,1.002590778708612,0.5033333333333333,1.0060663476731995,0.03222540167058005,0.9971810226785934,0.9954207703211383,0.023290646819699046,0.9629040935014128,-3.1281562048572225,-5.609090124007017
7,I,k96_0.1_decay24h,2,I,1.0055146631725407,0.5466666666666666,1.0122640939296226,0.034454523432125676,0.9927054796001852,0.9970988987013444,0.019566579302654253,0.9621978743197511,-3.1614055372536316,-5.629639443655582
8,I,k96_0.1_decay24h,2,I,1.0082909256833479,0.5166666666666667,1.0181008749144398,0.03502064211234602,0.9996949993906299,0.9960633374088669,0.0203458462033122,0.9625313049191103,-3.14945651759074,-5.635699258836612
9,I,k96_0.1_decay24h,2,I,1.0069457323929496,0.5066666666666667,1.0152573134197995,0.03435835702463129,0.9976056769776066,0.9932570132928814,0.01962540991912451,0.9626886715236865,-3.1579295046791036,-5.643589044947023
10,I,k96_0.1_decay24h,2,I,1.0072750116105982,0.49,1.0159767138059037,0.03508304680884421,1.000768357360942,0.9991627733608736,0.02040292494179094,0.9629614310676042,-3.1487858053910327,-5.639667588633426
11,I,k96_0.1_decay24h,2,I,1.0046469297805407,0.5166666666666667,1.01041589178541,0.03365499247112834,0.9924945040173437,0.9937896012456643,0.02167652875584866,0.9626246000370486,-3.215527579332327,-5.638791355801126
12,I,k96_0.1_decay24h,2,I,1.004643301567956,0.5133333333333333,1.0104614831023664,0.034962962335160185,0.9905915565031834,1.000966695377999,0.020655549938751034,0.9621481055320468,-3.211204916967046,-5.650069029472163
13,I,k96_0.1_decay24h,2,I,1.0048544332764822,0.5166666666666667,1.010813478699782,0.03288813747298251,0.9971001845975956,0.9991742240080835,0.017237947113183445,0.963243591093108,-3.1893990694226737,-5.659385140152106
14,I,k96_0.1_decay24h,2,I,1.0047209759158207,0.5033333333333333,1.0105141417201637,0.032374219348904484,0.9995127733159912,0.9932984023717091,0.019000216284553475,0.9635841027976585,-3.1767435601577168,-5.610937279929243
15,I,k96_0.1_decay24h,2,I,1.0061747834611021,0.5366666666666666,1.013629325734847,0.03404168365242216,1.0127731212158322,0.9951710925740561,0.01872367868986442,0.9647478828451749,-3.2042883240188074,-5.586844094853851
16,I,k96_0.1_decay24h,2,I,1.0020965670870912,0.47333333333333333,1.0051652295696714,0.0353396896613688,1.0030710765521704,0.9979190391022191,0.015143471266235798,0.9641944091593947,-3.251862878008693,-5.595915759781165
17,I,k96_0.1_decay24h,2,I,1.004023073908476,0.52,1.0090314409359438,0.03176705061202342,1.0004024812191992,1.0012440747859568,0.017740318621855655,0.9637982215161022,-3.2671889395700773,-5.563169663718221
18,I,k96_0.1_decay24h,2,I,1.0026263252758238,0.5,1.0060226456337826,0.029287524308557446,1.0075558672858598,1.003986517730905,0.016996361355105818,0.9647940793531937,-3.283019262453572,-5.578653166249228
19,I,k96_0.1_decay24h,2,I,1.0019169957150873,0.47,1.004511669957016,0.02828508375013217,1.0164221234879842,1.0064446379938166,0.016851352203718386,0.9658296659437622,-3.280740297325517,-5.577724301262983
20,I,k96_0.1_decay24h,2,I,1.0025021333375848,0.4766666666666667,1.0058578062279153,0.0315686888562341,1.010750590395113,1.009000426128459,0.016909987508625667,0.9651718658676642,-3.3004826467038466,-5.564240244131095
21,I,k96_0.1_decay24h,2,I,1.003852772695691,0.4766666666666667,1.0087954979551406,0.03436268864444308,1.0177148532417222,1.00562936664859,0.0188127662450023,0.9658821157577419,-3.327159199238047,-5.6034392864101354
22,I,k96_0.1_decay24h,2,I,1.0060540356629861,0.51,1.0133513770808578,0.03331556833902246,1.0150649266337173,1.0117317306946443,0.016660643622307368,0.9653933285019476,-3.297895068668864,-5.572087666870105
23,I,k96_0.1_decay24h,2,I,1.008058737091199,0.5633333333333334,1.0175749580429385,0.03391067751689496,1.0391915190215424,1.0159540628520918,0.01757103878833849,0.9675474652939093,-3.2758438056104184,-5.6220813506493
24,I,k96_0.1_decay24h,2,I,1.0081231484308448,0.48333333333333334,1.0176253676124682,0.03200280421017671,1.0298133013175252,1.0158277461433127,0.016503337986830024,0.9667788375001372,-3.3065917012591983,-5.597360531761603
25,I,k96_0.1_decay24h,2,I,1.007148984803067,0.49,1.0155599419865646,0.03138752894013721,1.037256173379635,1.0174895716837298,0.020698189773569662,0.967547639190035,-3.3184757668106366,-5.618553996008791
26,I,k96_0.1_decay24h,2,I,1.006148032633405,0.5033333333333333,1.013379976690328,0.029271064903120408,1.0421896385378198,1.0167884994408631,0.01689928559391347,0.9684026909044894,-3.3130353497790668,-5.6242689293296655
27,I,k96_0.1_decay24h,2,I,1.0083826132063336,0.4866666666666667,1.0180716597380635,0.02955941631061627,1.0486471351437816,1.0130263781852178,0.017225735644867412,0.9685128352211044,-3.3201213305591404,-5.64426839515853
28,I,k96_0.1_decay24h,2,I,1.0113062738797698,0.48333333333333334,1.0241928778233842,0.02892461824863309,1.0435857159771191,1.0172743046697112,0.015195079030193858,0.9678237612254611,-3.354283915428139,-5.642061989603051
29,I,k96_0.1_decay24h,2,I,1.0098763182539758,0.52,1.0211006895243107,0.02650456890288667,1.0383972896082851,1.0126313995952785,0.015830658011791395,0.9674693689719296,-3.3347756911913846,-5.614534082208513
30,I,k96_0.1_decay24h,2,I,1.0123466688350193,0.55,1.026385298512673,0.02900135260172703,1.0372882688177694,1.0151519121597643,0.014963804934209728,0.9669489236958081,-3.377293639739066,-5.685489502349609
31,I,k96_0.1_decay24h,2,I,1.0130288949762756,0.48333333333333334,1.0278607261608277,0.029961238487728203,1.0425887422314075,1.0141696375857199,0.016694896999992864,0.967531182971735,-3.383572852593344,-5.692159083326174
32,I,k96_0.1_decay24h,2,I,1.0145100354485794,0.46,1.0309159409486577,0.02807686771125807,1.0320272988662609,1.0195756517029955,0.014155613419314794,0.9659249583967384,-3.3348550917810824,-5.689142434341417
33,I,k96_0.1_decay24h,2,I,1.0169917661157426,0.5233333333333333,1.036230497007172,0.029900548258532403,1.0319639142863277,1.0212764459908774,0.014292827607237171,0.9655502447993156,-3.3630186545399323,-5.696536807618701
34,I,k96_0.1_decay24h,2,I,1.0186975516754415,0.45666666666666667,1.0400074890680633,0.034058369678805774,1.03366960767504,1.0200445527570339,0.01366557925351634,0.9655820756059464,-3.390047017034126,-5.689136764578052
35,I,k96_0.1_decay24h,2,I,1.019452222251045,0.46,1.0415817934351543,0.03346959303314996,1.0370089495198862,1.0186862951832738,0.012036201219419717,0.9660571998035236,-3.3843595439691696,-5.76742342227806
36,I,k96_0.1_decay24h,2,I,1.0199854549706184,0.5,1.0427112336241688,0.03332769564778888,1.0481341130744053,1.0177828652128957,0.013800689500644408,0.9670580077573935,-3.428344755165394,-5.737693141098479
37,I,k96_0.1_decay24h,2,I,1.0229137958347805,0.5066666666666667,1.049038646422963,0.03562581176540929,1.0415111931165177,1.01907880398537,0.014232712797046458,0.9661591399757647,-3.4290330476610507,-5.757607655322037
38,I,k96_0.1_decay24h,2,I,1.0254543411259527,0.52,1.0545152355586989,0.036865104037457096,1.047125674158635,1.0224824971099453,0.010533969648930152,0.9660771657172537,-3.4085491095356923,-5.788102735945545
39,I,k96_0.1_decay24h,2,I,1.027843398925848,0.5166666666666667,1.0597803797620133,0.04011143867546161,1.033821558653237,1.0153223922512857,0.014253195381867619,0.9643608870250303,-3.463139152033947,-5.81175973042687
40,I,k96_0.1_decay24h,2,I,1.0291947455971597,0.5166666666666667,1.0627391481148432,0.04137217145007239,1.0415772374252863,1.0181915206266738,0.012783989480603183,0.9647805497838509,-3.4258770443693067,-5.821108372061033
41,I,k96_0.1_decay24h,2,I,1.033155108555871,0.48333333333333334,1.071339497901017,0.04339850881562048,1.0535598387420952,1.019780629577899,0.015349317028609262,0.9657247532178406,-3.4074185685429037,-5.81853445591015
42,I,k96_0.1_decay24h,2,I,1.036545427867148,0.5433333333333333,1.078779032304747,0.04587747184188378,1.0599996111729357,1.0209198483719573,0.014156022240796916,0.9662943978404154,-3.387583507315054,-5.824121395458168
43,I,k96_0.1_decay24h,2,I,1.036215602039144,0.49666666666666665,1.0780414348090925,0.045340120882536326,1.0537573516845828,1.0218635473609918,0.014653383023365104,0.9652580542404479,-3.3829592286536045,-5.848961977015503
44,I,k96_0.1_decay24h,2,I,1.0351629178654829,0.45666666666666667,1.075866906229262,0.04700997975271442,1.0556495561236723,1.0207074872921262,0.01475962129659814,0.9657225122753523,-3.4122239047382497,-5.902054122237525
45,I,k96_0.1_decay24h,2,I,1.0337060858481613,0.5166666666666667,1.0726361094553576,0.04535806667150721,1.0623896906313777,1.0215888307744099,0.01670980479904416,0.9663415689769543,-3.392875485551613,-5.919138707804748
46,I,k96_0.1_decay24h,2,I,1.0348378431443508,0.4866666666666667,1.074918104626978,0.04238538576971155,1.057001719375674,1.0215827344875037,0.015383403370636603,0.9659056804951357,-3.367765912406783,-5.880089946584599
47,I,k96_0.1_decay24h,2,I,1.0356631284476603,0.4533333333333333,1.076783505503013,0.04409303628415291,1.04447066321464,1.0231340883773348,0.01313121368946183,0.9645098143950626,-3.4106387950756,-5.855078531634627
48,I,k96_0.1_decay24h,2,I,1.0362677184300386,0.5333333333333333,1.0778882220173764,0.04016721819129192,1.0414923868767005,1.0237648154090593,0.013234366249329943,0.9638139370520045,-3.3477697687647723,-5.841285898398568
49,I,k96_0.1_decay24h,2,I,1.0358593154105802,0.5266666666666666,1.077176371043085,0.043508619782600545,1.0465453609432915,1.026464657842977,0.012348128738963696,0.9643751478615813,-3.414229212199399,-5.889761477766572
50,I,k96_0.1_decay24h,2,I,1.0371862663906457,0.52,1.0800786579890742,0.04408039389151461,1.039157645889013,1.0253788737957696,0.013063970314282984,0.9634586244294887,-3.402135207101354,-5.851271557987084
51,I,k96_0.1_decay24h,2,I,1.0406068499477104,0.43333333333333335,1.087402178138485,0.042513447179127924,1.042901449565657,1.0246630668936647,0.014926506545848001,0.9630409242832275,-3.425045254130129,-5.815436517477839
52,I,k96_0.1_decay24h,2,I,1.0433780808996085,0.49333333333333335,1.09341417251627,0.042333248712797034,1.0409907174652506,1.02528653546509,0.015530658914810013,0.9628929913121255,-3.446281498319407,-5.785505636979127
53,I,k96_0.1_decay24h,2,I,1.0421067253752683,0.4666666666666667,1.090950054110058,0.04794921526378834,1.039405486363621,1.0295047524816916,0.01891442020498725,0.9626614807114706,-3.402525972193241,-5.766730534105489
54,I,k96_0.1_decay24h,2,I,1.041705690917381,0.5066666666666667,1.0899284737838957,0.04528742453233965,1.0390929829061013,1.0289507256324464,0.017417402669518533,0.9627178661126783,-3.433316746662073,-5.766629708417921
55,I,k96_0.1_decay24h,2,I,1.0449310011774342,0.51,1.096826697914399,0.042996789456038166,1.0447320097800374,1.0296255204336078,0.02100522705043935,0.963253589392829,-3.4325197486580463,-5.755810173762422
56,I,k96_0.1_decay24h,2,I,1.0510429059557083,0.48333333333333334,1.1101245894242386,0.04165876806933521,1.0490938672344103,1.031097302352997,0.022249849218376194,0.9624478053687953,-3.43149820962423,-5.752087729884468
57,I,k96_0.1_decay24h,2,I,1.053235764426847,0.46,1.1148180217072774,0.03907958665295222,1.0474135934913498,1.0265267944383365,0.019754353352153833,0.9621177560162483,-3.4163892562632743,-5.754405053407887
58,I,k96_0.1_decay24h,2,I,1.0515434907697383,0.4766666666666667,1.1112575688253283,0.042334232525384714,1.0481460628649608,1.0360241812795714,0.023685744105526263,0.9623366351407909,-3.4383942673716357,-5.763366220758803
59,I,k96_0.1_decay24h,2,I,1.051659608002626,0.5166666666666667,1.1116065059562663,0.0443239523396699,1.0558461075377488,1.034789033599631,0.022677051211682925,0.9632229207085785,-3.4747511381946743,-5.775046880894598
60,I,k96_0.1_decay24h,2,I,1.0551317713772297,0.53,1.1190981449588542,0.041469732456944096,1.0399863208216846,1.031399733994485,0.020431903449520245,0.960888344742988,-3.4519096449244793,-5.724822086878001
1,U,k96_0.1_decay24h,2,U,,,1.0015775749953837,0.03310697502496771,0.9949955872193008,1.0013188289984696,0.03146977527388156,0.9636483540868638,-3.1123887498144427,-5.68238614916032
2,U,k96_0.1_decay24h,2,U,,,1.003108847966198,0.03387832027267893,1.0024237988139058,1.0079146821145326,0.028906165307279994,0.9643003963375655,-3.121107238716003,-5.710158831226851
3,U,k96_0.1_decay24h,2,U,,,1.003239773269476,0.03947884434777174,1.0069730912031423,1.0084898259172292,0.027772767267220125,0.9646507522511636,-3.0776228336323266,-5.708141844185455
4,U,k96_0.1_decay24h,2,U,,,0.998842036519299,0.03783431238536049,1.0101207350298644,1.0116070750913504,0.024608741482720332,0.9652801964259212,-3.1075533449647197,-5.717169423667605
5,U,k96_0.1_decay24h,2,U,,,0.9996953819541124,0.03636310383499444,1.0084830159377722,1.0080633185339494,0.027951031794700463,0.9650081766508504,-3.1163903172732823,-5.732956479847487
6,U,k96_0.1_decay24h,2,U,,,0.9987207088211338,0.03773302994380743,1.0125413115522186,1.009720122367038,0.02362093995512629,0.9657656860331444,-3.118125152794949,-5.709281316182461
7,U,k96_0.1_decay24h,2,U,,,1.003950163047152,0.03838530524940469,1.0076448941566651,1.0083626071723775,0.02363886834966932,0.9645007196388591,-3.1264653954266124,-5.743453096316189
8,U,k96_0.1_decay24h,2,U,,,1.0029399029155204,0.03761229555270869,1.004690708666001,1.0039028378910295,0.026779994436784086,0.9643866024125941,-3.1413884760872937,-5.698342574668884
9,U,k96_0.1_decay24h,2,U,,,1.001352263233516,0.03726045622287333,1.0103203017753564,1.0020837594117051,0.023594770944184416,0.9650355186201269,-3.19364249693142,-5.755134624100168
10,U,k96_0.1_decay24h,2,U,,,0.9967070506502574,0.039791263294159974,1.0082997191407685,0.9996663324945647,0.024686700324034,0.965063901109361,-3.20255734330546,-5.724321441615293
11,U,k96_0.1_decay24h,2,U,,,0.996121963830047,0.039457598550158665,1.0152405487811638,1.0020897740144392,0.0253124144961858,0.9659071754952826,-3.1890945343563737,-5.68390908719052
12,U,k96_0.1_decay24h,2,U,,,0.9951238410996823,0.038814027481749794,0.9970702248527058,0.9975871184859086,0.021309494519495282,0.9641933802704303,-3.1844067103343248,-5.711926316763388
13,U,k96_0.1_decay24h,2,U,,,0.9963599213376102,0.03755343035037988,0.9985474310417612,0.9992706585716427,0.028767480767403944,0.9637431607476173,-3.1699920226338647,-5.7149503119223315
14,U,k96_0.1_decay24h,2,U,,,0.9935703608068768,0.03635859110055035,0.9899983013547933,0.9981306773477072,0.022052311792534987,0.9632624207363523,-3.2198752653695464,-5.726186050135992
15,U,k96_0.1_decay24h,2,U,,,0.9885924822974241,0.03847057135078061,0.9968977868369481,1.0027537513030904,0.02215836737674307,0.9645115894315207,-3.221902581026374,-5.708715057451603
16,U,k96_0.1_decay24h,2,U,,,0.9827144638053535,0.03356038280180064,0.9966053158901907,1.0057828811892864,0.023293893357779916,0.9648242304065472,-3.1496128273664237,-5.789691550997454
17,U,k96_0.1_decay24h,2,U,,,0.9793668928737549,0.030390128713788666,0.9947135218009748,1.0067400776497413,0.022339196730927453,0.9647084751305673,-3.161110333941518,-5.793907642841509
18,U,k96_0.1_decay24h,2,U,,,0.9779825543681969,0.03080798421289756,0.9935595097632673,1.0046815683985457,0.022528576733612745,0.9647597655177517,-3.1610513698908993,-5.8042608738112
19,U,k96_0.1_decay24h,2,U,,,0.977863900781162,0.028405233729880415,0.9957176352532057,1.0049464644316266,0.028048345366865905,0.9648914203487281,-3.1167600806686795,-5.7719653017642685
20,U,k96_0.1_decay24h,2,U,,,0.9793310444523577,0.028637111231716986,0.9961897371077839,1.0067124496518416,0.026478826330202397,0.965184654864903,-3.1059966015041147,-5.749686839867033
21,U,k96_0.1_decay24h,2,U,,,0.9789587078146305,0.027217095584941592,1.0067985001240003,1.0029916888159296,0.02070726231557618,0.966278690280955,-3.101580981589714,-5.735368448485478
22,U,k96_0.1_decay24h,2,U,,,0.98212296370355,0.025680128226083173,0.9985167925852492,1.0141662992027023,0.031706033576692584,0.965285273359383,-3.0468523920648507,-5.663964860313529
23,U,k96_0.1_decay24h,2,U,,,0.985400655481159,0.02551870788848541,1.0048418260874012,1.01354238014236,0.026794986949246577,0.9656555128486487,-3.0622378175021625,-5.694055672878807
24,U,k96_0.1_decay24h,2,U,,,0.9865295194029526,0.025637310932838338,1.0061269428465296,1.0137240383512829,0.02592426635335468,0.965699850071174,-3.085591766575901,-5.707646155264422
25,U,k96_0.1_decay24h,2,U,,,0.985155144783942,0.0247640957948213,1.0088900531120204,1.016454931582335,0.030667827563544716,0.9663263846989723,-3.0721114228722044,-5.718498403351201
26,U,k96_0.1_decay24h,2,U,,,0.9839385842284514,0.024431828776319473,1.0121150417420113,1.0147292894285256,0.024936146860969885,0.9667507015620415,-3.075250125971482,-5.690785996916024
27,U,k96_0.1_decay24h,2,U,,,0.9841151502075396,0.023718169517543616,1.0195963265763082,1.0181610378191932,0.03294433551282869,0.9674245508939695,-3.073607787442622,-5.6692404510265355
28,U,k96_0.1_decay24h,2,U,,,0.9818907754188816,0.024239948402697192,1.0074712300778175,1.0121677426565896,0.03083742777376187,0.9664596272804822,-3.1585503477725445,-5.672966944267692
29,U,k96_0.1_decay24h,2,U,,,0.9845815099729032,0.025149574059127485,1.0035206630478384,1.0142293169068852,0.027168582891658202,0.9658325669314705,-3.1564660465695096,-5.687945091594438
30,U,k96_0.1_decay24h,2,U,,,0.9861665909030591,0.024135884530930397,1.0043735742541684,1.0114995367338595,0.03217086402634872,0.9657562524320917,-3.1408922243086486,-5.701025698611547
31,U,k96_0.1_decay24h,2,U,,,0.9821280322565512,0.02406751512960945,0.9999859943218977,1.0153906111636988,0.031095723115032944,0.9656920425823152,-3.1059039793893057,-5.71345674631032
32,U,k96_0.1_decay24h,2,U,,,0.9778449617025378,0.02575492559579601,1.0096499992011578,1.0239160890067933,0.034602745990815885,0.9669417157296486,-3.0927795126440416,-5.758171704881467
33,U,k96_0.1_decay24h,2,U,,,0.9810315810968666,0.026600902856472264,1.0027260084000078,1.017190260650202,0.0331923541068219,0.9659707380746728,-3.100724743155679,-5.757355400165021
34,U,k96_0.1_decay24h,2,U,,,0.9794539684747174,0.028588568026483217,1.012443743575955,1.0229697041908496,0.031719034872583235,0.9669250871048067,-3.061380808277535,-5.762576221651008
35,U,k96_0.1_decay24h,2,U,,,0.9775591439969736,0.024501710694079738,1.022501508430461,1.0217574552141244,0.031144604768440855,0.9681512251992933,-3.02691868048323,-5.785911505656897
36,U,k96_0.1_decay24h,2,U,,,0.9789501028593016,0.024639153493687387,1.0314246257368052,1.0134725634960076,0.02767479187946575,0.9690553601077931,-3.0462355783047963,-5.809768244986331
37,U,k96_0.1_decay24h,2,U,,,0.9782601427860869,0.02666508528487979,1.032832738025988,1.0182668199355058,0.028554397410295702,0.9691551801117732,-3.1162101680852037,-5.853276447106677
38,U,k96_0.1_decay24h,2,U,,,0.9775983260439034,0.025308195626127725,1.0387976729125792,1.017151709905775,0.02826360562725637,0.9696923830793408,-3.093003285413027,-5.882113803332615
39,U,k96_0.1_decay24h,2,U,,,0.9745128915937334,0.02508252136457408,1.038923773544109,1.0132215917159022,0.028634457013548796,0.9700516104106562,-3.101838705989157,-5.891850240470848
40,U,k96_0.1_decay24h,2,U,,,0.9746004974388105,0.02307472290146406,1.0472209890648851,1.0213153943346853,0.03179604356087476,0.9710418999242919,-3.1077026886144616,-5.881185317725915
41,U,k96_0.1_decay24h,2,U,,,0.9727758727005948,0.022048300863234047,1.0494891021083654,1.0141145368047861,0.026038867617552773,0.9712877753173582,-3.0713527129230798,-5.9065975366128995
42,U,k96_0.1_decay24h,2,U,,,0.9746526874619,0.023406508942897322,1.0515234518040253,1.026570199708501,0.03586596647716946,0.971313361703338,-3.097262676145449,-5.925184583733848
43,U,k96_0.1_decay24h,2,U,,,0.9764621872605922,0.02433171187933935,1.049401822118967,1.0233719027309678,0.026752296280571883,0.9710642199824546,-3.1444762802872623,-5.90813650305297
44,U,k96_0.1_decay24h,2,U,,,0.976992168967731,0.02419244242704892,1.0520055013457383,1.0255415911288321,0.029691587103138496,0.9711787684833666,-3.118291827139714,-5.925922551230103
45,U,k96_0.1_decay24h,2,U,,,0.9767892504419486,0.024221516389475506,1.0441772176203163,1.0250560684599561,0.02984509724923899,0.9705266223394668,-3.101911454458644,-5.923767755742581
46,U,k96_0.1_decay24h,2,U,,,0.9774002168105104,0.02638971831898259,1.0540869684087677,1.0259504794179544,0.029623452475484917,0.9714179779072083,-3.0485977693044193,-5.957537338356884
47,U,k96_0.1_decay24h,2,U,,,0.978441471663627,0.0252423543290341,1.0440859678108798,1.023556708482335,0.030653094354154174,0.9703619366251967,-3.076340897561211,-5.9375317282299935
48,U,k96_0.1_decay24h,2,U,,,0.9818995355660812,0.022952513839960668,1.041729600619932,1.0270269384336599,0.02945367115139881,0.9699616606400764,-3.0731946177673755,-5.945640880762778
49,U,k96_0.1_decay24h,2,U,,,0.9820132879651858,0.02251140483737373,1.0452730690904082,1.0294896207106785,0.029874686754647464,0.970289984634419,-3.0311646754943893,-5.938069235859804
50,U,k96_0.1_decay24h,2,U,,,0.9835508803136043,0.02280714902725613,1.0373239227279496,1.0294865536750228,0.02987556413130353,0.96936172520292,-3.087332167771098,-5.91941697213518
51,U,k96_0.1_decay24h,2,U,,,0.9813222101516866,0.023009386963063053,1.0355487772065215,1.0262473423425327,0.028669752170076324,0.9693910251894211,-3.0696964020366893,-5.90403636206243
52,U,k96_0.1_decay24h,2,U,,,0.9827918324595282,0.023924539170965136,1.0329989582125412,1.0324987268516077,0.030668536193067433,0.9690217714088484,-3.1117174151417832,-5.89700646206828
53,U,k96_0.1_decay24h,2,U,,,0.9822246762898896,0.024048186874923008,1.0406221681148622,1.0291786626003514,0.027421126687433232,0.9699838855865137,-3.1245080613454723,-5.889527461092348
54,U,k96_0.1_decay24h,2,U,,,0.9795911156843059,0.02548968439344056,1.0384921801537033,1.0234925560404098,0.02470794003365964,0.9697731550254506,-3.1239915844277237,-5.90312947155827
55,U,k96_0.1_decay24h,2,U,,,0.9796532781701505,0.02393560679669703,1.042266001454008,1.0290343028484972,0.026348676707901576,0.9700833735748781,-3.1178657235435527,-5.918664354905456
56,U,k96_0.1_decay24h,2,U,,,0.9752926592694433,0.025337722494884928,1.0512498898885119,1.0274689469002767,0.02462597404423168,0.9711352410537339,-3.1205629993071824,-5.9039204282915945
57,U,k96_0.1_decay24h,2,U,,,0.9738435638550309,0.02342218274509122,1.0523257625066667,1.0224937856192848,0.021331357400973153,0.9716001564004849,-3.1223794685447164,-5.90684655292172
58,U,k96_0.1_decay24h,2,U,,,0.975437220047395,0.02243582438639379,1.0461119702869264,1.0267760973992501,0.027405970994572867,0.9707435310261641,-3.090325742868531,-5.897427464330522
59,U,k96_0.1_decay24h,2,U,,,0.9782285286896839,0.02401129627357979,1.0520635645968945,1.0306506661630226,0.0234607903825499,0.9712454417164131,-3.105303197646518,-5.88485061133247
60,U,k96_0.1_decay24h,2,U,,,0.9747187022259001,0.024439265208469015,1.0540582091904678,1.0260259470470954,0.0265022983504803,0.9716099446019923,-3.0917548533750034,-5.891136185484104
1,I,k96_0.1_decay24h,3,I,0.9986391482569247,0.44333333333333336,0.9978661339873127,0.03265654114154327,0.9982121256000225,1.0001126729665997,0.029757219768358375,0.9640493689537685,-3.1057055733507157,-5.675408077992108
2,I,k96_0.1_decay24h,3,I,0.9998078094151212,0.5166666666666667,1.0004421337445684,0.03605310348545577,0.9992749615820431,1.004477550206549,0.034727189312382827,0.9639335447699963,-3.090984097280271,-5.716976742940477
3,I,k96_0.1_decay24h,3,I,1.000971667017662,0.48,1.0029550120195931,0.038168262189254114,0.9904496541218892,1.0087678561252014,0.036149660403721265,0.9625307568839192,-3.092630118775256,-5.736355327851131
4,I,k96_0.1_decay24h,3,I,1.0001769519168517,0.5033333333333333,1.0011727286261822,0.0353531266721051,1.0020773820561062,1.004231414906949,0.03222414721257714,0.9641250483924702,-3.07175345038665,-5.784493786995696
5,I,k96_0.1_decay24h,3,I,0.9993338641652822,0.4266666666666667,0.9992596486044969,0.031569613336207926,0.9945910809871854,1.0082349339760845,0.0359586261069512,0.9634883180325096,-3.0647156315883226,-5.75559188907211
6,I,k96_0.1_decay24h,3,I,0.9999893792054465,0.4633333333333333,1.0006546865680321,0.032376650217674365,0.9923848776622833,1.0035924077399592,0.034746170614246355,0.9630919553605687,-3.0933322311795437,-5.763375479349435
7,I,k96_0.1_decay24h,3,I,0.9974429625611062,0.53,0.9953135732768108,0.03100136783218567,1.0017333277519271,1.0093381861570034,0.03489079880496692,0.964732109220677,-3.114351114590279,-5.757048312740722
8,I,k96_0.1_decay24h,3,I,0.9986923946115627,0.4533333333333333,0.9979428124656713,0.03197052266657475,0.9991491582825127,1.0012208173690196,0.038513096515090196,0.9641657100987938,-3.163377225396959,-5.7567550918525425
9,I,k96_0.1_decay24h,3,I,0.9985457829813315,0.5366666666666666,0.9976357048884416,0.03183177406076173,0.998304631833582,1.0149432234115454,0.03361115371255742,0.9641614586797486,-3.1446865336200296,-5.731389384509514
10,I,k96_0.1_decay24h,3,I,0.9970490645127773,0.48,0.9945277071353205,0.03180823178616263,0.9906377102537958,1.0193067732701158,0.028623750550782447,0.9634556968345063,-3.1243717215117774,-5.725455856623964
11,I,k96_0.1_decay24h,3,I,0.9989415459658461,0.46,0.9985843428240203,0.03495131435585543,1.0000693683697102,1.0211366423208468,0.026924067170548852,0.9640222762032552,-3.130072563570376,-5.7221517571679135
12,I,k96_0.1_decay24h,3,I,0.9989663776019504,0.4866666666666667,0.9985832906561559,0.03358057822471083,0.9965602728156595,1.020885821140112,0.027278690983820686,0.9640305777544567,-3.089116927303145,-5.727353721437347
13,I,k96_0.1_decay24h,3,I,1.0017329490756504,0.5166666666666667,1.0044462865504433,0.036036704471602,0.9961621251595494,1.0287166659602998,0.030929464695715097,0.9635430253648921,-3.0969136091591305,-5.754945820933185
14,I,k96_0.1_decay24h,3,I,1.0002645052486212,0.53,1.0012620363084064,0.03316483366614183,0.9822108817141416,1.0281005229081983,0.021644041251981296,0.9624358176693784,-3.132701587720513,-5.768211621563687
15,I,k96_0.1_decay24h,3,I,1.001128350099995,0.43333333333333335,1.0032584046598003,0.03752326071793025,0.9885591484833174,1.030228409219342,0.026445194347116886,0.9627631261303621,-3.191130808679137,-5.830840748856548
16,I,k96_0.1_decay24h,3,I,1.0032217901678324,0.5,1.0074961131773497,0.034791058113233034,0.9854739761359851,1.0339765652462802,0.02835958585294494,0.9618571760460926,-3.2347000012574525,-5.830305195173519
17,I,k96_0.1_decay24h,3,I,1.0041390784339395,0.5,1.0094623440891048,0.03606217217491797,0.9842091523506379,1.0285986602878272,0.0287605806485168,0.9619344124691994,-3.198727272808495,-5.806727671691535
18,I,k96_0.1_decay24h,3,I,1.0036729336429824,0.5033333333333333,1.0085965391270904,0.038397863346355886,0.9937268435174669,1.0330184129799,0.03295569175961677,0.9626801491712846,-3.1425525926705236,-5.820689604992365
19,I,k96_0.1_decay24h,3,I,1.0018402163574531,0.5166666666666667,1.0046035674571783,0.03463613417955339,0.9946344721387365,1.024947721171075,0.027408761896703774,0.963433985503072,-3.141697586094176,-5.8459916439488655
20,I,k96_0.1_decay24h,3,I,1.004210790325217,0.47333333333333333,1.0095314692497452,0.034242017309326724,0.9957846246393406,1.0275840806563667,0.026292296070512332,0.9631022463682556,-3.1396592791646922,-5.83045415165829
21,I,k96_0.1_decay24h,3,I,1.0051180850629182,0.5133333333333333,1.0115506929713705,0.03699583230335796,0.9970896824170031,1.0251253518093166,0.029019750985192126,0.9631732185667953,-3.2218926733388122,-5.837301696570786
22,I,k96_0.1_decay24h,3,I,1.002578727684546,0.49,1.0061454135120982,0.03465920422244864,0.9923715834587697,1.0313100671671134,0.025572361842320406,0.9628621497469163,-3.1859045111102215,-5.841158862533554
23,I,k96_0.1_decay24h,3,I,1.0030767264000608,0.5,1.0071718737226487,0.034444694584955,0.9990505206270901,1.03220185190799,0.024945929397592957,0.9642028610540685,-3.173950526723877,-5.876035038180873
24,I,k96_0.1_decay24h,3,I,0.9998589298904433,0.5233333333333333,1.0004899118520292,0.0347374944461378,1.0044651237091253,1.0333497068886133,0.021560916099037278,0.9647651315924929,-3.1579522074585444,-5.868876911413594
25,I,k96_0.1_decay24h,3,I,0.9988315612893334,0.48,0.9983690621495358,0.035170784695565234,0.9987631716331947,1.027478127644187,0.022990567517472235,0.9644007486406876,-3.152179638641455,-5.895883574287995
26,I,k96_0.1_decay24h,3,I,0.9998902864260691,0.5066666666666667,1.0005290831625353,0.03430098186054239,0.9894834165143649,1.0320010464417628,0.017290884305846837,0.9629500320178855,-3.158122666389783,-5.858133435014449
27,I,k96_0.1_decay24h,3,I,1.0001313791476718,0.5,1.0008959610018875,0.031003049240509395,0.9972350835052107,1.0312057546952194,0.025229554646391563,0.9640235503813597,-3.158670406055862,-5.81242719587184
28,I,k96_0.1_decay24h,3,I,0.9991169844638503,0.49666666666666665,0.9987080179565967,0.029018856874611396,0.997750473176903,1.030684032557516,0.024137561806421275,0.9642255969116433,-3.188147198968098,-5.77572676367962
29,I,k96_0.1_decay24h,3,I,0.9977350536271172,0.5466666666666666,0.9959755077262215,0.032524994999472694,1.0061602296610086,1.0292779007688353,0.0202066939492512,0.9655144954500179,-3.187490441101605,-5.7428983312028015
30,I,k96_0.1_decay24h,3,I,0.9967751247824476,0.5066666666666667,0.99410655871504,0.03536192010888079,1.0056151132597722,1.0242398393269267,0.017473235934060232,0.9651208950270355,-3.1768381899160447,-5.757691865977254
31,I,k96_0.1_decay24h,3,I,1.0009413431350065,0.5166666666666667,1.0027409623700219,0.034898985396568556,1.007100698928907,1.025302287734293,0.01745651404336416,0.9649956720375106,-3.205688372574089,-5.749777532188202
32,I,k96_0.1_decay24h,3,I,1.002649164456515,0.4766666666666667,1.0061807034726773,0.03213538019905952,1.00776355304691,1.023711270850373,0.014694900616695972,0.9649817379731715,-3.253963420007936,-5.772939431086846
33,I,k96_0.1_decay24h,3,I,1.002610902437336,0.5166666666666667,1.0060586645101577,0.031019446424703466,1.0049957612908866,1.024180405601834,0.018435215193920034,0.9645273204741761,-3.24955315940138,-5.756818018138061
34,I,k96_0.1_decay24h,3,I,1.0041846744917406,0.5266666666666666,1.0093015442747608,0.029917077751232854,1.0028818305658993,1.0232018645174774,0.016262759576399666,0.9641406524780022,-3.2515245113644284,-5.779210974616182
35,I,k96_0.1_decay24h,3,I,1.0026176301055878,0.49,1.0059988940811722,0.02914055375085057,1.0076699442814996,1.0241681196637447,0.012718417738243545,0.9649408824025981,-3.278977071306013,-5.804587280435378
36,I,k96_0.1_decay24h,3,I,1.0029530135359908,0.49666666666666665,1.0067525620111382,0.030474249760154243,1.0071724898244758,1.0244955321805902,0.014323775742210925,0.9650432059894255,-3.2796001253875615,-5.780843903519344
37,I,k96_0.1_decay24h,3,I,1.0049397235403423,0.5,1.011012833800508,0.03335036629946543,1.0100310708687967,1.02423382619134,0.012949258723163238,0.9645851990815534,-3.2748600803190926,-5.778078720200838
38,I,k96_0.1_decay24h,3,I,1.005071637560936,0.48,1.011255468284792,0.03255065840663951,1.01044268780575,1.0249854286091413,0.012290028726205526,0.9649332994383315,-3.2855820987818873,-5.767503544682413
39,I,k96_0.1_decay24h,3,I,1.003480167382682,0.48333333333333334,1.0078364501621164,0.030225281663854218,1.0112193983336488,1.0217168267747798,0.011812094501726747,0.9650626432645223,-3.3065200377351087,-5.801267040317354
40,I,k96_0.1_decay24h,3,I,1.0080693926405493,0.5366666666666666,1.017473533898523,0.03107065714021124,1.0096043167689155,1.0215518147307754,0.010692342382132933,0.9642467107455078,-3.329513590261078,-5.7954548768561125
41,I,k96_0.1_decay24h,3,I,1.002680188196785,0.5133333333333333,1.0063209877898385,0.03392519692796314,1.0094760203814126,1.0185021584677412,0.01238866142694061,0.9648486438560298,-3.3131508199312307,-5.772855958126858
42,I,k96_0.1_decay24h,3,I,1.0052126963713521,0.5033333333333333,1.0116123759774618,0.03402922753694024,1.0053576357827125,1.0176673910448089,0.010538345833229762,0.9641514875093087,-3.3928916940311473,-5.776428211431931
43,I,k96_0.1_decay24h,3,I,1.0061512806059165,0.5033333333333333,1.0136800266003685,0.03634927552004928,1.0075771201310058,1.0188117964104928,0.01243957162943255,0.9641380591665829,-3.3436510640231876,-5.780190767207905
44,I,k96_0.1_decay24h,3,I,1.0031370236432458,0.48,1.0072256447245016,0.03278277814047601,1.0048528685818545,1.0175099146226467,0.010763607344292858,0.9641151972603313,-3.360070542546728,-5.740804467210195
45,I,k96_0.1_decay24h,3,I,1.0058834885072423,0.5033333333333333,1.0130223370318463,0.03412406435066471,1.0095271801569519,1.0179679399590391,0.012445346219823074,0.9645167382783878,-3.3924397986254053,-5.748387727611561
46,I,k96_0.1_decay24h,3,I,1.005388063196389,0.49,1.0120019943186334,0.03457641582740739,1.0068848668131185,1.0194162414468688,0.011732651103893259,0.9639985035846412,-3.3928901753843657,-5.733067188456807
47,I,k96_0.1_decay24h,3,I,1.00635272241817,0.54,1.0139633918022632,0.03316352067446868,1.0112493266224343,1.0195886583432163,0.011821286344367155,0.9647694723797239,-3.3905896378342497,-5.741988488180405
48,I,k96_0.1_decay24h,3,I,1.0062908047956576,0.44666666666666666,1.0140264025755763,0.03752097914211085,1.011727001268372,1.0195729398963163,0.014145668653135355,0.9646198509370585,-3.416176704372909,-5.719266109102714
49,I,k96_0.1_decay24h,3,I,1.0083997940277836,0.5333333333333333,1.0182611108015283,0.03334176895605738,1.0151469589748012,1.016785533904635,0.015651339767150926,0.9648304372459646,-3.461306145649942,-5.740052158150863
50,I,k96_0.1_decay24h,3,I,1.0115856092343138,0.46,1.025146515493006,0.03763327771580964,1.0160535995126936,1.0168647053261692,0.01443743586003512,0.9642751228410407,-3.489326544388457,-5.719296577909777
51,I,k96_0.1_decay24h,3,I,1.012458801857769,0.5466666666666666,1.0270081192304943,0.03806860764915916,1.0193022033579162,1.0197615464935301,0.013583752744150685,0.9643791117738162,-3.4736971926873603,-5.7435349766113974
52,I,k96_0.1_decay24h,3,I,1.0145320168798453,0.5233333333333333,1.0314047487759415,0.038625981543971316,1.0177264901377874,1.0232252736132812,0.011722777635923758,0.963665688771316,-3.4333563838696697,-5.766723085116296
53,I,k96_0.1_decay24h,3,I,1.0177128681903795,0.48333333333333334,1.0380408347275791,0.03675798698855192,1.0147065637820187,1.02663199926754,0.010337843459214223,0.96316427824693,-3.3987024692648413,-5.754739162489435
54,I,k96_0.1_decay24h,3,I,1.0198020677575177,0.5033333333333333,1.0424367578512022,0.035976052060291856,1.0142814158453546,1.0252228196439361,0.011693741855756256,0.9627666281955688,-3.401210963483596,-5.797081434506487
55,I,k96_0.1_decay24h,3,I,1.0200653748878936,0.54,1.0429922914200855,0.03591940030125703,1.0128830128860724,1.0279498904655706,0.010734595183204819,0.9625364595348606,-3.3947052507318034,-5.808578585433671
56,I,k96_0.1_decay24h,3,I,1.0205186133233093,0.5233333333333333,1.0440337699525,0.037616684746617356,1.0123085767213627,1.0286185916618373,0.010953941305920187,0.9622609743709152,-3.3533760327346016,-5.792916241869777
57,I,k96_0.1_decay24h,3,I,1.0166530345241394,0.47,1.0357351017085903,0.03543335286944647,1.0117700650710397,1.0279807709868571,0.010820215843387387,0.9630973492397633,-3.395293215486174,-5.797415668172152
58,I,k96_0.1_decay24h,3,I,1.0161167498520824,0.53,1.0347152636510375,0.037951512562169235,1.0125577689346656,1.0296915888805669,0.011431391874466967,0.9629810590091196,-3.408121001910128,-5.8185459278580725
59,I,k96_0.1_decay24h,3,I,1.0161323730846568,0.51,1.0346048108895627,0.03466128963994898,1.0102740832278794,1.031689251322803,0.011833635932180918,0.9630266839371434,-3.392479840997807,-5.80993102202608
60,I,k96_0.1_decay24h,3,I,1.0147888929396052,0.42,1.0318607407973166,0.03683978373384412,1.0075292662023405,1.0329146804926763,0.01123672760069283,0.9628263750542775,-3.375805234448879,-5.800446499115072
1,U,k96_0.1_decay24h,3,U,,,0.9992929916815637,0.03483442376102348,1.000214594732829,1.0014574791546225,0.029353761232717702,0.9642462694730142,-3.101691722809325,-5.696757787119348
2,U,k96_0.1_decay24h,3,U,,,1.0001488754974555,0.03716526470939121,1.0030518145862681,0.9947826845410174,0.026025537629703086,0.9641918971484561,-3.0648644875783626,-5.730327692192127
3,U,k96_0.1_decay24h,3,U,,,0.9993905363114395,0.03407434289817731,1.0043655523483193,0.9984430493488192,0.02842325060927013,0.9646180227652197,-3.0644930259152723,-5.743510491870782
4,U,k96_0.1_decay24h,3,U,,,0.9977021558397748,0.03493850780783364,0.9998211844316309,0.9919118401593546,0.028843941320647132,0.9643659284671469,-3.0353556887668454,-5.752666174647095
5,U,k96_0.1_decay24h,3,U,,,0.9980295027648081,0.0339438894927609,1.001230305490695,1.003543954820651,0.025795451146957443,0.9643724344769731,-3.0774497235777303,-5.821886171941607
6,U,k96_0.1_decay24h,3,U,,,1.002607589751134,0.0353704904130469,0.9942154186255724,0.9995633960623878,0.031061299808622163,0.9632481397773438,-3.060425055167293,-5.772184378610103
7,U,k96_0.1_decay24h,3,U,,,0.9995749019238596,0.035896155415510736,1.003096269387929,0.996598874382557,0.028857422029852076,0.9642533698106636,-3.077966141130561,-5.7830937374993585
8,U,k96_0.1_decay24h,3,U,,,1.0031579798796464,0.03644855739361108,0.9979053402101447,0.9973993425557609,0.029361766140139866,0.9637126277606645,-3.0639285971747214,-5.8236313382208955
9,U,k96_0.1_decay24h,3,U,,,0.9997627704514229,0.03372919239462477,1.0001065698225198,1.001966070566189,0.036048259065199297,0.964257192966268,-3.044972838667649,-5.847256255147816
10,U,k96_0.1_decay24h,3,U,,,0.998244869651771,0.032942463767939745,0.9985719063465816,1.000947706412235,0.029892697341190894,0.9639730581194355,-3.0520990439957836,-5.876141861321266
11,U,k96_0.1_decay24h,3,U,,,1.0033749561038234,0.03109661459076256,0.9867089457523138,1.00061425008044,0.031299198670673906,0.962465868921269,-3.050574281431995,-5.864412699159986
12,U,k96_0.1_decay24h,3,U,,,1.0006811704662582,0.028189440732650214,0.9927254527354127,1.005021169771046,0.02825100575145086,0.963263258945024,-3.0661741111315237,-5.8410098122131044
13,U,k96_0.1_decay24h,3,U,,,1.0064173282917268,0.026071332037267057,0.9910046206859469,1.0007370498108248,0.032127265755907464,0.9627491356228575,-3.035318362694164,-5.8027482774799255
14,U,k96_0.1_decay24h,3,U,,,1.0096048669781412,0.027297064137559397,1.0006150074537543,1.0071360038516037,0.03174122528937397,0.9638812389332304,-3.052782716315575,-5.8522434743930924
15,U,k96_0.1_decay24h,3,U,,,1.0130895267751558,0.026207698639974145,1.006931953299807,1.0002469996202483,0.02965120693787738,0.964433502333078,-3.044012200200647,-5.825674435300908
16,U,k96_0.1_decay24h,3,U,,,1.0126349476360357,0.02744081336313712,1.003946976050602,1.009733730482028,0.036448574468060296,0.9639743769481401,-3.045956011118881,-5.813441188357183
17,U,k96_0.1_decay24h,3,U,,,1.010072766298345,0.029766129917548633,1.0013709486908358,1.0056899214117359,0.03057632337062824,0.9640708725586845,-3.0466871254302395,-5.835433756935445
18,U,k96_0.1_decay24h,3,U,,,1.0096082609447634,0.028046582763517014,0.9982770844427657,1.009105095730991,0.03903301904942026,0.9635656857462191,-3.1058070550474235,-5.82450283732878
19,U,k96_0.1_decay24h,3,U,,,1.0068174208750003,0.029533050951031044,1.0034435032233178,1.005899360685551,0.034226588601513466,0.9643816047756388,-3.08821447966646,-5.83250849593538
20,U,k96_0.1_decay24h,3,U,,,1.0097135757653106,0.030320490650090272,1.006588786338661,1.0109928360180587,0.029774696034214853,0.9645058071584884,-3.0937366275117912,-5.824563837644813
21,U,k96_0.1_decay24h,3,U,,,1.0066803674871037,0.030397258575957164,1.0103212014679839,1.0133797967531726,0.03397036632521286,0.9652232229432578,-3.117504175326196,-5.857292867090114
22,U,k96_0.1_decay24h,3,U,,,1.003471487884516,0.02981427315428655,1.0099564898646696,1.014174334919029,0.03277033560996012,0.9653815040768788,-3.1119355708047864,-5.86712782522794
23,U,k96_0.1_decay24h,3,U,,,1.0069018392962357,0.0298393919704875,1.012707721526113,1.0193129119397737,0.0335228939976035,0.9655098580954621,-3.1148900711808984,-5.893053308560196
24,U,k96_0.1_decay24h,3,U,,,1.0096280167866152,0.02857931309756089,1.0045746412541616,1.0124428627056539,0.036171115800894216,0.9645820064398191,-3.130480601145538,-5.885040874933328
25,U,k96_0.1_decay24h,3,U,,,1.0121585626451812,0.02896788661827315,1.0073720864435052,1.0185879273704976,0.032116335316743294,0.9645353544367108,-3.152107217480654,-5.869440602612127
26,U,k96_0.1_decay24h,3,U,,,1.0087511614458853,0.02908389070668815,1.008581058147992,1.0157321183566315,0.03333589579427498,0.9648180112209919,-3.1760744492719586,-5.852192903443307
27,U,k96_0.1_decay24h,3,U,,,1.0130719909804953,0.03150629796078916,1.014779818291857,1.0220885870763752,0.03483431630393213,0.9653784492595685,-3.1708018190831795,-5.905126266209766
28,U,k96_0.1_decay24h,3,U,,,1.0176868571678248,0.031150933865396715,1.0192302083705989,1.018014366243256,0.034847908018946605,0.9656209918082247,-3.176815892086067,-5.8464832766441654
29,U,k96_0.1_decay24h,3,U,,,1.0152684445598448,0.029580275729634908,1.0151668759548618,1.0306654110230014,0.0370087057589537,0.9652981813287056,-3.179158217065462,-5.893218823908869
30,U,k96_0.1_decay24h,3,U,,,1.0145696108250108,0.02699437897117614,1.021977781916183,1.0153617101516024,0.029618235308287427,0.9659047693288367,-3.1427229164702166,-5.863391078624502
31,U,k96_0.1_decay24h,3,U,,,1.0143309258142281,0.02856808572313391,1.028604727503221,1.0263063254208702,0.03451800060839501,0.9668541370996221,-3.1033985796060626,-5.844538972860149
32,U,k96_0.1_decay24h,3,U,,,1.0126452156766592,0.027299957975174163,1.0321469296891868,1.0246263591152012,0.03531453936400864,0.9673017480285129,-3.119943521665965,-5.850854350884413
33,U,k96_0.1_decay24h,3,U,,,1.009497760701839,0.02773929654322325,1.0367548397238318,1.0188848023988215,0.03199643505181219,0.9679188109198932,-3.155393367594855,-5.857258700963229
34,U,k96_0.1_decay24h,3,U,,,1.003683933999899,0.028473253460456923,1.035287608126837,1.0181741751155222,0.03922214265935055,0.9681225728297015,-3.1303319738272193,-5.843944095826852
35,U,k96_0.1_decay24h,3,U,,,1.0033074676429934,0.024454391521694586,1.0348551112428321,1.0154052355492027,0.03571151833752767,0.9682454171101915,-3.102408855173486,-5.859732412144384
36,U,k96_0.1_decay24h,3,U,,,0.9978457813525135,0.02675737947460215,1.0314471409421804,1.0221731968752048,0.03933493197378691,0.9680716315325162,-3.0824775815370375,-5.9233356337681045
37,U,k96_0.1_decay24h,3,U,,,1.001421628119485,0.025760733582167673,1.0270957679286497,1.0225534218864614,0.03448374427894895,0.9674437197935659,-3.091248099309492,-5.85741428344142
38,U,k96_0.1_decay24h,3,U,,,1.003447788801105,0.024683697172515933,1.0261830250050035,1.0195289571542605,0.037784417159343976,0.9673615858994875,-3.083227519620771,-5.86973862802716
39,U,k96_0.1_decay24h,3,U,,,1.0006796830987896,0.026971151660822843,1.0198168676261952,1.0051986975657128,0.03158384542621223,0.9666300300105894,-3.089839667024562,-5.868070250627533
40,U,k96_0.1_decay24h,3,U,,,1.0026888570980745,0.026802668501150918,1.0225121401848456,1.0100932350353011,0.030616616490845294,0.9669251950305087,-3.060956509732298,-5.87880734186659
41,U,k96_0.1_decay24h,3,U,,,1.001157624781926,0.02571487034386209,1.0223214916870327,1.006786019656232,0.03578729118807535,0.9669420108209182,-3.077967837442705,-5.9005346367359035
42,U,k96_0.1_decay24h,3,U,,,1.0026682318548077,0.025856084475180913,1.0215280034877074,1.0051200148087507,0.03355246741581541,0.9667579913314379,-3.103272145257787,-5.891895867418149
43,U,k96_0.1_decay24h,3,U,,,1.0006262999691504,0.024486622249212785,1.0200590839332766,1.0116110357435923,0.029186598477254827,0.9667413650267421,-3.0927940772132874,-5.886453831752184
44,U,k96_0.1_decay24h,3,U,,,0.9986269845167106,0.025052529182323768,1.0174449523089337,1.004770166212586,0.031394746969440654,0.9665853243098275,-3.0863757444322677,-5.838547985046886
45,U,k96_0.1_decay24h,3,U,,,0.999197511872283,0.02484608058515669,1.0178848247629662,1.0144602447101028,0.03653314822053207,0.966516722279545,-3.0983582210411034,-5.886690561025941
46,U,k96_0.1_decay24h,3,U,,,1.0021380117152137,0.023696385943147658,1.0158347021821412,1.0107663520183556,0.03208954814682213,0.9661114936711973,-3.069754520360572,-5.838759232837369
47,U,k96_0.1_decay24h,3,U,,,0.9998754741701246,0.02401133804463116,1.0169204619520198,1.013077974926964,0.0357532694279679,0.9663680834116554,-3.06289443946841,-5.831959609115597
48,U,k96_0.1_decay24h,3,U,,,0.9992106924641918,0.023191447660038264,1.0219512731208689,1.0099619025650262,0.029264188730816012,0.966899500995585,-3.116530719115091,-5.830041442951221
49,U,k96_0.1_decay24h,3,U,,,1.0022458927622642,0.023771897620341886,1.008779937857436,1.0111825844523687,0.03149659252008007,0.9652849258849032,-3.0746579521914486,-5.821853580584525
50,U,k96_0.1_decay24h,3,U,,,1.0062176596228178,0.027318037964763533,1.015394777834055,1.0145657116946218,0.02881460227675228,0.9658250919561815,-3.1093196633530376,-5.8161511678439455
51,U,k96_0.1_decay24h,3,U,,,1.0069291608390334,0.02490426605527889,1.008565057041611,1.013067229255713,0.03152284339304228,0.9648482812811607,-3.088699850401437,-5.834759855926965
52,U,k96_0.1_decay24h,3,U,,,1.0075203190679407,0.02440219727403707,1.0008045673446888,1.0162252558557205,0.028357763518654787,0.9639358723645506,-3.093301426390176,-5.7993267482385535
53,U,k96_0.1_decay24h,3,U,,,1.0097575163430583,0.023015771233262573,0.9900028021114335,1.0191516441234212,0.027954558867552066,0.9623455673609135,-3.1104996049027136,-5.826753716193835
54,U,k96_0.1_decay24h,3,U,,,1.0092502758691257,0.023999128697325376,0.993804674564382,1.0127012168744218,0.027898255181746694,0.9630344582745746,-3.1094195687893498,-5.8350615342748124
55,U,k96_0.1_decay24h,3,U,,,1.0066862075179595,0.02305738731901686,0.9964752275491672,1.0147540991000579,0.029991206408636905,0.9635518019868115,-3.0811123937742724,-5.85090300960146
56,U,k96_0.1_decay24h,3,U,,,1.0084327653533118,0.024639953032144578,0.9863855856955823,1.0162412386623283,0.027379962973006218,0.9617012998287657,-3.111474220642227,-5.798751819753986
57,U,k96_0.1_decay24h,3,U,,,1.006824134673031,0.02141858922400215,0.9951683620468232,1.0094365847713576,0.031988502725895054,0.9633290226949466,-3.1133921595515615,-5.827494458040877
58,U,k96_0.1_decay24h,3,U,,,1.0075084430196668,0.02053693408858091,0.9978335202414386,1.0146407731598177,0.030661648368596365,0.9636223187935472,-3.082540889438593,-5.811794118747667
59,U,k96_0.1_decay24h,3,U,,,1.0028149303344998,0.023718390955411076,0.9976330077608128,1.0106397952225317,0.02735203610327029,0.9637824453660846,-3.1103500822518373,-5.820769350271516
60,U,k96_0.1_decay24h,3,U,,,1.0027935820196983,0.026928513792225748,1.0029247767496599,1.009101315658999,0.029291029061908638,0.9643329237496675,-3.0959751281557635,-5.7852255635574235
1,I,k96_0.1_decay24h,4,I,0.999333598766814,0.48333333333333334,0.9992773986958656,0.03199672711677751,1.0044004229224965,0.999176344009566,0.028401350018225056,0.9644185303941231,-3.132413822648917,-5.699364697535951
2,I,k96_0.1_decay24h,4,I,0.9993001027991997,0.48,0.99915622950962,0.03077071494250632,1.0153019495270221,1.0006785195647017,0.025853123488203674,0.9657911384033203,-3.1441448320444363,-5.6831474305222285
3,I,k96_0.1_decay24h,4,I,0.9994974692866875,0.5366666666666666,0.9996265931684299,0.032145964737495855,1.0021607020157026,0.9925328468223866,0.032088577249871894,0.9642215916764512,-3.0849465859834964,-5.686779861415917
4,I,k96_0.1_decay24h,4,I,0.9955155986591668,0.47333333333333333,0.9913483443732312,0.031624720191303884,1.0026669054584534,1.002013088538497,0.026088366448457235,0.9649375625924524,-3.1053365837535942,-5.717738589095587
5,I,k96_0.1_decay24h,4,I,0.9975856672764517,0.5,0.9958585126973306,0.03679212962969703,1.014332750329825,1.007542124332532,0.022941183746141167,0.9661513841304259,-3.1054806035843345,-5.726822517669857
6,I,k96_0.1_decay24h,4,I,1.0021507258179991,0.49,1.0056576888629336,0.04291627594938044,1.0206233585702231,1.0022221115081318,0.02715020704224767,0.9660132178408092,-3.1137767147835356,-5.7025224805523465
7,I,k96_0.1_decay24h,4,I,1.0063356165595967,0.5166666666666667,1.0147038184976054,0.04821415845445967,1.0158000643096459,0.9950636217604855,0.023725563500055523,0.9643551906481173,-3.098952728562828,-5.691954979492787
8,I,k96_0.1_decay24h,4,I,1.002546750808731,0.4866666666666667,1.00660439046825,0.04497361848678329,1.0132467850735172,0.9951020998917928,0.019885918155908348,0.9651654419256241,-3.1187603952913583,-5.701707403015372
9,I,k96_0.1_decay24h,4,I,1.0040629106771406,0.5133333333333333,1.0096134001489065,0.04216123067989768,1.0235960308979337,0.9966278679263276,0.024066382455038636,0.9660519807427854,-3.0883780899396167,-5.678258405383447
10,I,k96_0.1_decay24h,4,I,1.0062036891224173,0.5366666666666666,1.014271208156411,0.045604463744310694,1.0253015430591101,0.9999255731542147,0.015706219823919527,0.9658892858667862,-3.146801760674424,-5.698782829987509
11,I,k96_0.1_decay24h,4,I,1.0114590445988985,0.52,1.0251202718483905,0.04248692189242037,1.021068017304259,0.9949885655002769,0.01704015830020673,0.9649523694421173,-3.108750396037045,-5.702887612603581
12,I,k96_0.1_decay24h,4,I,1.0167943896944873,0.4866666666666667,1.0366939951951086,0.048112375060787,1.017175582256462,0.9933841270998488,0.012918805117556281,0.9635727354478343,-3.132081507814856,-5.7472430139126915
13,I,k96_0.1_decay24h,4,I,1.0145547516424183,0.49,1.031718383726505,0.04393646989105523,1.025349432272647,0.9864914517016932,0.016845263805937323,0.9652828057887513,-3.1672351509876884,-5.798809478363387
14,I,k96_0.1_decay24h,4,I,1.0160461991167742,0.48,1.0348146108654217,0.042814449975629554,1.0255130723879207,0.9889742335498611,0.014517436779113498,0.9650757992354116,-3.1537199088677386,-5.821012787240939
15,I,k96_0.1_decay24h,4,I,1.018094087401551,0.48,1.0393989921075093,0.0474518964743273,1.0325716609327866,0.9853079788933883,0.022549106692911873,0.9656140401144077,-3.197918330340603,-5.85384192966573
16,I,k96_0.1_decay24h,4,I,1.0144182361544298,0.49666666666666665,1.0313998007429752,0.0434117770912599,1.0317901491675954,0.9912729969620941,0.01678061228230347,0.9657513289052989,-3.173128186353883,-5.838580239590768
17,I,k96_0.1_decay24h,4,I,1.0158293933281397,0.51,1.0342429653502934,0.0407112730946133,1.0169000854195884,0.9895785471862759,0.016997356158799284,0.9639029231432289,-3.1850763453192896,-5.843939212850902
18,I,k96_0.1_decay24h,4,I,1.0142189105790753,0.5066666666666667,1.0307091795248025,0.03803418442548939,1.0126932473798207,0.9922030966409242,0.017854527904600556,0.9636685417841394,-3.1488333791829115,-5.817261334746307
19,I,k96_0.1_decay24h,4,I,1.0171389991684427,0.5133333333333333,1.036789047073326,0.03583973928567745,1.013733414596846,0.9909129739324972,0.017910530215489655,0.9633299207417847,-3.1221844870538007,-5.7671140455056875
20,I,k96_0.1_decay24h,4,I,1.0198577963358404,0.5066666666666667,1.0427318168948607,0.039766695131702216,1.0096477553689254,0.9876429795525173,0.017586524493718777,0.9624124416041036,-3.120965094664826,-5.760523420797925
21,I,k96_0.1_decay24h,4,I,1.019063845658004,0.53,1.0409623178286367,0.03807676517601824,1.017023120242042,0.989308621433359,0.01777709359994725,0.9637202400947759,-3.1165401283727387,-5.774159223404089
22,I,k96_0.1_decay24h,4,I,1.0195958800787686,0.52,1.042006040903784,0.03613184993290187,1.0134854502644113,0.9910800644666453,0.015947249331122574,0.9630479967546629,-3.129175274900981,-5.818682984110032
23,I,k96_0.1_decay24h,4,I,1.0204396995676388,0.5133333333333333,1.043550516555547,0.03014500586602469,1.0161136826868082,0.991968024267685,0.02065896513498293,0.963067283175861,-3.1657074727464463,-5.789458269967446
24,I,k96_0.1_decay24h,4,I,1.0216983469161014,0.51,1.0461934719086727,0.02920496237109886,1.0109357259638385,0.9933712558447791,0.01861333477124014,0.9624568440787756,-3.157491862272823,-5.847634181853982
25,I,k96_0.1_decay24h,4,I,1.0204168155366176,0.5133333333333333,1.0436401192108489,0.03360999563337249,1.0078039157815588,0.9927982766350787,0.018296380664407138,0.9621334547354778,-3.1767309140360704,-5.85681982464448
26,I,k96_0.1_decay24h,4,I,1.0214135970305818,0.49,1.045817719000334,0.035045884320874104,1.005454134844012,0.9934408651925022,0.02011477714490569,0.961818210705513,-3.1597618052115575,-5.885773392952995
27,I,k96_0.1_decay24h,4,I,1.0203994575542763,0.49666666666666665,1.0436219061091192,0.034000503138948666,1.011212433125421,0.994487470486311,0.018028119364577183,0.9627614689879529,-3.1856999253269596,-5.9011873545498705
28,I,k96_0.1_decay24h,4,I,1.0229303183525877,0.51,1.0490393429392961,0.034816683764523786,1.0062845638338827,0.9902317528612978,0.0178669466099556,0.961841253649773,-3.1896644591541357,-5.867004522517729
29,I,k96_0.1_decay24h,4,I,1.0191299528672044,0.49333333333333335,1.0409814050849224,0.03534227053887422,1.0018015254535566,0.992031209960118,0.01884005781491907,0.9614346171752345,-3.2079108682492046,-5.867132455630892
30,I,k96_0.1_decay24h,4,I,1.0156455335303542,0.48333333333333334,1.0335839842683758,0.03490280709519444,0.9996170182935387,0.9952982476948491,0.016621474127747296,0.961943974593293,-3.186678937830459,-5.863791946384595
31,I,k96_0.1_decay24h,4,I,1.0161999532939188,0.4533333333333333,1.0347538368552174,0.03486141688823294,1.0033340457581474,0.9913737652826444,0.02121231614812857,0.9623377965847898,-3.192115442201947,-5.875821054560376
32,I,k96_0.1_decay24h,4,I,1.0160249805861625,0.48,1.0344676087820175,0.03668480949933981,1.0150372478860383,0.9952101018290413,0.01721125797565847,0.9635633541798044,-3.1622794227760536,-5.883112809929888
33,I,k96_0.1_decay24h,4,I,1.0169811599408887,0.48333333333333334,1.0362249717658127,0.030358452589608093,0.9966599622954584,0.9944619545697022,0.016111099369569393,0.9613982093212587,-3.173073632686613,-5.89402425509143
34,I,k96_0.1_decay24h,4,I,1.0202934088938638,0.5233333333333333,1.043344314567142,0.03274765307546092,0.990492100145028,0.9970348412697448,0.01409186755356877,0.9598827415155847,-3.1262278759570736,-5.913792902288867
35,I,k96_0.1_decay24h,4,I,1.0235223990925781,0.45666666666666667,1.0500932352750427,0.029632957042960623,0.9969914969927567,0.9984321630666874,0.016187480822331547,0.9602018274193143,-3.2059074705403763,-5.879479335313004
36,I,k96_0.1_decay24h,4,I,1.0239649769111112,0.49,1.0511359116410088,0.03231035388556173,0.9981764044153916,1.0010499987486858,0.015471219940126521,0.9606139053993047,-3.2064266606083636,-5.916336631173387
37,I,k96_0.1_decay24h,4,I,1.0232258035851096,0.44,1.0496085539855846,0.03347819490096102,0.9945687738778338,1.0006914132852485,0.014573963290460304,0.9601008064676938,-3.1979108884842926,-5.889691511051337
38,I,k96_0.1_decay24h,4,I,1.0224269642495252,0.4766666666666667,1.0478357068834054,0.031700633714707736,1.0008109004378014,0.9983628050705556,0.014376076908404162,0.9611163008903255,-3.212418851090472,-5.912021910478391
39,I,k96_0.1_decay24h,4,I,1.022741530909856,0.49,1.048672343963428,0.03576997721567365,1.0002055731627082,1.002766109184855,0.014836340039020846,0.9609726462119367,-3.1957350908387996,-5.903236670225748
40,I,k96_0.1_decay24h,4,I,1.0244952179126547,0.49,1.052433122899888,0.03612129890073623,1.0049977811521076,1.00001828565014,0.013337995708849824,0.9612872783177647,-3.1983999968663337,-5.9126371843184335
41,I,k96_0.1_decay24h,4,I,1.0244325318166234,0.4533333333333333,1.0523264402223065,0.036888463129494474,1.0073912630143171,0.9989074550033356,0.014774551841132818,0.9614534779850749,-3.2082695201155795,-5.934942675891371
42,I,k96_0.1_decay24h,4,I,1.025630293818589,0.54,1.0546954608575532,0.03237502274312456,0.9991367899760477,0.9975861479575099,0.015610167357117368,0.9602758123192537,-3.236862473474505,-5.897523949027995
43,I,k96_0.1_decay24h,4,I,1.0260584637355221,0.4766666666666667,1.0556592165833885,0.03348966247974747,0.9884148090374367,0.9970201998694642,0.017024069866107692,0.9588144952323212,-3.2236644905520735,-5.928014306664218
44,I,k96_0.1_decay24h,4,I,1.0210537271725022,0.5366666666666666,1.0448922460123309,0.03112819269596985,0.9921553369025659,0.9994054460346926,0.01413512876248361,0.9604961321664839,-3.2396970841545882,-5.898066767569676
45,I,k96_0.1_decay24h,4,I,1.0201386280040183,0.49333333333333335,1.043013079826041,0.03280826230368972,1.000750534993023,0.9985150468372743,0.01394485987704195,0.9612260236060048,-3.2603836704955573,-5.907152410496023
46,I,k96_0.1_decay24h,4,I,1.0225932830371145,0.51,1.0483125823524244,0.03480138160517362,0.9950865337783591,1.000978474306541,0.013806648571149181,0.96043185987719,-3.2832973212461525,-5.905086366973577
47,I,k96_0.1_decay24h,4,I,1.0223263546935908,0.5366666666666666,1.0474033942830192,0.025520775369434992,0.9931154490496723,0.9985546615367445,0.013954535069952444,0.9604437099201216,-3.2846079131455066,-5.952457089524605
48,I,k96_0.1_decay24h,4,I,1.0217806264551712,0.4866666666666667,1.04629952708487,0.027326554791305184,0.9877158772436144,0.9978584878287723,0.015400819448527885,0.9599239058728506,-3.2814820734150745,-5.943865618818812
49,I,k96_0.1_decay24h,4,I,1.0237724452693369,0.4866666666666667,1.0506424540702866,0.0301796353158378,0.9925206419588185,0.9978077126802944,0.013550720061996606,0.960058886509566,-3.2734326161892424,-5.916494615763129
50,I,k96_0.1_decay24h,4,I,1.0229537715060093,0.46,1.0487414598820781,0.025516004792227046,0.9992440256206584,0.9991358261025327,0.01590104037784172,0.9610806763285048,-3.3255630714469904,-5.958430822714654
51,I,k96_0.1_decay24h,4,I,1.023008524896607,0.5333333333333333,1.0489134180524176,0.02732907612874731,0.9960667331886771,1.0006002472470357,0.014557125929103017,0.9607446109513474,-3.3382134445328697,-5.95590548260135
52,I,k96_0.1_decay24h,4,I,1.0209935607419993,0.55,1.0447835513964756,0.031662104386376844,0.984798418762468,1.0015653538042977,0.014318889301902343,0.959371151743786,-3.3065492657039908,-5.956089345332087
53,I,k96_0.1_decay24h,4,I,1.0172670253395228,0.5366666666666666,1.0367468180137862,0.028084313845790073,0.9930039080755428,1.0044410439453966,0.011963867969069958,0.9613243018550075,-3.3001509389814614,-5.941368815725711
54,I,k96_0.1_decay24h,4,I,1.0182858222393112,0.47333333333333333,1.0390128534461935,0.031001204531585655,0.9828658428451179,1.0036637657161407,0.011916521808950982,0.9598066533470986,-3.2674796865680196,-5.921154375218259
55,I,k96_0.1_decay24h,4,I,1.0201168568593577,0.5166666666666667,1.042775354760498,0.02763969031312671,0.9847760460049392,1.004837792002637,0.012502496303753989,0.9598649696515266,-3.3026074097416696,-5.967421347797002
56,I,k96_0.1_decay24h,4,I,1.0185382679423478,0.49666666666666665,1.0397114585573433,0.035061597323678625,0.9850545686017655,1.0027948692790494,0.01343840339392296,0.9596058071644148,-3.2505394177394633,-5.949159287530844
57,I,k96_0.1_decay24h,4,I,1.0186519458371834,0.54,1.0399642546276164,0.035195601466577624,0.9897189037019714,1.0009894203762906,0.013466810891605688,0.9602549952520436,-3.193402420423007,-5.9255163265505155
58,I,k96_0.1_decay24h,4,I,1.0183576367920246,0.5166666666666667,1.039256080551961,0.03323258993108933,0.9827946033988815,1.001887652230508,0.013244924945899782,0.9594501188755661,-3.2257351632302047,-5.933712781591224
59,I,k96_0.1_decay24h,4,I,1.0191280606018744,0.5066666666666667,1.0409212988704932,0.034026620802187546,0.9882125913776091,1.0009678019322144,0.012792745062877307,0.9601723360093678,-3.2421963523144695,-5.92320312936973
60,I,k96_0.1_decay24h,4,I,1.021163415484209,0.49333333333333335,1.045367997059949,0.036811181296685425,0.9894157224338149,1.000560266000377,0.012430584129397458,0.9592740927804755,-3.2618098644227937,-5.916521042357982
1,U,k96_0.1_decay24h,4,U,,,1.0014281471851398,0.035033053842491654,1.006678758051385,0.9987330413302523,0.03199177754283933,0.964711020502582,-3.1326104493070286,-5.668759598272219
2,U,k96_0.1_decay24h,4,U,,,1.002027008063693,0.0344944688324734,1.0052918214408617,0.9962824177135364,0.028917951754030502,0.9644620560900979,-3.1195288031181945,-5.6740205212495765
3,U,k96_0.1_decay24h,4,U,,,1.0029288567875256,0.03394450335387914,1.0030929699696698,0.9999095274196474,0.024959254973815116,0.9641843984799436,-3.130071903752741,-5.697586403050494
4,U,k96_0.1_decay24h,4,U,,,0.9925093053674137,0.035257890576069706,1.0063239334076548,0.9994112491517526,0.030007447112348196,0.9652168029522894,-3.1531676208990063,-5.724710948454834
5,U,k96_0.1_decay24h,4,U,,,0.993203605663129,0.03662686588009095,1.008565259412631,0.9995478107071436,0.03078547165988452,0.9655625401506751,-3.139309489990915,-5.726340428372849
6,U,k96_0.1_decay24h,4,U,,,0.9908658141716463,0.030079116204644468,1.0040109884790127,0.9937812289326795,0.027101267492460526,0.96511088340936,-3.1609869114443883,-5.768470536847208
7,U,k96_0.1_decay24h,4,U,,,0.9835182065599347,0.029869252037429187,1.0111061365902605,0.9962185942929742,0.026285804274827407,0.9664462186194058,-3.1078670414963243,-5.724640465503844
8,U,k96_0.1_decay24h,4,U,,,0.9787412242347934,0.02555348873841879,1.005143390774761,0.9923048863070492,0.028291233049631135,0.9663690602116844,-3.1458560830955986,-5.693637567431288
9,U,k96_0.1_decay24h,4,U,,,0.9763696528172057,0.026404591281019647,1.0057960949555198,0.9994324592759881,0.02109041810919676,0.966222365192444,-3.122640401664232,-5.680326470147499
10,U,k96_0.1_decay24h,4,U,,,0.9790585200938062,0.02873103699724765,0.9943774575005603,0.9942303123989298,0.023944238298975556,0.9647697228360986,-3.1136448495845586,-5.688668325770584
11,U,k96_0.1_decay24h,4,U,,,0.9757294329901804,0.024425130155793676,0.9894922610801662,0.9928671794227917,0.024907013369707142,0.9645801276505866,-3.0801737688619757,-5.697758327020811
12,U,k96_0.1_decay24h,4,U,,,0.974141886269458,0.022405975003427888,0.9953801517293878,0.9915585020035264,0.02049302077499762,0.9653350942955128,-3.1775105750705412,-5.675792671431711
13,U,k96_0.1_decay24h,4,U,,,0.9728569045888362,0.021399731682775206,0.997487672110132,0.9918791771832945,0.022049769690128035,0.9657092820911295,-3.160449276130167,-5.677696358975924
14,U,k96_0.1_decay24h,4,U,,,0.971096765674154,0.020585125313426596,0.9895563783513811,0.996579877562768,0.02137639483518218,0.9650894233886546,-3.1598975084425445,-5.664528244445759
15,U,k96_0.1_decay24h,4,U,,,0.9701852563072451,0.018838433162194537,0.9827898400809859,0.9963172236348381,0.02155254222361115,0.9640270368450274,-3.130254665957947,-5.660683957305891
16,U,k96_0.1_decay24h,4,U,,,0.9713491378477429,0.02098243298526925,0.981525242436205,0.9957456401326173,0.023473908361014973,0.9640179309083287,-3.1226886519012407,-5.668934192359729
17,U,k96_0.1_decay24h,4,U,,,0.9733609834948275,0.02256678197882981,0.9794658064618562,0.9950132932113858,0.020229334034285056,0.963587221925419,-3.131533443818179,-5.682561238689653
18,U,k96_0.1_decay24h,4,U,,,0.9747078045592604,0.022902799316485062,0.9767577512837473,0.9964898201489314,0.019671440676167818,0.9630344135270306,-3.140994113260964,-5.641696774086502
19,U,k96_0.1_decay24h,4,U,,,0.972746897409526,0.022520875340684813,0.9817236347590468,0.997294524754742,0.022601800986476014,0.9639041580632735,-3.1764273920648276,-5.679840339244814
20,U,k96_0.1_decay24h,4,U,,,0.9702631416043147,0.023898418784829435,0.9765793837092848,0.9958589783470135,0.020073685235351527,0.9632511421528246,-3.1902697052997473,-5.6904790621470545
21,U,k96_0.1_decay24h,4,U,,,0.968703680551382,0.02316064322091536,0.9738695965347176,0.9954184567000548,0.021459432794784922,0.9631520952696121,-3.203581018830423,-5.699911465512395
22,U,k96_0.1_decay24h,4,U,,,0.9722613030184376,0.026776619941174758,0.9687431392228556,0.9975541413586905,0.020571688701443026,0.962097186346921,-3.2361894220532297,-5.6812133424752895
23,U,k96_0.1_decay24h,4,U,,,0.9703629055160135,0.02486022766394811,0.9672537448126916,0.99431691960829,0.017005170346319477,0.9621814974707181,-3.241489503844813,-5.668530453908379
24,U,k96_0.1_decay24h,4,U,,,0.9730206686608922,0.0256377658490623,0.9751157598850777,0.9964573720744196,0.020201222101362357,0.9630123637381984,-3.242524867612391,-5.67210518958942
25,U,k96_0.1_decay24h,4,U,,,0.9747465506964007,0.026161293356946887,0.9746385147478281,0.9948778820837177,0.021345561637349453,0.9626614279401785,-3.2976344684960206,-5.691391535265946
26,U,k96_0.1_decay24h,4,U,,,0.9764239062133694,0.026954914312822476,0.9650945884322448,0.9976684698032966,0.02238930670629784,0.9613871849090848,-3.300217819190164,-5.686706512134602
27,U,k96_0.1_decay24h,4,U,,,0.9768840795315475,0.02632568970742737,0.954243093777253,0.9968992622238306,0.025183327957523628,0.9600945425533284,-3.3230753771133075,-5.677849733136406
28,U,k96_0.1_decay24h,4,U,,,0.9746245119048683,0.027154914666874735,0.9546645629957751,0.9958635943683533,0.02421269494301524,0.9602631080432343,-3.334240200897132,-5.701716571542726
29,U,k96_0.1_decay24h,4,U,,,0.973702484914844,0.027346504805039185,0.9540946219602648,0.9978547203117538,0.02158804077935508,0.9601364224134111,-3.271256304886597,-5.702162072360978
30,U,k96_0.1_decay24h,4,U,,,0.9706311101925302,0.024932363455512207,0.9485891003884213,0.9963539612618703,0.023148779885728228,0.9596067910265524,-3.289026440319455,-5.701711925941782
31,U,k96_0.1_decay24h,4,U,,,0.971109986103092,0.026057389844894713,0.9554983748385912,0.9975593024970613,0.023428951596133226,0.9606097957696579,-3.2963993635896722,-5.6976623494563805
32,U,k96_0.1_decay24h,4,U,,,0.9693892034261129,0.02344015038652725,0.9561121500694912,0.9966172179624337,0.023615123334184408,0.9609572020147421,-3.284904243277418,-5.660877357209179
33,U,k96_0.1_decay24h,4,U,,,0.9704616731532951,0.024248020532370827,0.960102832863217,0.9991833956712234,0.019971999945936188,0.9612807365734144,-3.3206343446432753,-5.649981050580012
34,U,k96_0.1_decay24h,4,U,,,0.96960300835914,0.022418087166444806,0.9565609145229415,0.9985972996436605,0.025018853180745943,0.9609687530712689,-3.3556684674097954,-5.653377835848007
35,U,k96_0.1_decay24h,4,U,,,0.9677992055014484,0.021952472155118228,0.9592949428918174,0.9984265749733746,0.021008452243331536,0.9613434305301549,-3.318550371811728,-5.675408352509615
36,U,k96_0.1_decay24h,4,U,,,0.9683361583357314,0.021314310691132734,0.957998822260922,0.9992492772094764,0.02159919355597969,0.9611366875761072,-3.308148944325191,-5.676776888466749
37,U,k96_0.1_decay24h,4,U,,,0.968063404149575,0.021997900298329223,0.9569787104439452,0.9995558260135688,0.018985174703836708,0.9611024931835188,-3.331803000890563,-5.661409520578505
38,U,k96_0.1_decay24h,4,U,,,0.9671182466133291,0.023935769448522742,0.9605313297660317,1.0006908336613398,0.021758565581686498,0.9614774480814323,-3.3288566231433503,-5.659510883780939
39,U,k96_0.1_decay24h,4,U,,,0.9727657027961679,0.023735715187655996,0.9579704404189814,0.9999019475759705,0.022357901346345653,0.9611795970762345,-3.3567906039340065,-5.609971061280815
40,U,k96_0.1_decay24h,4,U,,,0.9758013174719539,0.021784630678529034,0.9585106610795103,1.0029412584761062,0.02326656248276609,0.9607988796060046,-3.34074945654881,-5.630468426764431
41,U,k96_0.1_decay24h,4,U,,,0.9742421333257403,0.021669145463445966,0.9616587971033664,1.0069391521482316,0.023309122404692996,0.9612724756197053,-3.402412629005111,-5.636202275175123
42,U,k96_0.1_decay24h,4,U,,,0.9752162037143955,0.021805186540960933,0.9624828142497419,1.0039113865121174,0.024001699044247204,0.9611928967646285,-3.363419380761519,-5.6404479709949475
43,U,k96_0.1_decay24h,4,U,,,0.9754021554202166,0.022867119814954075,0.9578490240983872,1.0000593208058244,0.02559608767418934,0.9607553446254694,-3.3705819547688303,-5.646577238015641
44,U,k96_0.1_decay24h,4,U,,,0.9773467039395847,0.024497969633862332,0.955174763464191,0.9987980237526093,0.02422509131456343,0.9601038939392189,-3.37663641004171,-5.656205584069943
45,U,k96_0.1_decay24h,4,U,,,0.976532477016107,0.0231108819091785,0.958086247399317,0.9969954060651234,0.02395039403396338,0.9609310542950844,-3.3709940995979886,-5.674599860727867
46,U,k96_0.1_decay24h,4,U,,,0.9765173726561351,0.02441612583691462,0.959225919554489,0.9974528284769064,0.024052864299461664,0.9606831626849441,-3.34565020329662,-5.714252476135912
47,U,k96_0.1_decay24h,4,U,,,0.9784671221450465,0.027007295341967663,0.9525924038026373,0.9974946962959477,0.022253831090521356,0.9598281942768591,-3.331136752676426,-5.719837049168982
48,U,k96_0.1_decay24h,4,U,,,0.9754560522249566,0.02905310960502919,0.9560054037280099,0.9957313603571788,0.024770999585760536,0.9604425868674561,-3.3272595067589736,-5.739583632099218
49,U,k96_0.1_decay24h,4,U,,,0.9727674120125759,0.026473207584587165,0.9590351368722101,0.9933050445202505,0.02390681929376338,0.9610836337242158,-3.328976812871431,-5.7159724361269175
50,U,k96_0.1_decay24h,4,U,,,0.973213966132904,0.027131301182540077,0.9633980094641771,0.9867282183841812,0.02594400042295362,0.9616328853499189,-3.3174580573703483,-5.740389887378466
51,U,k96_0.1_decay24h,4,U,,,0.9767434285241018,0.029860203059923315,0.9605601155288009,0.9889364337442379,0.022545303021432022,0.9609508147997614,-3.291724256155948,-5.727937955928696
52,U,k96_0.1_decay24h,4,U,,,0.9780989095148391,0.03072499926776789,0.9546609860635507,0.9902801728873453,0.02452840111234477,0.9596645364934185,-3.2841546920044995,-5.731284693955913
53,U,k96_0.1_decay24h,4,U,,,0.9784235856548416,0.029933069569049304,0.9638190048278087,0.9885496063794468,0.022598992840661428,0.961082698074232,-3.263000647072768,-5.7303110170803855
54,U,k96_0.1_decay24h,4,U,,,0.981864302283736,0.03095493743671758,0.9624335316558021,0.9873812880912061,0.020418084289952537,0.9603223074432676,-3.3046400669346956,-5.731622394979708
55,U,k96_0.1_decay24h,4,U,,,0.98399874313377,0.029971967195393436,0.9674414542492296,0.9862247718243942,0.023415048170620092,0.9613698792154038,-3.3149880145635717,-5.703310814056866
56,U,k96_0.1_decay24h,4,U,,,0.9838862379993354,0.030309638267566684,0.9660360626062974,0.9868381227623108,0.023141386275880815,0.9609123247293974,-3.3544264224929643,-5.726972713632312
57,U,k96_0.1_decay24h,4,U,,,0.9872000819906828,0.03228907632905061,0.964968187255591,0.9889943690175964,0.02322104976470073,0.9606898245569365,-3.3400378668346065,-5.7174170452330575
58,U,k96_0.1_decay24h,4,U,,,0.9822775886094822,0.031348888988677305,0.9649271878148613,0.9887575971369934,0.023084203132602257,0.9608816080651074,-3.3342650048805886,-5.725987652692949
59,U,k96_0.1_decay24h,4,U,,,0.9818569797866561,0.02983391381687138,0.9646480960597049,0.9879284182284501,0.022845844770957024,0.9610328626546564,-3.325389955223605,-5.705809995072221
60,U,k96_0.1_decay24h,4,U,,,0.9802803873185034,0.03059118086626769,0.9686254589811476,0.9810554320051877,0.02650516856332795,0.9616690012020732,-3.3197704878385266,-5.695846229146616
1,I,k96_0.3_flat,1,I,1.0006718988425816,0.4266666666666667,1.0021216930879409,0.03350387607948436,1.0082036394949234,0.9995864044824234,0.032406931322028855,0.30194878734851605,-3.096254091956352,-5.676039617954071
2,I,k96_0.3_flat,1,I,1.0042967466473756,0.51,1.0098640219258823,0.03786982718167323,1.0027862970234147,0.9964819715408786,0.03095547134829062,0.30057611628872155,-3.0888663968160093,-5.699702550506225
3,I,k96_0.3_flat,1,I,1.0041449471639718,0.5133333333333333,1.0094970636629979,0.036649159255028006,1.0064986286246715,0.9977431936103471,0.02913832100963876,0.3015182705524156,-3.1041355782589704,-5.674387200074188
4,I,k96_0.3_flat,1,I,1.004209018642292,0.52,1.009774253838398,0.03968223664255687,0.9997597007814201,0.9983057126447541,0.029174028056736634,0.29986210964177135,-3.161874513246373,-5.693034256194877
5,I,k96_0.3_flat,1,I,1.0061701271254266,0.49666666666666665,1.0137842509756616,0.037786515401463744,0.9990519347001323,0.9981649769813555,0.02435195045254859,0.29966149934084346,-3.084912708679768,-5.6611632916718095
6,I,k96_0.3_flat,1,I,1.0023480025260505,0.44,1.0057065415590345,0.03558819276431584,0.9902745949889898,0.9931189421714838,0.030727358474848573,0.2974767830379668,-3.094226029730562,-5.725383370218509
7,I,k96_0.3_flat,1,I,1.0048549724739424,0.5133333333333333,1.0107811251399725,0.032022623879550974,0.992261344983226,0.9908791862573119,0.02510675194134108,0.2979645271349865,-3.0785030560604216,-5.719654573686189
8,I,k96_0.3_flat,1,I,1.0025194144572607,0.51,1.0059138425496497,0.032133536205764625,0.9878744307526426,0.998640577332482,0.022585863861986265,0.2968529711813888,-3.137349925163998,-5.692869538988419
9,I,k96_0.3_flat,1,I,1.004826960127083,0.5066666666666667,1.0108781758649898,0.03567538637570805,0.9849627725187289,0.9959128536111297,0.02468959819128673,0.2961282397192829,-3.111898169791844,-5.686161261442568
10,I,k96_0.3_flat,1,I,1.0083594980916675,0.49333333333333335,1.0183190889411413,0.036581370428990456,0.9867244923285277,0.998006347601458,0.019018808691931382,0.2966019984960109,-3.096372241114395,-5.672650561385364
11,I,k96_0.3_flat,1,I,1.0071706986574622,0.5466666666666666,1.0158559787937176,0.03726114368501741,0.9645939671942734,1.0003854426242738,0.016893248850896804,0.29099705445475765,-3.0884861609920384,-5.667931571164284
12,I,k96_0.3_flat,1,I,1.008296186691276,0.49666666666666665,1.0181314480962045,0.03537866237993668,0.9506766620977597,0.9956806745824942,0.019950760779310697,0.2875029591565961,-3.080270894235198,-5.70040008466559
13,I,k96_0.3_flat,1,I,1.0100919085052549,0.48,1.0218086490423839,0.03322396148818768,0.9630886108818015,0.9908822262678912,0.020585925992375523,0.2906351050416639,-3.0830211174754028,-5.682105117267165
14,I,k96_0.3_flat,1,I,1.0136304795649735,0.53,1.0294906557924117,0.03839961752182386,0.9649450689714545,0.9936023876607788,0.02252351832095649,0.2911057856182451,-3.0795365119519,-5.738877868951987
15,I,k96_0.3_flat,1,I,1.015911165111185,0.53,1.0345085525125695,0.04242440620587467,0.9552328708435524,0.9923576789473392,0.027756998138520242,0.28865919108048893,-3.084985022225605,-5.677831811710108
16,I,k96_0.3_flat,1,I,1.0168183781281672,0.5,1.0361840292684272,0.03753752177453967,0.9576983304403821,0.9972227606270515,0.026160190910935074,0.2892830124846899,-3.109423122287507,-5.718764035978493
17,I,k96_0.3_flat,1,I,1.0183635960601432,0.51,1.0396734427764276,0.04193863721604593,0.9550875737440744,0.9939308877208869,0.029508070881964426,0.28862216687310455,-3.077808734934645,-5.704118427575998
18,I,k96_0.3_flat,1,I,1.0213780550393445,0.5133333333333333,1.0460554741521468,0.04165105837920868,0.9459914732328426,0.9922773499482067,0.03035006684761804,0.2862934198157058,-3.0961415662674696,-5.761670803424477
19,I,k96_0.3_flat,1,I,1.0192509089817305,0.4633333333333333,1.0414532084481058,0.03996186335218425,0.9535508580418033,0.9937389008494552,0.031404122376777886,0.2882136986561716,-3.0984728498155585,-5.752814010245793
20,I,k96_0.3_flat,1,I,1.0205205589563398,0.5066666666666667,1.0441147277131662,0.03930930009993766,0.9453428855829672,0.9976527384072184,0.03199093947615623,0.2861469450211439,-3.083908529865297,-5.755177979945374
21,I,k96_0.3_flat,1,I,1.0207718861161414,0.5333333333333333,1.0447336701875405,0.04096035676945469,0.9373782905854754,0.9956134466001998,0.02815289863797545,0.28412918631164946,-3.067246323262557,-5.776694347441263
22,I,k96_0.3_flat,1,I,1.0186155147636922,0.44333333333333336,1.0401343204487046,0.04059892468373408,0.9396997032160134,1.0034275775891637,0.027608948975643574,0.28469733498862076,-3.068937665823285,-5.803411359004231
23,I,k96_0.3_flat,1,I,1.021818298756723,0.5233333333333333,1.0469794038958544,0.04136308698541624,0.9391457489311832,0.9983117165497791,0.02965574357045329,0.28456863862129067,-3.0350313738628008,-5.844816643449872
24,I,k96_0.3_flat,1,I,1.0252811378424238,0.5366666666666666,1.0545586272329717,0.04532354498317689,0.9427301774228618,1.0008037595043402,0.028415758516702083,0.2854531499427012,-3.053549841195076,-5.831211366734385
25,I,k96_0.3_flat,1,I,1.0268173114449881,0.51,1.0577115464758517,0.04278444834098717,0.9299322412306332,0.9957274272312039,0.027103180627445437,0.2822068608023458,-3.0041666068689015,-5.812439369419514
26,I,k96_0.3_flat,1,I,1.0289981491925473,0.51,1.0623471251602497,0.0422255685623493,0.9163824540178541,1.0032509404909877,0.025371256360423002,0.2787457186936895,-2.9946989762939484,-5.799248543982946
27,I,k96_0.3_flat,1,I,1.032319969344582,0.5266666666666666,1.0696285011336757,0.04518892095633319,0.9150826665471035,1.0037103558984748,0.02551148705121194,0.2784280742882509,-2.99769151117024,-5.780227646646468
28,I,k96_0.3_flat,1,I,1.0340212922236107,0.4866666666666667,1.0732429346971217,0.044108216107942924,0.9222064302469518,1.0025108606078579,0.027184249152445623,0.2802519821318926,-3.000576149969486,-5.776590296140223
29,I,k96_0.3_flat,1,I,1.035524764179701,0.54,1.0768453980494401,0.050524846085957836,0.927661542716467,1.003359244702199,0.02601874407031135,0.28164155683136366,-3.013501583957457,-5.75944063712551
30,I,k96_0.3_flat,1,I,1.03352973245698,0.51,1.0723189487303741,0.04655784959861373,0.9077386361100408,1.0005164408468703,0.0255077372934643,0.276529351158607,-3.069633507778805,-5.830690805359192
31,I,k96_0.3_flat,1,I,1.0349671923506398,0.51,1.0753206451232624,0.04487175359841328,0.9048824559471265,1.0014594081312878,0.024191322208087347,0.2757931229580407,-3.0923928290588667,-5.813528314773375
32,I,k96_0.3_flat,1,I,1.0372965243637255,0.52,1.0803748076922626,0.04531583993321768,0.900680381048589,1.0013764556951132,0.02777905637808398,0.2747106070406321,-3.0707352004480386,-5.801946944427905
33,I,k96_0.3_flat,1,I,1.0374885336287285,0.5,1.0809633892330184,0.04835633395406011,0.9009393969076641,1.0041604319894326,0.02676366929325149,0.2747699688922545,-3.086295533356684,-5.843683081979392
34,I,k96_0.3_flat,1,I,1.0373440474702669,0.44333333333333336,1.0803611046413248,0.04310019900642262,0.8956866916880254,0.9973511333606457,0.029252542779104315,0.27340369738308046,-3.103232981089669,-5.800726113643466
35,I,k96_0.3_flat,1,I,1.039703127650676,0.5533333333333333,1.085684690921074,0.04724321924960031,0.9074689965806965,1.0017971398605294,0.02418006661185466,0.27644571304622595,-3.121853516582016,-5.793291424351782
36,I,k96_0.3_flat,1,I,1.0369042656997056,0.4866666666666667,1.0795331567428965,0.04541263052285488,0.9021837493838422,1.0046878693369345,0.02571393448644476,0.275089332114097,-3.10494310840901,-5.777943317795598
37,I,k96_0.3_flat,1,I,1.037150019218607,0.4633333333333333,1.0800547526115307,0.045275233824357566,0.9135629082038472,0.9918571126644239,0.025007673106471125,0.2780172992507832,-3.073932047954946,-5.7563404256529775
38,I,k96_0.3_flat,1,I,1.0386185747703747,0.53,1.0831040424958385,0.04291195712448268,0.9150401192301244,1.0048687175714528,0.02553606220164879,0.2783925404871181,-3.1397182106334163,-5.779125783553315
39,I,k96_0.3_flat,1,I,1.0418604955408102,0.5433333333333333,1.0902667267242399,0.04527350404416443,0.9165237690076625,1.0087522401571725,0.024730745005878494,0.27878800087802125,-3.179668489266039,-5.760699289261834
40,I,k96_0.3_flat,1,I,1.0386766633789843,0.5066666666666667,1.0832951089618712,0.04409169810101196,0.9118245814531152,0.9978682919649554,0.02760627418582507,0.2775776595983262,-3.173819175856708,-5.815599092866302
41,I,k96_0.3_flat,1,I,1.0429097792060884,0.45666666666666667,1.0925579075234673,0.045503848091626546,0.908592907627113,1.0108711083218893,0.0300226751878694,0.27671016037767165,-3.2103250285052587,-5.76873027701504
42,I,k96_0.3_flat,1,I,1.043596409301579,0.49,1.0939554396223283,0.043678754407117736,0.9001122346553476,1.006233211693401,0.027606301956604275,0.2745521884556742,-3.2389436433023118,-5.758592779893591
43,I,k96_0.3_flat,1,I,1.0469233731924348,0.51,1.10138809404583,0.047173903681410397,0.9014519440823419,1.0025595116217012,0.027134610152288362,0.27489152721832244,-3.230750262855263,-5.793938586766161
44,I,k96_0.3_flat,1,I,1.042850941745278,0.5066666666666667,1.0925147709724297,0.047265650378567885,0.8825382924447221,0.998451180055073,0.02908180173851058,0.26999699589619836,-3.2062612188957247,-5.79632900602364
45,I,k96_0.3_flat,1,I,1.0460902144192994,0.49666666666666665,1.099624867332854,0.048118030288004654,0.8764622159562462,1.0106076510500415,0.02525436611919933,0.2684195692726188,-3.205639821709004,-5.791753345288759
46,I,k96_0.3_flat,1,I,1.040818518438923,0.49,1.0880410276714048,0.045899279154321036,0.8896103354498348,1.0082107133133509,0.02728728009402791,0.27182983651563136,-3.2228005017628076,-5.800394507247014
47,I,k96_0.3_flat,1,I,1.046030279298644,0.47333333333333333,1.0997543427364056,0.052375620190443194,0.8875014146665361,1.0045681991750768,0.028211613095611102,0.27127593939010985,-3.233489158273768,-5.808357877593015
48,I,k96_0.3_flat,1,I,1.0405459520396845,0.49666666666666665,1.0875351123589916,0.047556712286926796,0.8957410010002758,1.0057820605455314,0.02842565785592008,0.2734262716384061,-3.300476234934015,-5.781260293445024
49,I,k96_0.3_flat,1,I,1.0431920557758578,0.5233333333333333,1.0932704217340665,0.047399650152200434,0.8950866412186711,1.0069860575001703,0.026482036167544496,0.2732597397547334,-3.276804723062054,-5.79427417561684
50,I,k96_0.3_flat,1,I,1.045274651012851,0.49333333333333335,1.097766044657026,0.04670145944991368,0.8872146391018697,1.0138332349169825,0.02856910748501866,0.27122955575391916,-3.2494097071720294,-5.805752454624965
51,I,k96_0.3_flat,1,I,1.044638184496569,0.48333333333333334,1.0965677515617454,0.05007096232262703,0.8905418137060607,1.0047567740170071,0.02918366675645556,0.27208735230922537,-3.265438848291759,-5.819620414453013
52,I,k96_0.3_flat,1,I,1.0446755648309924,0.5366666666666666,1.0964321662584429,0.04612655056256508,0.8877917371335214,1.0133279615275597,0.026177910612028944,0.27136493196611594,-3.3003232693864626,-5.819892274624108
53,I,k96_0.3_flat,1,I,1.045987572362934,0.5133333333333333,1.0992676696110157,0.04563219908075698,0.8835691944132841,1.0193913782888717,0.029277231326779802,0.2702703254617813,-3.2857302313893406,-5.793281703415501
54,I,k96_0.3_flat,1,I,1.0501732024826544,0.54,1.1086227732033922,0.049486761917907233,0.8962991089532628,1.0241794727899176,0.026066530102853952,0.27356246081923996,-3.2569660479950024,-5.761922825801985
55,I,k96_0.3_flat,1,I,1.0503183174285469,0.48,1.1090656262633138,0.05148590323536531,0.8928242298237785,1.0253347665683195,0.026862539141662183,0.27266768689833176,-3.2728553455828866,-5.765633395666711
56,I,k96_0.3_flat,1,I,1.046874623524657,0.4866666666666667,1.1014561259130042,0.05023858772812686,0.9093992066720451,1.028987550513538,0.025385586094885997,0.2769477781601548,-3.3008928861867943,-5.78197519207735
57,I,k96_0.3_flat,1,I,1.0476091495293556,0.48,1.1031704293710671,0.05192470656535028,0.8997456532983582,1.0359806825053954,0.026877106414551287,0.27447424223921607,-3.3322402211357,-5.7771812868517785
58,I,k96_0.3_flat,1,I,1.0515805150635689,0.5033333333333333,1.1116285574374039,0.04795418561252494,0.9034346796857942,1.0436047149435392,0.02091880107245831,0.27542109326567704,-3.3595337334387185,-5.780851346655242
59,I,k96_0.3_flat,1,I,1.0502756142335574,0.49,1.1089763031728093,0.051505730210819445,0.9118654592891328,1.0401655768370992,0.022504115074576215,0.27759566259449575,-3.3899419116126466,-5.752580894425697
60,I,k96_0.3_flat,1,I,1.0561077837689363,0.47333333333333333,1.1218027681780502,0.05183677136184572,0.9121464396596972,1.0455367000814788,0.0191588232990578,0.27767104179339697,-3.4036605840260026,-5.766134493768618
1,U,k96_0.3_flat,1,U,,,1.0014361345123675,0.03354497726481095,1.0034180527546088,0.9984959166192198,0.031326142481748004,0.30074431986700534,-3.103293900532142,-5.7029017903342085
2,U,k96_0.3_flat,1,U,,,0.9999746436791206,0.03417513088853109,1.0049923924045725,1.0044849690220106,0.030135345721480602,0.3011487836220933,-3.123658977573203,-5.6787143397149995
3,U,k96_0.3_flat,1,U,,,1.006155939860956,0.03502541980352366,0.9981913530957248,1.0036002628411602,0.0330104633539252,0.29945386863992224,-3.1054331208226786,-5.69596726437288
4,U,k96_0.3_flat,1,U,,,1.0055051495767398,0.034618128517961345,0.998259414041634,1.0077826722591714,0.026871993209040306,0.29946842082031994,-3.0815317689119297,-5.665383741004869
5,U,k96_0.3_flat,1,U,,,1.0136090043648722,0.03761137572997763,1.0094099866020485,1.0064318839328865,0.027854756391864494,0.30223968602069445,-3.083714991870277,-5.687688779468699
6,U,k96_0.3_flat,1,U,,,1.010771350775496,0.03752309278670765,1.0140116209093648,1.0015305955207285,0.026807291433706942,0.30339008311770005,-3.0929659917952947,-5.736594748118579
7,U,k96_0.3_flat,1,U,,,1.0160847352896816,0.038445142125236094,1.0111334371174567,0.996419060314849,0.026417597570210574,0.30265816491999503,-3.0848624664834863,-5.726035989150272
8,U,k96_0.3_flat,1,U,,,1.0202378695412209,0.038061175650232926,1.0156864686305342,0.9949344846597993,0.025955777196345044,0.30377362333436847,-3.0867361792068304,-5.716614896394237
9,U,k96_0.3_flat,1,U,,,1.0178425423476483,0.03530996763896725,1.0146137920934193,1.0007508852489797,0.026839664053540897,0.3035304978211258,-3.1429274407459213,-5.749207281416115
10,U,k96_0.3_flat,1,U,,,1.027672797658137,0.03634815494070884,1.0126237813107344,0.9956277185986626,0.030909342165587154,0.3030481972559263,-3.1310537089968236,-5.741275138232846
11,U,k96_0.3_flat,1,U,,,1.0267524985816037,0.03697041114542689,1.0170297312661585,0.9988792353995521,0.028511711773157727,0.30410884490202933,-3.124843894395679,-5.755005406816015
12,U,k96_0.3_flat,1,U,,,1.0248152935514663,0.035605988828744044,1.0169594139170195,1.0017756919895824,0.02784927136391247,0.3041162203003404,-3.1206859572178676,-5.758443063416629
13,U,k96_0.3_flat,1,U,,,1.0280608968493945,0.03739847567050709,1.021183064755423,1.0023632150289639,0.030927405631060268,0.3051537692343432,-3.12129333366782,-5.716575220285887
14,U,k96_0.3_flat,1,U,,,1.032851742268648,0.03848287305757635,1.012476512400771,1.0030849181545223,0.025791062884555238,0.30301709035923047,-3.14342090448705,-5.743905881833594
15,U,k96_0.3_flat,1,U,,,1.0343640953986968,0.037609666143030296,1.021466761212281,1.0046802535609196,0.026641884460539438,0.30520814679340513,-3.176706393289236,-5.74445148105171
16,U,k96_0.3_flat,1,U,,,1.0369597628479477,0.03795239580964331,1.0148472961678885,1.0043962945513367,0.024690102056683066,0.3035725853027132,-3.1676773603812967,-5.739410914343833
17,U,k96_0.3_flat,1,U,,,1.0383840102234252,0.03870180610391534,1.0244336196701551,1.0074478653200003,0.020163110535138102,0.30596770253340094,-3.1929140358728874,-5.735217287092938
18,U,k96_0.3_flat,1,U,,,1.040978842105224,0.04146628342786056,1.029899605707962,1.0042314958731622,0.02467229687919831,0.30732663283366773,-3.181143881032498,-5.748460238071193
19,U,k96_0.3_flat,1,U,,,1.039967923841469,0.03690575501240889,1.0227948538751797,1.0037217101784606,0.024180103068098008,0.3055718640672168,-3.203734575833863,-5.743823549203268
20,U,k96_0.3_flat,1,U,,,1.0426995658858629,0.039760942251340164,1.0318001236794254,1.0080645520091407,0.02516121893171501,0.3078074989482862,-3.2178726348792166,-5.758854172029407
21,U,k96_0.3_flat,1,U,,,1.0427106385030571,0.03430676738850888,1.0221131139494963,1.007660973746605,0.023920061038442266,0.3053915813395474,-3.211140438872748,-5.752798078934038
22,U,k96_0.3_flat,1,U,,,1.0451069289954682,0.03293931461766704,1.0244994383097792,1.0113949993761744,0.024264809738945566,0.3060017295315665,-3.1906581827760436,-5.753992287072562
23,U,k96_0.3_flat,1,U,,,1.0426404947229455,0.037379801992799645,1.0291743866797867,1.0124209462989624,0.02731495871776598,0.30716016319215533,-3.2037726744520274,-5.718099966883615
24,U,k96_0.3_flat,1,U,,,1.041324057079786,0.037625203707140446,1.0188792758375045,1.0067056147323463,0.02789515771773379,0.30457574868333437,-3.2379728713633678,-5.750691278841488
25,U,k96_0.3_flat,1,U,,,1.0417205246748718,0.035948150647549526,1.0203915192077038,1.0126527258124987,0.024387504568033673,0.30496949143460084,-3.2492594959311645,-5.72141599270162
26,U,k96_0.3_flat,1,U,,,1.0448483940389461,0.03822388090233446,1.0144288155051508,1.01456623430033,0.02358913052850005,0.3034782047016573,-3.2163082048802534,-5.789229239816748
27,U,k96_0.3_flat,1,U,,,1.0402912313127066,0.0355551225394789,1.0150587483301587,1.0189533764744858,0.021803108416632792,0.30363878173144504,-3.2174326512961247,-5.740564307104097
28,U,k96_0.3_flat,1,U,,,1.037891472805727,0.036505406741944836,1.0289762128875077,1.0184300959935186,0.02332954168602278,0.3070925902884019,-3.207738482787962,-5.749621335014826
29,U,k96_0.3_flat,1,U,,,1.043432482543328,0.03794893414122866,1.0277318737881602,1.0205430501568828,0.021062443069327003,0.30678258028401834,-3.216321407390747,-5.749480103672524
30,U,k96_0.3_flat,1,U,,,1.0439605370427065,0.03999827651350905,1.0312206591129727,1.014861578323738,0.02165604700236758,0.30764228506706554,-3.2164297150454777,-5.75256277294269
31,U,k96_0.3_flat,1,U,,,1.0424322108199575,0.03620216756993688,1.0364729201806482,1.0200486456550562,0.023848176174870027,0.3089372446747148,-3.195490876782399,-5.769742385019602
32,U,k96_0.3_flat,1,U,,,1.0405677602247032,0.0338432132103184,1.0391419340834198,1.0162160748144653,0.02278314279565733,0.3096041883137613,-3.166998056196652,-5.76186277521123
33,U,k96_0.3_flat,1,U,,,1.0446884640276197,0.03506791073222233,1.035777630578528,1.0130209364106786,0.02001499106822504,0.30879665744843543,-3.1943774163950884,-5.770912946430565
34,U,k96_0.3_flat,1,U,,,1.0396595822701955,0.037207728500543616,1.0424240220924041,1.010591124785854,0.021451623199505953,0.31044863391346755,-3.189660734078519,-5.7788736101908516
35,U,k96_0.3_flat,1,U,,,1.039211398943889,0.03379177470845985,1.036426762205218,1.0188040928437205,0.01702579741277464,0.3089540461081907,-3.16189858221617,-5.753536642451142
36,U,k96_0.3_flat,1,U,,,1.0376583560351398,0.03626893861677465,1.0331019574235663,1.0134262327190648,0.019929887085795673,0.3081451385112433,-3.1555138972726087,-5.743459795221697
37,U,k96_0.3_flat,1,U,,,1.04488360913039,0.03692630351862863,1.0342460109508451,1.0180561693550594,0.016768059466304882,0.3084113546525818,-3.126890320963321,-5.746382918131529
38,U,k96_0.3_flat,1,U,,,1.04171739422122,0.035877177609778495,1.028101600898849,1.0167897859764283,0.018878855497474437,0.3069004059666773,-3.1422842890631055,-5.737381233953731
39,U,k96_0.3_flat,1,U,,,1.0400315704094578,0.0365892106738152,1.027591012849797,1.015296547869215,0.0179048897430079,0.3067410059846723,-3.130789952295758,-5.748548421247967
40,U,k96_0.3_flat,1,U,,,1.0384814062281866,0.035409751490356765,1.0428901068084615,1.021160312782402,0.01873511694801324,0.3105316526237497,-3.138646162225648,-5.75374793809856
41,U,k96_0.3_flat,1,U,,,1.037223284607724,0.035993572710965475,1.038025877289023,1.0202939564632763,0.019921138150734746,0.3093411035294866,-3.125527542454464,-5.749849894491981
42,U,k96_0.3_flat,1,U,,,1.0415130673730106,0.03348723720707127,1.0487043742701514,1.026803482523062,0.02053450852761243,0.3119677977760917,-3.095600615297235,-5.730470956491642
43,U,k96_0.3_flat,1,U,,,1.037239738905852,0.03428220680945661,1.0439482000018168,1.0271322483829763,0.018975642277517215,0.3108035995893948,-3.1279907516364376,-5.75432788190015
44,U,k96_0.3_flat,1,U,,,1.0338500194722,0.031479013407252496,1.0554072004972663,1.030280250880404,0.016214474875930265,0.3135948503677852,-3.1227501972555416,-5.736557782337299
45,U,k96_0.3_flat,1,U,,,1.0330519519714858,0.033631022726219865,1.0569339934908388,1.0296112762035958,0.01929832996022828,0.313967860334074,-3.1265382943349476,-5.726324535681228
46,U,k96_0.3_flat,1,U,,,1.0342168916603767,0.03821028671706252,1.058809775084502,1.0281071366452734,0.016307380289684984,0.31442835229117,-3.1501587835701463,-5.754564891704969
47,U,k96_0.3_flat,1,U,,,1.0345670726948712,0.03875849311758883,1.064210464286399,1.029619508706267,0.018156714526780377,0.3157684313873716,-3.1387707453911706,-5.73757376057515
48,U,k96_0.3_flat,1,U,,,1.034770802202441,0.03704885523621752,1.0618648386324974,1.0280361825012614,0.016083906939679843,0.31518867438527176,-3.143793951933135,-5.757976636994909
49,U,k96_0.3_flat,1,U,,,1.0306290845792514,0.036060928460117714,1.0715777118790535,1.0275536949976207,0.015691148871653737,0.3175459091015267,-3.1783532787263966,-5.755779014967793
50,U,k96_0.3_flat,1,U,,,1.0358498468595754,0.03736113579371908,1.064633760882865,1.0304340465073623,0.016663596557825854,0.31585637461135924,-3.178346691812785,-5.763619742708845
51,U,k96_0.3_flat,1,U,,,1.0365821233629666,0.03953999676713073,1.0646541933917306,1.0264399652090537,0.018581143230256805,0.3158688869845038,-3.1687048799796496,-5.7813475220081285
52,U,k96_0.3_flat,1,U,,,1.032206487176765,0.03999194936236487,1.0612680912214891,1.0274411643927193,0.014262154786072529,0.31501103611348424,-3.147420969458983,-5.758975593364936
53,U,k96_0.3_flat,1,U,,,1.0298629605252327,0.03702363891650463,1.0696196724855822,1.026643734832293,0.0155640377564,0.31707454693135895,-3.1530270924932635,-5.78146030438755
54,U,k96_0.3_flat,1,U,,,1.0293885146780852,0.03808575416775949,1.0615354769812928,1.0281742587551068,0.016763396210058346,0.3150976865914194,-3.116854317432312,-5.786677503703566
55,U,k96_0.3_flat,1,U,,,1.030435564199272,0.036595377123146124,1.05809321356177,1.0268190900683332,0.016537522601717123,0.3142692682266678,-3.134493764960272,-5.80014552374324
56,U,k96_0.3_flat,1,U,,,1.0287349402323935,0.03335463889095537,1.056017087016247,1.027636981149174,0.019063588390645637,0.3137591019182607,-3.1059729753800114,-5.777942286861583
57,U,k96_0.3_flat,1,U,,,1.0289242972052925,0.03588934019037099,1.0614136942291097,1.0255323517273993,0.016231704446082906,0.31506922736628906,-3.113110882138602,-5.7886977967214825
58,U,k96_0.3_flat,1,U,,,1.030861977134193,0.03659866363483174,1.054105662067131,1.025829986021544,0.013898824793943212,0.31328008478399205,-3.1126614660936713,-5.793212975753376
59,U,k96_0.3_flat,1,U,,,1.0244092074447935,0.03642178340939932,1.0546410749391752,1.0270283115216423,0.014413853437289723,0.3134176750588443,-3.0982923852947986,-5.784957683535421
60,U,k96_0.3_flat,1,U,,,1.0231856597371694,0.036790578425757905,1.057878233696443,1.0287950117444462,0.010520953817087592,0.3142061020924176,-3.0996556679866814,-5.782632617459217
1,I,k96_0.3_flat,2,I,0.9993255508176266,0.5233333333333333,0.9993670098918415,0.0345356217357598,1.0089097895604273,0.9983648671584315,0.027546242855045706,0.30210556369085073,-3.116642647945215,-5.670938103559095
2,I,k96_0.3_flat,2,I,0.9971361627112199,0.5433333333333333,0.994905910184815,0.03632617927540533,1.0062248010249155,0.9963262143486467,0.029269578451860654,0.30142550494643783,-3.109377071762469,-5.680747912686757
3,I,k96_0.3_flat,2,I,0.9938873824225554,0.5166666666666667,0.9880054294238114,0.03214644709819681,1.0105398280532079,1.0008123527242163,0.02853458837027572,0.30254743082390584,-3.046946088419477,-5.720120177782884
4,I,k96_0.3_flat,2,I,0.9944011773505852,0.5,0.9892514019992416,0.036423447787255696,1.0092282225478413,1.0037377587879073,0.028361081393748884,0.30223176929968226,-3.0214180189921405,-5.710544581198579
5,I,k96_0.3_flat,2,I,0.9944018104965106,0.44666666666666666,0.9890692904493438,0.03223341170275099,1.019929414230037,1.0052793857843112,0.02349325990169882,0.3048777125893359,-3.036780150995283,-5.725862470035648
6,I,k96_0.3_flat,2,I,0.9959023378049069,0.5166666666666667,0.9923491795554332,0.036163743738683814,1.012192169101561,1.0107578177890069,0.024120305946092595,0.30295725085040864,-3.0415743388101926,-5.727589384145696
7,I,k96_0.3_flat,2,I,0.9967695309302186,0.5466666666666666,0.9940185399968903,0.03335056362570115,1.0193457905323087,1.011661100544696,0.026880156967189914,0.3047297341623811,-3.0305184988990885,-5.718364024689762
8,I,k96_0.3_flat,2,I,0.9952746882637067,0.5,0.9909175871001005,0.033276292797685805,1.023152389771013,1.0089829011455134,0.025171792310576636,0.3056853863737719,-3.040826386858696,-5.73814008925281
9,I,k96_0.3_flat,2,I,0.9935721953145031,0.4766666666666667,0.9872441869208585,0.02943903524876279,1.0192554974681005,1.0092563669529973,0.025617576146811847,0.3047257172947299,-3.0298579516559596,-5.730034092608859
10,I,k96_0.3_flat,2,I,0.9902312223345596,0.48,0.9803064504395903,0.028177868579915485,1.0423299719887087,1.0053418355249832,0.024479973093356554,0.31042872674419575,-3.0360286319153365,-5.775187082399631
11,I,k96_0.3_flat,2,I,0.9908525234018251,0.48333333333333334,0.9815869955536342,0.028190265799197426,1.0458690391033998,1.0115915803608266,0.02502401545315682,0.31130870329430055,-3.075204490428133,-5.82599514310531
12,I,k96_0.3_flat,2,I,0.9958302810614016,0.5066666666666667,0.9920488311821447,0.0328711717144818,1.0395868237735464,1.0044248144246364,0.027042573631115962,0.3097528774982751,-3.1186635564732232,-5.800042377409137
13,I,k96_0.3_flat,2,I,0.9949811110768483,0.45,0.9901979206350672,0.03048148282692142,1.0324100238063492,1.0063997490462804,0.0261741646160479,0.30798181503875344,-3.0920735528051355,-5.824809964730063
14,I,k96_0.3_flat,2,I,0.9971314188586585,0.5466666666666666,0.994682540249165,0.03126229375514924,1.0377907661212349,1.0144601466150087,0.02538918735296871,0.30930805563918906,-3.0786496957217495,-5.786263850060376
15,I,k96_0.3_flat,2,I,0.9974389699213331,0.52,0.9954335347092002,0.03403047593954631,1.0322735680279664,1.0104640871068253,0.02674878711296491,0.3079377492019896,-3.0775193460107007,-5.803404929596796
16,I,k96_0.3_flat,2,I,0.9980508824065613,0.49666666666666665,0.9968254597504388,0.03671620411604513,1.0271672999209394,1.0178685211682206,0.02241547092412499,0.3066622172350045,-3.0899987185339524,-5.719367854825865
17,I,k96_0.3_flat,2,I,0.9938096650467089,0.5033333333333333,0.9879136011146329,0.033835456805776765,1.0283097374069936,1.011698863678401,0.029875949022763363,0.3069643067764253,-3.0491164466016993,-5.764293173505352
18,I,k96_0.3_flat,2,I,0.9960533353560702,0.49666666666666665,0.9926279858656494,0.03553491842225691,1.0285726503625165,1.0146193357151723,0.02425140710038896,0.30701850550837184,-3.0518068560919844,-5.754441971988444
19,I,k96_0.3_flat,2,I,0.9963436506155506,0.54,0.9932299258814743,0.03542520682074558,1.0322394912766768,1.016621237529484,0.019625830423796016,0.30792937770378537,-3.0461755821948553,-5.7470660071782715
20,I,k96_0.3_flat,2,I,0.9980597507140562,0.4866666666666667,0.9968816403955301,0.03751369091237819,1.0290189043836513,1.0195955043443825,0.015753101372984125,0.3071230588622847,-3.0330279526936175,-5.816798437523204
21,I,k96_0.3_flat,2,I,1.0018068468205357,0.49666666666666665,1.004640629678372,0.0368839059156904,1.0248905962514936,1.0160417119566532,0.018903794139929025,0.3061227753833034,-3.0529083578208005,-5.77951537558595
22,I,k96_0.3_flat,2,I,1.003026206823019,0.48,1.0072866151199737,0.039025229369680926,1.0176227651566327,1.0175376921777755,0.01714883849749711,0.3043043149618515,-3.0502361198214802,-5.763215945922005
23,I,k96_0.3_flat,2,I,0.9999874859732812,0.5333333333333333,1.0010354422082939,0.040456814091418554,1.0177134145366578,1.0115348337090189,0.02235215132124893,0.30433783049861385,-3.022988269968317,-5.742084900808256
24,I,k96_0.3_flat,2,I,1.0026943356432374,0.49333333333333335,1.0070170709162365,0.046831540491946495,1.0051179514026323,1.0065556790932253,0.02316452067002552,0.30121547172226787,-3.0634300801098275,-5.735635234073483
25,I,k96_0.3_flat,2,I,1.0034562410474572,0.49666666666666665,1.008169459206428,0.038625293554837126,1.0023547160027,1.008053834258247,0.019166771900524827,0.3005353777369036,-3.057728612184021,-5.725190476789112
26,I,k96_0.3_flat,2,I,1.0066573222330257,0.44666666666666666,1.0148396458502569,0.03843232486100391,0.9917770338918327,1.003879843330777,0.02601026152307529,0.2978814339094246,-3.088991412039511,-5.721831622923192
27,I,k96_0.3_flat,2,I,1.0075708527016778,0.49666666666666665,1.016793115150043,0.03933195788635329,0.9905895727756004,1.011134731419313,0.01951071549648396,0.2975822462606023,-3.049460022267598,-5.6856246083925015
28,I,k96_0.3_flat,2,I,1.006304576864442,0.52,1.014196721161149,0.0403657402935687,0.9925197832226985,1.0133244480174175,0.01708753817364642,0.29805600086758754,-3.061254185845102,-5.702070419304993
29,I,k96_0.3_flat,2,I,1.0066275151478563,0.5033333333333333,1.0147785503173308,0.03840037870396876,0.9966502750353732,1.0119862486340356,0.024236830658827414,0.2990973722032039,-3.067560631863606,-5.6730949935198245
30,I,k96_0.3_flat,2,I,1.0094514451030814,0.5333333333333333,1.0206318338016112,0.0371136308328156,0.9914547998638553,1.0154055319345803,0.022684353169516506,0.2977980411163382,-3.101299967640237,-5.694774741124075
31,I,k96_0.3_flat,2,I,1.0080462112909274,0.5766666666666667,1.0176300090261137,0.035755097033633075,0.9899682864470375,1.0136831413963685,0.017292872803363456,0.29742135412407295,-3.0627882569469604,-5.737665840171968
32,I,k96_0.3_flat,2,I,1.007374519790326,0.52,1.0164264692717127,0.04000960192775145,0.9943621698455423,1.0173874635547433,0.018361112679717254,0.29852854707221904,-3.0699041108658296,-5.708944469746355
33,I,k96_0.3_flat,2,I,1.0086963340247936,0.4533333333333333,1.0191326311577786,0.038771242756247826,0.995706810399627,1.0193337675221348,0.019822388730953707,0.29886027911243895,-3.056341545354065,-5.716002957854447
34,I,k96_0.3_flat,2,I,1.0130195374334867,0.4866666666666667,1.0281874256084074,0.03809674147354892,0.9911452842439162,1.0163515890944579,0.017730906381504017,0.29771634344864845,-3.1112321271973555,-5.694542766148235
35,I,k96_0.3_flat,2,I,1.010391126704149,0.51,1.0227404834535632,0.03990703902601262,0.9852791176765217,1.018040256879223,0.021302559297008708,0.29620304661746577,-3.0837080808576904,-5.6988725225019286
36,I,k96_0.3_flat,2,I,1.0113473757127571,0.5033333333333333,1.0248112473828,0.04107159989627994,0.975060484639281,1.0160580692960826,0.021452495780692332,0.29365122129223076,-3.083533166998831,-5.748332719889942
37,I,k96_0.3_flat,2,I,1.0119443783748807,0.4866666666666667,1.0259962003505654,0.03963104998825241,0.9713545516282402,1.0166793936805028,0.019758655109519473,0.29273051617186896,-3.0948331762840007,-5.748700889249808
38,I,k96_0.3_flat,2,I,1.012554842346718,0.5066666666666667,1.027278102165036,0.03949387708963652,0.9597599531515838,1.0177778841127743,0.015407987054435954,0.28977989289568723,-3.1001280517772756,-5.7718834169603745
39,I,k96_0.3_flat,2,I,1.013924680729623,0.53,1.030276177230501,0.04170157290104567,0.9571367509053778,1.017304767909037,0.01807487777656082,0.28913373232114953,-3.07128404738008,-5.7625296636816
40,I,k96_0.3_flat,2,I,1.012610816981743,0.5366666666666666,1.0276232354431354,0.04383934450230587,0.9542198643641404,1.021286318542169,0.015109060026120127,0.28836964397914877,-3.145407862418516,-5.758676680185822
41,I,k96_0.3_flat,2,I,1.0133819899883822,0.4766666666666667,1.0291618765614978,0.042250654228057974,0.9475304941140036,1.021808754358966,0.019508575558693685,0.2866971138916844,-3.148163004851931,-5.794859253355584
42,I,k96_0.3_flat,2,I,1.0118597336528374,0.47,1.0256199556214867,0.03550399846909759,0.9451715299840407,1.0203267031664551,0.01616076313143839,0.28608672008422836,-3.105599891838351,-5.713544975838341
43,I,k96_0.3_flat,2,I,1.0119500254669174,0.52,1.0257814719358946,0.03479699531705366,0.9562930193821667,1.0209323909807457,0.017875029798019346,0.28891978244379524,-3.138437305761747,-5.750845542256063
44,I,k96_0.3_flat,2,I,1.0099147650177447,0.5233333333333333,1.0215698333776337,0.036434095202744377,0.9742160823910934,1.0254901686267552,0.018810445844050012,0.29341062821745123,-3.1403913944106243,-5.698947399693497
45,I,k96_0.3_flat,2,I,1.010389344382128,0.44333333333333336,1.022472197895724,0.03421060312247697,0.9713847115509592,1.027453074551778,0.01944644221102585,0.2927148792274007,-3.1335532955753784,-5.729941934589812
46,I,k96_0.3_flat,2,I,1.0162040367350698,0.5,1.0348850925128819,0.037557452312499184,0.9766209417707387,1.0334842409116818,0.016905181733044623,0.29402936468209473,-3.099115469134363,-5.726570744835482
47,I,k96_0.3_flat,2,I,1.0167879395214219,0.5266666666666666,1.03585193578249,0.031278382682066945,0.970226573205277,1.0226659117276142,0.021927982129113247,0.29243188431361367,-3.141386070543877,-5.714260622797522
48,I,k96_0.3_flat,2,I,1.0162807251435722,0.5066666666666667,1.034882616568881,0.03401752763202164,0.9696246630848746,1.0245611235496355,0.018711242296115413,0.2922522052081432,-3.1313157545333548,-5.746007850331968
49,I,k96_0.3_flat,2,I,1.0174850703073595,0.5033333333333333,1.0374766949968435,0.034964384864030786,0.9699086900334377,1.0187193126938014,0.02491823890370558,0.29232773516006266,-3.156224798334431,-5.73579871788431
50,I,k96_0.3_flat,2,I,1.0179954993788765,0.49,1.0386073104528815,0.036141445892938696,0.963074797642844,1.0224538115507593,0.02507561936506717,0.29062244339472265,-3.1720344135615743,-5.756766014017342
51,I,k96_0.3_flat,2,I,1.0122141503028672,0.5233333333333333,1.0263678224264443,0.03549303835440326,0.9608228488441815,1.0259539531300566,0.026668779038017305,0.29005624764558574,-3.15629866804276,-5.761465478297567
52,I,k96_0.3_flat,2,I,1.012570843902202,0.5266666666666666,1.0272692012996023,0.03878065667866603,0.9689166095595578,1.0229580134400078,0.024821108708834996,0.29208395760280986,-3.1563371457240175,-5.772268099165767
53,I,k96_0.3_flat,2,I,1.0117111261493192,0.49,1.0253973544002024,0.03752122753780424,0.9652580719430068,1.02173059936798,0.025465611552805294,0.2911755734430432,-3.176982949796264,-5.797599925393323
54,I,k96_0.3_flat,2,I,1.0148721522370516,0.49333333333333335,1.0320058056629595,0.036210528916091465,0.9544166727241757,1.0167705429272298,0.026083693528033972,0.28846075509549013,-3.2274213218041026,-5.809900084215467
55,I,k96_0.3_flat,2,I,1.0152808054326676,0.5066666666666667,1.0328261172171596,0.035296359754637546,0.9775517147628837,1.0224711461234637,0.02572435042760627,0.2942842733496225,-3.2149016433563533,-5.820852390474356
56,I,k96_0.3_flat,2,I,1.0149067832423062,0.53,1.0320445063304058,0.03557022443112156,0.9709803413026293,1.0185638950880544,0.02557419215131968,0.2925997925488663,-3.1996768622369998,-5.785248787802581
57,I,k96_0.3_flat,2,I,1.0123892982587799,0.5533333333333333,1.0266072623237585,0.0325975756081636,0.9731878554672111,1.0169110660144354,0.02867937173268483,0.2931951359217097,-3.184502020694159,-5.814117432782837
58,I,k96_0.3_flat,2,I,1.0100096546897175,0.4866666666666667,1.0216043530736743,0.0326148149298338,0.9759982263120389,1.0220734542816425,0.021649906628792844,0.29392040612839204,-3.2144994147702786,-5.837307456898615
59,I,k96_0.3_flat,2,I,1.0118384024379385,0.49333333333333335,1.0255389485961468,0.03482824000536886,0.9774232198173539,1.0122073000352985,0.031026418088293057,0.2942787844668101,-3.222891800854315,-5.808762330677659
60,I,k96_0.3_flat,2,I,1.0088747018410649,0.5233333333333333,1.0190730935201353,0.028853517262455552,0.9770992169429754,1.0222257642309667,0.029990871106757275,0.29418540991000924,-3.25355723724591,-5.7978055713082135
1,U,k96_0.3_flat,2,U,,,1.0023720798871476,0.035079787691241614,0.9959171219033301,1.0002656250754385,0.027033932761138278,0.2988883731807644,-3.096499780290392,-5.677026496934404
2,U,k96_0.3_flat,2,U,,,0.9998355932483264,0.032062229124606316,0.9856578567460555,0.9983958818034209,0.029072334625968674,0.2963295664312989,-3.0831995603828477,-5.698556695542015
3,U,k96_0.3_flat,2,U,,,1.0029198118050173,0.033027299778245534,0.9878796183406192,1.0044248173224017,0.027589923056440285,0.29688671796257105,-3.095252405880586,-5.7049462737052
4,U,k96_0.3_flat,2,U,,,0.9981890224472303,0.035877686526567,0.9885387844561345,1.0010356486998293,0.027119381778922383,0.2970424041441067,-3.117698882979446,-5.726426453982286
5,U,k96_0.3_flat,2,U,,,0.9947031260434559,0.037353556596582314,0.9927817564264755,1.0029556377803195,0.03202297527152575,0.29810519469243224,-3.141271756388646,-5.753646337922934
6,U,k96_0.3_flat,2,U,,,0.9918692497959881,0.03360393601935253,0.9982329232870808,0.9971543256692527,0.031825748917867575,0.2994798639510403,-3.1248306597377162,-5.746500975041812
7,U,k96_0.3_flat,2,U,,,0.9913976009127534,0.0325052601198228,0.9974691404023186,1.000917759119486,0.030816615830550953,0.2992836113708793,-3.190058461096519,-5.758135855126905
8,U,k96_0.3_flat,2,U,,,0.9949210627832379,0.036700264598561856,1.0073367656068455,0.9976335509499386,0.030350260061856312,0.3017454760234448,-3.1335895631458888,-5.778541967867727
9,U,k96_0.3_flat,2,U,,,0.9948944163213386,0.03931199748897477,1.0081203884824497,1.0016938164847689,0.028075638091378037,0.3019585291918104,-3.131190372334357,-5.80524616004951
10,U,k96_0.3_flat,2,U,,,0.9987282445785858,0.038972155011937085,1.0100217391419646,1.0060298554638287,0.03163664824906544,0.3024175659514915,-3.122772549337466,-5.775359195364433
11,U,k96_0.3_flat,2,U,,,0.9991926922674303,0.03762926716697679,1.0055860594619916,1.010309783632968,0.02500979143290893,0.3012972985285242,-3.1735106870884806,-5.763595794475208
12,U,k96_0.3_flat,2,U,,,1.002691387334331,0.03678474712384156,1.0023395876879098,1.0159988508848243,0.02400216646972247,0.3004910736147924,-3.15472651224001,-5.75388782001856
13,U,k96_0.3_flat,2,U,,,0.9999159324204108,0.03626070813271871,1.0014618743897576,1.0081953796456489,0.024544866106866254,0.30026943921232657,-3.2208400496554837,-5.810114600666688
14,U,k96_0.3_flat,2,U,,,1.0014017491595404,0.03749466739135691,1.0092493386790973,1.0085334646522373,0.02455009471422676,0.30221521933352674,-3.1834814805940503,-5.8155163765613755
15,U,k96_0.3_flat,2,U,,,1.0040318683031078,0.03510345052683142,1.007331105524676,1.006659283841917,0.028411642000670832,0.3017090156436846,-3.1946292434456907,-5.781981900036455
16,U,k96_0.3_flat,2,U,,,1.011143999117365,0.03785678392850789,1.0052538705347729,1.0041215164314845,0.028668242170928088,0.30122067506343164,-3.1573062886846412,-5.802008906796911
17,U,k96_0.3_flat,2,U,,,1.0117535411148741,0.03783354784773663,0.9943777188330682,1.004978539222425,0.03143419246780298,0.29849148732296094,-3.1860260906216196,-5.8076829405531045
18,U,k96_0.3_flat,2,U,,,1.010622920733992,0.03819712529280824,1.007212491851824,1.0054828117519656,0.029320701598477793,0.3017069469657498,-3.111140170226645,-5.819382916237933
19,U,k96_0.3_flat,2,U,,,1.0046197073762895,0.03465603762045883,1.002404943991769,1.0073886140095518,0.028430491436666382,0.30048732739376116,-3.1479565570670656,-5.784143069906052
20,U,k96_0.3_flat,2,U,,,1.0058161623966313,0.034791537477367615,1.0061454775860654,1.0072240597495175,0.031783412800159956,0.3014265159225662,-3.124796196974051,-5.743009689899961
21,U,k96_0.3_flat,2,U,,,1.002353877435686,0.03573316779576951,1.0077987829016912,1.0123579407459071,0.027943514956925264,0.3018525477397988,-3.1201803069355076,-5.7838279615246435
22,U,k96_0.3_flat,2,U,,,1.0023913299666476,0.03489276465266611,1.0038341920060456,1.0084564705871564,0.02948547234338854,0.3008647560427711,-3.115363457775142,-5.7833295929218655
23,U,k96_0.3_flat,2,U,,,1.000888578920895,0.03656855024318377,1.011383529487714,1.010733573420296,0.025334645988276495,0.3027299977665503,-3.146823490407957,-5.7594262888239545
24,U,k96_0.3_flat,2,U,,,1.0027261469923119,0.03611321057559746,1.0204136945803632,1.0092613060000735,0.027702270517168164,0.3049582476441516,-3.1121470335248658,-5.768680948405464
25,U,k96_0.3_flat,2,U,,,1.0015463224107979,0.03705000772022725,1.0223052958142154,1.0078070676904367,0.024543817043699196,0.3054297648287799,-3.1237059762720816,-5.802718284504226
26,U,k96_0.3_flat,2,U,,,0.9989746453936793,0.036535442522382715,1.0171649723620666,1.0065206126574757,0.027342907563249235,0.304177539761068,-3.1116579168455454,-5.773214045693612
27,U,k96_0.3_flat,2,U,,,1.0025402761222635,0.03625763263802913,1.0220363700168695,1.006774250982158,0.02482418623176118,0.3053570788536222,-3.14096712256015,-5.808489001464109
28,U,k96_0.3_flat,2,U,,,0.9988343072230034,0.036547896020150496,1.01504241975254,1.0114986356394808,0.024088600424101197,0.303632338334001,-3.1479455383946062,-5.820533033563967
29,U,k96_0.3_flat,2,U,,,0.9995860467123231,0.03570282279825425,1.0287266763659029,1.010870531123661,0.027454951468734123,0.30703494597830044,-3.101944206602433,-5.810880466655039
30,U,k96_0.3_flat,2,U,,,1.000682687647901,0.03647311680049958,1.0260876813077824,0.9997456818456972,0.028079245441368843,0.30635054554363206,-3.157983319697364,-5.792874717920261
31,U,k96_0.3_flat,2,U,,,1.0019224901988417,0.03751108467704624,1.0266468008391019,1.0003937921691965,0.025329175877409876,0.30650960965601004,-3.156444520481123,-5.775015408992388
32,U,k96_0.3_flat,2,U,,,1.0041768986327724,0.034276448116912384,1.0201247154544566,1.0006857869199244,0.034162320828993974,0.30486346280954124,-3.199232278912043,-5.8364622126542836
33,U,k96_0.3_flat,2,U,,,1.0011715552506075,0.03525809984089588,1.0244887146552537,0.9989873844951231,0.0331244179412119,0.3059394761446059,-3.1568254487915293,-5.8120029764106995
34,U,k96_0.3_flat,2,U,,,0.9989027205807255,0.031298721892989614,1.0127090348619425,0.9977375493792147,0.029125618822285773,0.3030430424966468,-3.161234051086263,-5.830573273498763
35,U,k96_0.3_flat,2,U,,,1.0007143708233366,0.035117539250998635,1.0147582015029066,1.0005840744023404,0.026212444076661626,0.3035661791074736,-3.1598586443614347,-5.82001547124818
36,U,k96_0.3_flat,2,U,,,0.9992859823636051,0.030726682553082446,1.0166629880974953,1.0016657642391855,0.02974821064021838,0.30403044420146635,-3.1526412140434648,-5.833034673741454
37,U,k96_0.3_flat,2,U,,,1.0012566065086863,0.03244661993655322,1.0133096216399418,1.000152361295041,0.02727887568963708,0.3031959774355655,-3.1883007982533718,-5.834922671627774
38,U,k96_0.3_flat,2,U,,,1.0005409746896037,0.0329230435572764,1.0123357930446952,0.991021635638803,0.02855125708516592,0.30299604582872347,-3.165756190547062,-5.810030759485944
39,U,k96_0.3_flat,2,U,,,0.9988050354130988,0.032792365974150785,1.0114410917283878,0.9923644885401488,0.031076131877247337,0.3027724890725482,-3.1771156749103238,-5.811739209295814
40,U,k96_0.3_flat,2,U,,,0.9963613435243707,0.03163088876205633,1.0110951930169854,0.997211504246313,0.0262429652939913,0.30268781504340964,-3.1776055495146975,-5.80252428080352
41,U,k96_0.3_flat,2,U,,,0.9941699471002325,0.03100002837157919,1.0123070177620541,0.99768090625704,0.025982006399788673,0.30298036772995035,-3.1734572228333193,-5.810343442496037
42,U,k96_0.3_flat,2,U,,,0.9977094606791438,0.035434458274156845,1.0090704211461685,0.9933054040008877,0.02773220773238278,0.3021812877249024,-3.1586623606157027,-5.802310004231669
43,U,k96_0.3_flat,2,U,,,0.9988681650337645,0.033378956292123306,1.0099052678495544,0.9910310759545409,0.028741097944421555,0.30238985127054785,-3.189001441099653,-5.806278471342868
44,U,k96_0.3_flat,2,U,,,1.0005993213435567,0.03685807737572963,1.006338661437139,0.998477841739043,0.024940498231791747,0.3015088906209267,-3.2062375777754655,-5.8244321646767725
45,U,k96_0.3_flat,2,U,,,1.0022755574479831,0.03470746796302193,0.9974001690948664,0.9963802465569751,0.026902951289770046,0.29926815682818425,-3.1779922113035637,-5.770104715641149
46,U,k96_0.3_flat,2,U,,,1.006059542674061,0.03695194784456548,0.9939566188050863,0.9967748380077016,0.025589416347194676,0.29842391353060416,-3.1786321737627667,-5.78601797469471
47,U,k96_0.3_flat,2,U,,,1.0032758498821437,0.03478392614341823,0.9995090178007191,0.9973848642822247,0.02101615971643266,0.2997987773599861,-3.17651659650061,-5.778032404122471
48,U,k96_0.3_flat,2,U,,,1.0013080295806567,0.0352660878240403,0.9952436886090061,0.9981348529582271,0.023032232420588057,0.29873250941120755,-3.1788694749442814,-5.74147046451879
49,U,k96_0.3_flat,2,U,,,0.9966645546750373,0.03196472804836373,0.9965562318578831,0.9972717651693578,0.02494350000896458,0.29907370964133484,-3.2148275664697517,-5.763376619007586
50,U,k96_0.3_flat,2,U,,,0.9978402966204363,0.02976501019633787,0.9832091238281678,0.9913808549303382,0.027169773052789652,0.29572532230798987,-3.204286662717473,-5.735153400156829
51,U,k96_0.3_flat,2,U,,,1.0001400978012491,0.03235956163862015,0.986761114644028,0.9938874246182108,0.025622956908895295,0.2966173304504114,-3.2352450759969518,-5.805973209556176
52,U,k96_0.3_flat,2,U,,,1.0031410781991692,0.03154466186463798,0.9838548196070159,0.9986778609433209,0.019321488613708755,0.2959040652937275,-3.2176034620777347,-5.812513314926437
53,U,k96_0.3_flat,2,U,,,1.0120847787605185,0.03570748165143944,0.9809744167935169,0.9987224147366082,0.02020814457553775,0.2951827905113952,-3.206194446083807,-5.783536636267923
54,U,k96_0.3_flat,2,U,,,1.020285496029726,0.03705642217700199,0.9810964451102637,0.9986021035872591,0.0232616114730796,0.2951911384752248,-3.222754120305313,-5.751220282440553
55,U,k96_0.3_flat,2,U,,,1.022492652522483,0.0364614119912558,0.9768677019457386,0.9966551471312376,0.020944538488095292,0.2941265319034868,-3.2040141161315843,-5.738145429181492
56,U,k96_0.3_flat,2,U,,,1.0214887960307548,0.036581478566672834,0.9871850373511396,0.9983540594034848,0.02057803072460418,0.29672588622405804,-3.190695459574108,-5.747887514200848
57,U,k96_0.3_flat,2,U,,,1.0216094506875733,0.03789314483994859,0.9819958676309882,0.9960421057562486,0.022321122657535802,0.2954163731817397,-3.2066470362781154,-5.708682231016821
58,U,k96_0.3_flat,2,U,,,1.0166074948577197,0.032524580976073324,0.9807182928811304,0.9973835902854887,0.021682648592009943,0.2950728647153495,-3.205904393540613,-5.754174183711516
59,U,k96_0.3_flat,2,U,,,1.019054238817833,0.03643669785253048,0.9829554823574846,0.9980572654256226,0.018894846251176347,0.2956507922954411,-3.238364925614885,-5.734573747220343
60,U,k96_0.3_flat,2,U,,,1.0217537904272675,0.037435298977372654,0.9689986088627628,0.997874445841442,0.021368970891009184,0.2921290123941055,-3.2370861733982657,-5.732422112249621
1,I,k96_0.3_flat,3,I,1.0011269227098212,0.5,1.003076156579042,0.03363601936641266,0.9962703992452968,0.9988940269562143,0.028635565769484183,0.29896748040045185,-3.1133144081022444,-5.716853465490836
2,I,k96_0.3_flat,3,I,1.003762634785365,0.47333333333333333,1.0087146025617528,0.036852011077006926,1.0053464184168774,1.0062563987097175,0.02896514572509624,0.30120653199294206,-3.1385733288069524,-5.694618385132377
3,I,k96_0.3_flat,3,I,1.0057366983943303,0.47,1.0128228391007241,0.036557339604277636,0.989531099553058,1.0049947372197119,0.02772974084804103,0.29727085556666527,-3.1493501705311626,-5.670772237930345
4,I,k96_0.3_flat,3,I,1.0053166289308,0.46,1.0119664651686868,0.036951180654117996,0.9977892706613949,1.0022446634279711,0.02871541715220585,0.29937664051901547,-3.1037056174687003,-5.6970612739506405
5,I,k96_0.3_flat,3,I,1.005088175815086,0.49666666666666665,1.011580098660553,0.03889004892669286,1.001277606225279,0.9994709969806123,0.02429495650258385,0.3002503512596805,-3.123106588806417,-5.697059553479109
6,I,k96_0.3_flat,3,I,1.0024088407358291,0.48,1.0059804572949762,0.03866637007675956,0.9918632286698583,0.9957024195468007,0.027165441355801755,0.2978817334667599,-3.1685809216418495,-5.727357309925364
7,I,k96_0.3_flat,3,I,1.000382853719155,0.52,1.0019747531706045,0.042849307839099675,0.9937573268314814,1.001636850569227,0.031383990993702794,0.29834070711948085,-3.1600522812125393,-5.692059318183504
8,I,k96_0.3_flat,3,I,0.9992006250625242,0.4866666666666667,0.9993597445025002,0.03980924678672165,1.0011037105107108,0.9979731673600676,0.030797877703728892,0.30013917529561934,-3.1646281456467387,-5.704389095946953
9,I,k96_0.3_flat,3,I,0.9982320018675425,0.4766666666666667,0.9972358134765374,0.03755517351630815,1.0052015931065037,1.0061466676085133,0.028911707728968984,0.30115874075041205,-3.2084099158475894,-5.696666723488595
10,I,k96_0.3_flat,3,I,1.0044860103150992,0.5266666666666666,1.010528217901887,0.042977157327313005,0.9977292413043672,1.00987857388017,0.03473910083735227,0.29928523517095196,-3.2510825925525775,-5.670385909257049
11,I,k96_0.3_flat,3,I,1.0030380157764627,0.5033333333333333,1.0072640484012076,0.03826065024259785,0.9875934468420106,1.0076886278690287,0.02855858662239631,0.2967453379490811,-3.263384610737189,-5.664075236046619
12,I,k96_0.3_flat,3,I,1.0009665510627341,0.51,1.002946903823168,0.03819445269802756,0.9968922585312496,1.0115933239549908,0.02902547494989739,0.2990849729131444,-3.2446152530667933,-5.718270409903592
13,I,k96_0.3_flat,3,I,1.0062204529771364,0.4633333333333333,1.0139175851225901,0.03826503939242762,0.985395157798127,1.0069141774306551,0.029057289392386956,0.2961859325959686,-3.239830503960703,-5.698422163393925
14,I,k96_0.3_flat,3,I,1.00528539145332,0.52,1.0125238129280532,0.04857001819144944,0.9909807434556406,1.0097567067036195,0.03224735763394247,0.29762962614364263,-3.2721579012551465,-5.724377876059621
15,I,k96_0.3_flat,3,I,1.0065653022460823,0.4766666666666667,1.0149279426245121,0.04365621767641077,0.989693793496377,1.0063943397438009,0.03339512011380769,0.29730495566075654,-3.294123470302634,-5.671535348170775
16,I,k96_0.3_flat,3,I,1.0061458272363988,0.48333333333333334,1.0141262228122754,0.04505583525794076,0.986977532948237,1.0070018593891275,0.03657547913035552,0.29663846778646036,-3.2917964890768676,-5.70807433843456
17,I,k96_0.3_flat,3,I,1.0086642406383028,0.48,1.019523095718777,0.047224282890980594,0.984188063116646,1.0035458593818471,0.033127746716012575,0.29593426148104796,-3.2652435375778257,-5.7136088281588036
18,I,k96_0.3_flat,3,I,1.0065070938124685,0.5266666666666666,1.014966133064227,0.04663966391290047,0.977605740530577,1.0136973401344171,0.02769545767984405,0.2943050372916474,-3.3022223337992562,-5.762553886876764
19,I,k96_0.3_flat,3,I,1.0122121464270561,0.5233333333333333,1.0271860166145683,0.05058634712189863,0.9716147569038059,1.0117304587083182,0.030222645743790275,0.2928073621888908,-3.3120498227498723,-5.801902047241513
20,I,k96_0.3_flat,3,I,1.0135582684141384,0.5033333333333333,1.030174601129295,0.05310525592011927,0.9762724994477446,1.009475435307882,0.02810214611864726,0.2939764653271384,-3.3141183735640296,-5.797365900628072
21,I,k96_0.3_flat,3,I,1.0084104818982804,0.5233333333333333,1.0193161151782644,0.052428556127561726,0.973841627573017,1.0090692431790798,0.026930421575942335,0.2933715295048056,-3.3558549787858576,-5.806596939647543
22,I,k96_0.3_flat,3,I,1.0086911296965284,0.5066666666666667,1.0198259489026542,0.05122351432557966,0.9709415535521692,1.0059199712007185,0.031034957768229385,0.29262726193418237,-3.381144518294192,-5.809320842482063
23,I,k96_0.3_flat,3,I,1.0085416570848547,0.47,1.0193794708315624,0.04919996212732524,0.9746360483752722,1.0117843370759634,0.027210556042634396,0.2935730069220708,-3.361619194510813,-5.814840288837008
24,I,k96_0.3_flat,3,I,1.004185327211887,0.54,1.0100442432770713,0.0452685907931165,0.979787956094231,1.0136811063678401,0.027489959627546707,0.29487828798227594,-3.3385851293046485,-5.851854461429647
25,I,k96_0.3_flat,3,I,1.0028393164862632,0.48333333333333334,1.0071174589936158,0.043392692393716153,0.9828698520182786,1.013859235507679,0.02810906640102022,0.2956436870193864,-3.3306681425540834,-5.778706922523253
26,I,k96_0.3_flat,3,I,1.0068226960547926,0.5233333333333333,1.0153945250815892,0.042332266577773545,0.9790994005864216,1.0149127018528707,0.026443098466406672,0.2947089752216415,-3.33152213696742,-5.825403421456558
27,I,k96_0.3_flat,3,I,1.0066397674485275,0.49666666666666665,1.0153844395690679,0.048804902244734,0.978319446170857,1.019624476470719,0.02808196852953997,0.2945125320274398,-3.349258814925605,-5.796109378842233
28,I,k96_0.3_flat,3,I,1.0060038570628407,0.57,1.0141563304327517,0.050508898320835445,0.9808926713901205,1.0251318549414479,0.030372953234271284,0.29514207153539584,-3.3556929237045887,-5.799238471307694
29,I,k96_0.3_flat,3,I,1.0042202083851104,0.52,1.01022063769565,0.047234242154695336,0.9749734036507365,1.0286081022317428,0.026418635185955656,0.2936660454303339,-3.3048043736223662,-5.769309360428313
30,I,k96_0.3_flat,3,I,1.0063154270733312,0.5566666666666666,1.014620079169304,0.047474135379390194,0.9743592900293699,1.029574261716765,0.030520473700737533,0.29348816065462285,-3.327648978161305,-5.805082367235162
31,I,k96_0.3_flat,3,I,1.0034231869878434,0.51,1.0087155393273632,0.04959965863463387,0.9776716626194597,1.0289474076695224,0.026052901553322984,0.2943149003224138,-3.2897869202868577,-5.767904715799994
32,I,k96_0.3_flat,3,I,1.0001879570960177,0.4533333333333333,1.0020142079672292,0.04992307706580307,0.9889002721535538,1.0249957394091576,0.029439764856461367,0.29714858377978565,-3.2720567634232163,-5.798786914135123
33,I,k96_0.3_flat,3,I,1.0023177627906108,0.5133333333333333,1.0064423703216085,0.04997653869715507,0.9854722880618658,1.033253191713701,0.02513856293412579,0.29627832585658886,-3.2762918624643307,-5.793031172052857
34,I,k96_0.3_flat,3,I,1.0032509043940665,0.47333333333333333,1.0082657783972089,0.04810044996757273,0.9841609413372061,1.0345623604855125,0.028223637716034717,0.29595211702649804,-3.286032089923881,-5.7426924053274995
35,I,k96_0.3_flat,3,I,1.010627522319457,0.5466666666666666,1.0241115791108895,0.054725576436487476,0.9808885977871724,1.0344120435950284,0.027642494233055794,0.2951022928698038,-3.269566577265813,-5.721442839935462
36,I,k96_0.3_flat,3,I,1.0156100885524941,0.4766666666666667,1.0342418623521652,0.048992488536222,0.9795396155221321,1.0413424147062926,0.024154225727868843,0.2947615392655523,-3.291430681253198,-5.726693203066503
37,I,k96_0.3_flat,3,I,1.0169059422839406,0.5433333333333333,1.0369176889654845,0.04777774389471725,0.9787411239178186,1.0470176083045328,0.023577628584960725,0.29457661705039373,-3.307003507038667,-5.680706191024895
38,I,k96_0.3_flat,3,I,1.0175113281015906,0.4633333333333333,1.0381559628221861,0.04705141011318611,0.973369087595913,1.042618172543041,0.028127113404182467,0.2932235553209963,-3.2917627206245874,-5.720493440208712
39,I,k96_0.3_flat,3,I,1.0178972980446837,0.5366666666666666,1.0393632330106395,0.05335210525698002,0.9794780091307541,1.0460984402686828,0.024591007668509527,0.2947629025649589,-3.3507965402762068,-5.766412630684167
40,I,k96_0.3_flat,3,I,1.017260698700855,0.4666666666666667,1.0379349890960585,0.05216121339306406,0.9772238513844058,1.0373633757788685,0.026560583234713997,0.2941949330057924,-3.336170850795524,-5.8299737856944
41,I,k96_0.3_flat,3,I,1.0145500851788816,0.5166666666666667,1.032074872984764,0.050009582936624435,0.9792528613199242,1.0374253049653999,0.027972907837499835,0.2947263804686025,-3.3109631992198025,-5.8203536081101115
42,I,k96_0.3_flat,3,I,1.0118613829105736,0.5033333333333333,1.0263505042510461,0.048999870926464136,0.9805046910244827,1.0331628633647472,0.029062824189316043,0.2950254664438879,-3.347266081432134,-5.8033709503449
43,I,k96_0.3_flat,3,I,1.0118387221382847,0.4666666666666667,1.0263396891314602,0.04964873276935339,0.9738696096309176,1.0347017157785279,0.029005423391474026,0.29335677444735303,-3.353315903588017,-5.819715604187523
44,I,k96_0.3_flat,3,I,1.010920847635213,0.5333333333333333,1.024009816936972,0.04272769640230859,0.9827893463206666,1.0386131980468702,0.028136970255864393,0.29559875982971473,-3.356444514303434,-5.767926886682751
45,I,k96_0.3_flat,3,I,1.0104190213785118,0.48333333333333334,1.022929371320959,0.042379864303951104,0.9830676607673103,1.0405003177076624,0.023850992009124227,0.29566372315682987,-3.4025639999895514,-5.78311078720134
46,I,k96_0.3_flat,3,I,1.007108578396148,0.5066666666666667,1.0159748050172002,0.042143510229448185,0.9860130006105002,1.045560776698834,0.0237360527748444,0.2963824560101621,-3.3608584655403875,-5.780516682857558
47,I,k96_0.3_flat,3,I,1.0039738281087476,0.49,1.0092746198682774,0.03920860604910233,0.9966308379382114,1.046117778351538,0.02363654122472577,0.2990719308042651,-3.377531385488958,-5.775635984597528
48,I,k96_0.3_flat,3,I,0.9983195454789586,0.49,0.997394942827872,0.03683698533600864,0.9997934209567658,1.0449237260419586,0.020374113330599634,0.2998560468259032,-3.358357903287995,-5.778964909011394
49,I,k96_0.3_flat,3,I,1.0000365764533563,0.46,1.0011438882397696,0.04062624901244492,1.0117371414107659,1.0413114769131937,0.021254991997893505,0.30281197813422706,-3.3554349773514054,-5.7610644838280205
50,I,k96_0.3_flat,3,I,1.0010235715665774,0.54,1.0030623597403596,0.038004413629355964,0.9975613068730661,1.0399092863625228,0.019915414208830615,0.2992842920247395,-3.3700340552752324,-5.758619927640329
51,I,k96_0.3_flat,3,I,1.002840086692147,0.5433333333333333,1.0069304394192184,0.03961073792374364,1.0086236656240795,1.0403916520438796,0.019735260502570805,0.3020678766268549,-3.3599110630935267,-5.7121599491672095
52,I,k96_0.3_flat,3,I,1.0045436425307943,0.5333333333333333,1.0105615295854993,0.041216514812060484,0.9975998566043033,1.0346118346443385,0.01882434641383497,0.29931846674200085,-3.3725324895607462,-5.750894898120719
53,I,k96_0.3_flat,3,I,1.0060710329717195,0.44666666666666666,1.0139349537292457,0.044458860919153007,0.9852362965928838,1.0365813460261475,0.017593099396723755,0.2962073599230552,-3.3905192353386635,-5.737483482285512
54,I,k96_0.3_flat,3,I,1.0081932034396386,0.5366666666666666,1.0186220825992682,0.04863510471284606,0.9824852584576393,1.0337522362187797,0.01772944468807339,0.29554008700507495,-3.371709652030151,-5.736463642222233
55,I,k96_0.3_flat,3,I,1.008712471828153,0.48,1.019604146271161,0.046803975583024376,0.9787681748660649,1.0355000392094518,0.01717772295243473,0.29461092566760533,-3.3631996428697577,-5.734064740376509
56,I,k96_0.3_flat,3,I,1.010168591001548,0.49333333333333335,1.0227080427357265,0.04773528518888022,0.9780592878732091,1.0360619149781671,0.01940577832763668,0.29443190683431797,-3.3620485324038683,-5.769889537762512
57,I,k96_0.3_flat,3,I,1.0096430454755527,0.5066666666666667,1.0215778348277311,0.04733341634781218,0.9781111481189305,1.032199784348182,0.01949206848828082,0.2944374026080686,-3.3619693143419362,-5.721999215219306
58,I,k96_0.3_flat,3,I,1.0073528949623765,0.5533333333333333,1.0164267331415775,0.041049874353374795,0.9710668822372617,1.0355350974302522,0.01655466012336914,0.2926738882904509,-3.371228074590434,-5.729624844337434
59,I,k96_0.3_flat,3,I,1.0071630373438274,0.51,1.016227118285274,0.044670437335980334,0.9747679368284251,1.035484875379051,0.01645160940430285,0.2936061754842471,-3.3954801235572876,-5.734909615520664
60,I,k96_0.3_flat,3,I,1.002688221786647,0.5066666666666667,1.006519871212077,0.03779440865393813,0.9766300222318117,1.0388730398535784,0.01643391011898848,0.29408082695209514,-3.3857121458264623,-5.745940873119501
1,U,k96_0.3_flat,3,U,,,0.9999438425758024,0.032104177803560646,0.9962235093792446,0.9997192106218443,0.0303206527338559,0.2989701780837452,-3.1042799681560314,-5.689227001506726
2,U,k96_0.3_flat,3,U,,,1.002044511386219,0.03156345914647739,0.9999210551262805,1.0047644209403648,0.02873975281972465,0.2998756090291752,-3.0970758786042065,-5.633191584170688
3,U,k96_0.3_flat,3,U,,,1.0045201069259235,0.03544067015973341,0.997179498989877,0.9994826903438297,0.030736467248403006,0.29918303537198426,-3.082142029870271,-5.679036614872253
4,U,k96_0.3_flat,3,U,,,1.0051823043065655,0.03466189185113987,0.9954088605130536,1.001474588985869,0.03155228382420464,0.29873008503391973,-3.0604233147474624,-5.673120030605583
5,U,k96_0.3_flat,3,U,,,1.0025819528510547,0.03210716342945754,0.9879425878619351,1.0057764844511174,0.029593191101650314,0.29688408116381054,-3.0594923967652714,-5.707162236633508
6,U,k96_0.3_flat,3,U,,,1.0001769883987166,0.03086413384918984,1.0002335067404746,1.0090778304429864,0.02742917241258492,0.29992589583367846,-3.075494112909312,-5.703489878398693
7,U,k96_0.3_flat,3,U,,,1.0004966474540429,0.031201148620235365,0.9983496671791331,1.012313089466152,0.031074550425020126,0.29947999259904995,-3.0948911221921707,-5.69507556517717
8,U,k96_0.3_flat,3,U,,,1.0003042397684383,0.030078156510276646,1.0021825443877572,1.0115486723566085,0.026501083613924305,0.30042626192486216,-3.072179677974945,-5.691390575648249
9,U,k96_0.3_flat,3,U,,,0.9993917419041528,0.030419270239277135,0.9990837995618013,1.0151041212327372,0.027224253770208432,0.2996387295826046,-3.058862718645488,-5.700346160466828
10,U,k96_0.3_flat,3,U,,,1.001822172276784,0.03271209075383324,1.001396319909602,1.0149957658163147,0.027548205259293915,0.30024366677782166,-3.0437620260274745,-5.701662487975315
11,U,k96_0.3_flat,3,U,,,1.0028093203638337,0.033189527024564854,1.002211150664021,1.014416730118789,0.026721913063143598,0.30043079279271157,-3.0410725236824963,-5.717126949128888
12,U,k96_0.3_flat,3,U,,,1.0056120879308579,0.03336367991209641,1.0010363396633348,1.0088250587420104,0.0316053216597277,0.30014117353447695,-3.0925217696891254,-5.75038435262497
13,U,k96_0.3_flat,3,U,,,1.0029011414194569,0.029832861097396437,1.001255702339812,1.019528910796794,0.024083081078854835,0.30018461787278217,-3.062316642121131,-5.710510320816731
14,U,k96_0.3_flat,3,U,,,1.0025796584857998,0.030984560686943823,0.9928765294332478,1.017669181341223,0.02594227442959305,0.2981216892163408,-3.0796209861847283,-5.723260359370342
15,U,k96_0.3_flat,3,U,,,1.0012529215922572,0.029951363749780493,0.9915870717870212,1.016468911149176,0.02446236387253213,0.2978148726380522,-3.082467295446626,-5.721165477359215
16,U,k96_0.3_flat,3,U,,,1.0061972128979737,0.03496151012265376,0.9880701069794232,1.0153453993182657,0.027127477101436936,0.29692413608102347,-3.1448637972418325,-5.752187933139682
17,U,k96_0.3_flat,3,U,,,1.0032356427883349,0.031020250932161573,0.9819383975593132,1.010401283891983,0.028629157491525788,0.2953873921765229,-3.101048846719623,-5.753712832048799
18,U,k96_0.3_flat,3,U,,,1.0047478246491701,0.03517229091749015,0.9885184233145905,1.018152842105726,0.02978322291646178,0.29702823800361516,-3.1495477719678964,-5.737391685204634
19,U,k96_0.3_flat,3,U,,,1.0004958146812581,0.031270941976828295,0.9869845529828079,1.01917739711062,0.025371091283459286,0.29665978359410283,-3.0784579895805546,-5.752513579988455
20,U,k96_0.3_flat,3,U,,,0.9996526268645315,0.03169371654232006,0.9968789998221854,1.0156211397343426,0.02268134458935631,0.29913002346584927,-3.105780396978774,-5.73779056132191
21,U,k96_0.3_flat,3,U,,,1.003106643936959,0.03206954203970952,0.9928595443680854,1.0190513235655785,0.02267307631448916,0.29810515795304315,-3.113101958481265,-5.718671506160697
22,U,k96_0.3_flat,3,U,,,1.00404485367575,0.03279756052090709,1.0079438324736953,1.0108508453283143,0.02688715567901707,0.30186813749520186,-3.0845945249638818,-5.750574452378097
23,U,k96_0.3_flat,3,U,,,1.0067162504633427,0.03486096582475576,1.007554986064334,1.0113213976656674,0.02369833023110576,0.3018132475747523,-3.128192758856445,-5.746887883802381
24,U,k96_0.3_flat,3,U,,,1.0037171227973938,0.03589415403201006,1.0085870453305017,1.0091065637423933,0.028090508392982667,0.30206054348060474,-3.0840528675071224,-5.76917874183522
25,U,k96_0.3_flat,3,U,,,1.0082427432572707,0.03444931516103624,1.0127460549744731,1.000559165518591,0.02825757850479615,0.3030935134344822,-3.0938583024705224,-5.735141082547708
26,U,k96_0.3_flat,3,U,,,1.0088051661351027,0.032583166594423126,1.0028517597166633,1.006427642911668,0.02480283967017877,0.30062012479020545,-3.0803626436693636,-5.723510273298057
27,U,k96_0.3_flat,3,U,,,1.0081153990425515,0.035369815109701205,1.0134856497256928,1.0118244214748198,0.02615711140410634,0.3032666996028062,-3.091973869241634,-5.745880568723002
28,U,k96_0.3_flat,3,U,,,1.0048060496709021,0.035193263405699726,1.011764077198837,1.0111930364249448,0.023385473174738124,0.3028388186437748,-3.1196615478274663,-5.748825131451502
29,U,k96_0.3_flat,3,U,,,1.005358919697961,0.03800522089693,1.0124465788340524,1.011924300121171,0.027044799181169966,0.3030116231058146,-3.109467496689251,-5.711181215692211
30,U,k96_0.3_flat,3,U,,,1.011311822697291,0.03855552650646195,1.0130906657181677,1.0158709309618728,0.02704128989360604,0.3031620843235772,-3.0899603716851076,-5.7266155606652855
31,U,k96_0.3_flat,3,U,,,1.0112158145965058,0.0380603605640708,1.0111232616937569,1.0125184155200226,0.025151857520466024,0.3026820551309452,-3.0770806308686627,-5.738829026696455
32,U,k96_0.3_flat,3,U,,,1.0084183693394697,0.03629545107782664,1.0090518087830793,1.013418258449012,0.026140944939373533,0.30216015966625653,-3.0810948982955613,-5.68999625471494
33,U,k96_0.3_flat,3,U,,,1.0091451768055606,0.03975456811968061,1.0262048743379149,1.0118211023207062,0.029391670771532777,0.306382416763179,-3.0968842622082184,-5.707463190206969
34,U,k96_0.3_flat,3,U,,,1.0096341341284627,0.03724365302740792,1.0155631845592261,1.0102935201141459,0.02694170941106524,0.3037815132853421,-3.1097623287259823,-5.7037368246708695
35,U,k96_0.3_flat,3,U,,,1.0116524016706339,0.03679434908680991,1.0171647249563502,1.0208281242907336,0.02400044936116264,0.3041665056575445,-3.1366171379588246,-5.759323230367701
36,U,k96_0.3_flat,3,U,,,1.0143730459176545,0.040715132765522535,1.0117625837502953,1.0104675036333848,0.030751493712549597,0.30282835343654696,-3.0919378957646555,-5.734275356811212
37,U,k96_0.3_flat,3,U,,,1.0163845932809124,0.03857915740901361,1.019867351005859,1.013517179887597,0.02966644138377944,0.3048526038512515,-3.113571653491176,-5.724582866352414
38,U,k96_0.3_flat,3,U,,,1.0201170300020292,0.04023228004921477,1.0204695399497963,1.0065355457703005,0.03229679658011001,0.3049744863073107,-3.106410751439613,-5.689677235198886
39,U,k96_0.3_flat,3,U,,,1.0186997377022438,0.03755096951840511,1.0244026617525,1.0070190995715358,0.03476566383788201,0.3059587741348684,-3.1253490807265,-5.7171679311965935
40,U,k96_0.3_flat,3,U,,,1.0172824236425768,0.036821423743928924,1.0332722391852398,1.0069196162337344,0.03180900583422801,0.3081689242272562,-3.0907019606739823,-5.688246734912665
41,U,k96_0.3_flat,3,U,,,1.0177773706591746,0.036268951111087966,1.0246602733052355,1.014273862000665,0.03294627894423593,0.30602848728606524,-3.071740891612321,-5.645583721833059
42,U,k96_0.3_flat,3,U,,,1.020459595925438,0.04063303646789501,1.0138232381528516,1.0179015339775894,0.03250835947365393,0.3033394473471653,-3.0647097657026996,-5.664730639819701
43,U,k96_0.3_flat,3,U,,,1.0228032333558912,0.042046469403921295,1.0148138793776527,1.0160581831458206,0.029421965594874408,0.30359129906975113,-3.0776197818226287,-5.695334551311676
44,U,k96_0.3_flat,3,U,,,1.0186889262080485,0.04186007343884226,1.0265406627087044,1.0055940277939832,0.03324492262348764,0.306503058008213,-3.069296294965334,-5.66105423074388
45,U,k96_0.3_flat,3,U,,,1.0178523103980233,0.038746493417566766,1.0199960770013776,1.0130088201152125,0.031548540714403474,0.30489192446778396,-3.0973864711650925,-5.645429642180241
46,U,k96_0.3_flat,3,U,,,1.0198201713931865,0.040572607070588435,1.0254468685890978,1.0012058017024095,0.03251794929766218,0.30623512834323796,-3.112596765422474,-5.66957595483272
47,U,k96_0.3_flat,3,U,,,1.021373710898262,0.04048129894727186,1.019462924133391,1.0089782548144632,0.028336062043222192,0.30473679335516357,-3.1318253801021925,-5.647121736080135
48,U,k96_0.3_flat,3,U,,,1.0276481151865022,0.03980184288512284,1.0139413194987483,1.000226066656985,0.029610693050176048,0.303378114086699,-3.1388546176733136,-5.654546557151028
49,U,k96_0.3_flat,3,U,,,1.0273167778000056,0.04441189050229498,1.0136952033171744,0.99917046264195,0.026504433954690803,0.3033168511301992,-3.1415262870944827,-5.693480611212062
50,U,k96_0.3_flat,3,U,,,1.0338054068165763,0.047128095396093125,1.0155961043808417,0.9998895498419521,0.029669784726343323,0.30379144040685024,-3.1245162657235452,-5.712301298286762
51,U,k96_0.3_flat,3,U,,,1.037504292070025,0.048967307100107334,1.0091951110447017,0.9962373139109688,0.026621134074476804,0.3022171711177368,-3.146149027417371,-5.707411741591211
52,U,k96_0.3_flat,3,U,,,1.036593301311188,0.04913321345132201,1.0124755330016129,0.9918465275089299,0.02750425486307201,0.30302511400713766,-3.1711692620106176,-5.690739929094267
53,U,k96_0.3_flat,3,U,,,1.0289935351148953,0.04440006631910223,1.0135344686672108,0.9994070403628166,0.027242935437988138,0.30327841130449,-3.16222632021885,-5.715643390457208
54,U,k96_0.3_flat,3,U,,,1.0380416578524223,0.04551914679121797,1.0199117085866851,0.9976114780004119,0.026285635871636397,0.304852676978032,-3.15957817012775,-5.698487009518976
55,U,k96_0.3_flat,3,U,,,1.035549471506006,0.04446717941548233,1.0253986552084533,0.99665127870527,0.025512063349625164,0.3062129000246342,-3.194400180125933,-5.727951366033627
56,U,k96_0.3_flat,3,U,,,1.0281506947685675,0.04094861547902971,1.011454477598754,1.0036474802861326,0.02490623298343728,0.30273522131246333,-3.1892194780637273,-5.778940434489553
57,U,k96_0.3_flat,3,U,,,1.023746672095222,0.04246194526731986,1.0162425178938133,1.000155863904585,0.024350931900199616,0.30393358513159163,-3.215249143309302,-5.786851963909589
58,U,k96_0.3_flat,3,U,,,1.017997367101446,0.036405088300337896,1.0167341840102089,1.0002365539187323,0.025791685758015385,0.3040504573987596,-3.228187559492268,-5.781952730906692
59,U,k96_0.3_flat,3,U,,,1.020693267066525,0.03774035743535329,1.0198668686607402,0.9889294561838161,0.025338354715554377,0.3047924788273491,-3.258380748990448,-5.781036316359097
60,U,k96_0.3_flat,3,U,,,1.0242551927730748,0.040090471281957626,1.021346339491384,0.9934511096114576,0.02960189424514414,0.30516752633060285,-3.244019342954659,-5.7589082935397675
1,I,k96_0.3_flat,4,I,1.0003112687928055,0.5033333333333333,1.0013787882388765,0.03362228974033252,1.0013377382004243,1.0017938305796557,0.02889943756855853,0.30023701700839855,-3.114573773593249,-5.688680262060347
2,I,k96_0.3_flat,4,I,1.0022119193050818,0.47333333333333333,1.0054372217002094,0.035803927104061946,1.0048152538706001,0.9939178459985851,0.032670290985557716,0.3011113253515715,-3.0742315729494316,-5.670926226924055
3,I,k96_0.3_flat,4,I,1.0080900004174929,0.48333333333333334,1.0176974665272958,0.035278002224732194,0.9937392147211055,1.0003791992309983,0.030387304241805694,0.2983457368460004,-3.0856381928398804,-5.670617212990248
4,I,k96_0.3_flat,4,I,1.0095136520346224,0.5366666666666666,1.0208827368237876,0.03945636199140336,0.9852434518908122,1.0041681781336986,0.03165190402545538,0.29620497219489655,-3.101186872424212,-5.633510537803766
5,I,k96_0.3_flat,4,I,1.011087499582383,0.54,1.024250177473214,0.04071620718866072,0.9850742075137009,1.0084446097300568,0.03417550629485988,0.29618410076598484,-3.1231568030189116,-5.667620226960952
6,I,k96_0.3_flat,4,I,1.0088375491350148,0.4866666666666667,1.0196713608635297,0.04346006408281037,0.9917719449531808,1.0031507388476861,0.02678936352970033,0.29786187020180527,-3.1112032966285845,-5.675751243523401
7,I,k96_0.3_flat,4,I,1.011932566459333,0.5133333333333333,1.026005898716317,0.04033629062621175,0.9914097469766212,1.003476981333207,0.03418749269480109,0.29774627766653056,-3.145405990879933,-5.644573727393539
8,I,k96_0.3_flat,4,I,1.0096580543838614,0.4666666666666667,1.020972063679268,0.03499074334461885,0.9927736381507674,0.9983040019367627,0.025077434132680557,0.2981089106106143,-3.118467189288145,-5.702845565425558
9,I,k96_0.3_flat,4,I,1.008734152203725,0.47333333333333333,1.0190890286919674,0.03631173834879368,0.9877858302314079,0.9954839459485428,0.029438868720969704,0.29683900194661417,-3.1360576334291492,-5.690857377375139
10,I,k96_0.3_flat,4,I,1.0043716965725793,0.5133333333333333,1.0099712550159354,0.03652172850664723,0.9744297138081269,0.9953847114701474,0.028120926290609683,0.29348176148736743,-3.149901103673523,-5.672791388670106
11,I,k96_0.3_flat,4,I,1.0026988894413806,0.54,1.006736041629736,0.04156662965360913,0.9653960103287235,0.9984509396594626,0.024620795333701494,0.2911809780532745,-3.1399161796229342,-5.641715864495667
12,I,k96_0.3_flat,4,I,1.0026949701326624,0.5166666666666667,1.0069074952720358,0.04505256442577763,0.9592668192955015,0.9936133936549348,0.026543684048745558,0.2896283048990897,-3.1671297625130923,-5.667178733907789
13,I,k96_0.3_flat,4,I,1.0031490770487412,0.48,1.0077183276393455,0.04232947703802238,0.9702078523187507,0.9936028281788073,0.026468067424226426,0.2924015190599305,-3.167449557717867,-5.664931929005229
14,I,k96_0.3_flat,4,I,1.005036870082,0.47333333333333333,1.0118209321190745,0.045515831217471,0.9706431323574577,0.9880808275623356,0.028163164099852853,0.2925256565153049,-3.1498387951991744,-5.679373903788325
15,I,k96_0.3_flat,4,I,1.0084866784243336,0.49333333333333335,1.0189438519321565,0.04380167781721659,0.9855693125486402,0.9921316622608295,0.02383999386033289,0.29623506181528775,-3.157099770950683,-5.669934796271033
16,I,k96_0.3_flat,4,I,1.0044777648918282,0.5166666666666667,1.01053637021805,0.043502820114146815,0.9792663857333757,0.9885390821885313,0.025306235604032105,0.29472456868183156,-3.1450661148183645,-5.739450781013085
17,I,k96_0.3_flat,4,I,1.0107773848398214,0.53,1.0241016931293854,0.04978119838622685,0.9792206272679761,0.9936325970867563,0.020266048693416118,0.29470188299510275,-3.106221069419039,-5.656328783368581
18,I,k96_0.3_flat,4,I,1.0103630313657772,0.49,1.0229529973183664,0.044943420745762366,0.9655912624229374,0.9894907200723159,0.025498668998114458,0.2912580784605793,-3.1252559526389057,-5.672360169828121
19,I,k96_0.3_flat,4,I,1.0067057868858085,0.51,1.0153300772098073,0.045861825098036706,0.9643807786743838,0.9960054339102891,0.026432250886312708,0.29094917500586237,-3.0933551649509705,-5.634792569958092
20,I,k96_0.3_flat,4,I,1.0109872609328443,0.49666666666666665,1.0240425036382315,0.04073285636374098,0.9650828544956147,0.9894205092605248,0.026657439490597745,0.2911534890326765,-3.085446476999562,-5.620381684742876
21,I,k96_0.3_flat,4,I,1.0145854870363633,0.47,1.0321776918665966,0.05056194345132118,0.9722553988057515,0.9907683154307295,0.024108848286607292,0.2929351230118362,-3.08646448006832,-5.61841746471559
22,I,k96_0.3_flat,4,I,1.0168242991288703,0.5033333333333333,1.036765322468668,0.04827973230578574,0.9684362260678104,0.9836370342417903,0.021575163714060822,0.2919965372928391,-3.1016603409817898,-5.627455134928473
23,I,k96_0.3_flat,4,I,1.0182362320695788,0.5,1.0398435970456448,0.049934417756825285,0.982586724817307,0.9791216976667116,0.022914815141525813,0.29550459671695894,-3.1077072000670607,-5.608199304982564
24,I,k96_0.3_flat,4,I,1.018888986011322,0.5066666666666667,1.0411330544679247,0.0481956566187252,0.9754047304709497,0.976888781345386,0.021769909750161034,0.2937122956250722,-3.0913588467113082,-5.5983600295149705
25,I,k96_0.3_flat,4,I,1.0210902714521932,0.44,1.0457639579787996,0.04747258694357081,0.9794727001750569,0.9711713971671636,0.02287766742683072,0.2947562753211673,-3.0842207405388193,-5.567499563212282
26,I,k96_0.3_flat,4,I,1.0236587304585942,0.5133333333333333,1.051088924629489,0.04495182163009499,0.9815697344912038,0.9743454702204286,0.01945168105923802,0.2952883089201781,-3.0995943137749276,-5.614137968823356
27,I,k96_0.3_flat,4,I,1.02511071658906,0.49,1.0546155301518132,0.05222748087850796,0.9834682009311599,0.9663263672323831,0.027972471690823644,0.29574515860547107,-3.1212835308454623,-5.580921201163699
28,I,k96_0.3_flat,4,I,1.0210358527808405,0.5033333333333333,1.0459273593721399,0.052188492453852195,0.9674017286903223,0.9666970093710362,0.024825685298064438,0.291740094156248,-3.097754733321451,-5.5757521157000305
29,I,k96_0.3_flat,4,I,1.0220875147307906,0.4866666666666667,1.047867460027764,0.04718265855609304,0.9753100185421586,0.9624538577877947,0.02633778132539134,0.2936865955049656,-3.1079123559493103,-5.562437397914776
30,I,k96_0.3_flat,4,I,1.0244040838981763,0.49666666666666665,1.0528566029004705,0.04813554801396032,0.9624644942469461,0.9647639555707948,0.027247330324199206,0.2904796152488318,-3.095798192221714,-5.565942316457169
31,I,k96_0.3_flat,4,I,1.0230004079540644,0.5233333333333333,1.0500061349828005,0.05057414814879649,0.9614798266838629,0.962467801244167,0.026202272815135045,0.2902313818603857,-3.0920435181577,-5.528676828650832
32,I,k96_0.3_flat,4,I,1.0201410032747393,0.4633333333333333,1.0437475871977742,0.04756142494536462,0.9567234476636287,0.9709056382203497,0.025724028518946278,0.28902567903609966,-3.076156035531757,-5.524207979395812
33,I,k96_0.3_flat,4,I,1.0293038197483513,0.5033333333333333,1.0636379669223812,0.053218806250580564,0.9656579377286832,0.9661363857091924,0.024409581273463533,0.29128692318465393,-3.0939475883328758,-5.581129551628821
34,I,k96_0.3_flat,4,I,1.0377216974941859,0.49666666666666665,1.0821336071510368,0.05864843662871133,0.9634328895211798,0.967315894198706,0.02691977065909314,0.2907222483691765,-3.149854602415825,-5.602318288150527
35,I,k96_0.3_flat,4,I,1.042348220801078,0.49666666666666665,1.0921963279259648,0.05924764892199478,0.9723339663118783,0.9637509924050027,0.02927765111917054,0.2929702491573668,-3.137480699482975,-5.6042714954969
36,I,k96_0.3_flat,4,I,1.0417110898258293,0.46,1.0905158021473182,0.05492120239735203,0.9791740733750331,0.9609673161000518,0.02505993315933659,0.29470322435726776,-3.136947597439003,-5.626857083939371
37,I,k96_0.3_flat,4,I,1.0344055863559343,0.5233333333333333,1.075081591782135,0.060275504278457806,0.9648483002402516,0.964006310864126,0.026243149012242648,0.2910912510282401,-3.180490493973015,-5.611629115914637
38,I,k96_0.3_flat,4,I,1.036668639035775,0.4666666666666667,1.080096937810886,0.06212224269449611,0.9700293612337906,0.9613819533337546,0.023975078503390555,0.2923649342224193,-3.1823427448340755,-5.608198057490734
39,I,k96_0.3_flat,4,I,1.0385478448070566,0.49333333333333335,1.0836039311476584,0.054288714442081464,1.0029919592116394,0.9675558246179018,0.025389523775681204,0.3006086013584189,-3.1520548943492304,-5.6362166569930245
40,I,k96_0.3_flat,4,I,1.0393628400150652,0.5,1.0853554588481908,0.05390700337393257,0.989707591965209,0.9689754372963302,0.028643837327360325,0.2973004213775073,-3.155080592233722,-5.632258099434052
41,I,k96_0.3_flat,4,I,1.0408054096998383,0.51,1.0883348616170756,0.051418051243735774,0.9963454846298957,0.9694933891143971,0.025365986691893612,0.2989925149331626,-3.1910222928524785,-5.650824226652885
42,I,k96_0.3_flat,4,I,1.0365207228830262,0.44666666666666666,1.079329311055519,0.055676465300881,1.009548263730589,0.9715157147197677,0.032917777801885754,0.3022885486177923,-3.167502122681703,-5.58837224022641
43,I,k96_0.3_flat,4,I,1.0352332248321476,0.5166666666666667,1.0764879100629947,0.054938471327918424,1.0074291516509406,0.9688923225104865,0.02911273584072346,0.3017527107721775,-3.1753246621552567,-5.585176977382398
44,I,k96_0.3_flat,4,I,1.035468075653119,0.5066666666666667,1.0766196166234085,0.04878118661836691,1.0150626286426587,0.9823299928666054,0.03591264212404392,0.30364143353691875,-3.1464277682980666,-5.534456158597315
45,I,k96_0.3_flat,4,I,1.0320661578237487,0.4533333333333333,1.0697239173874706,0.055686915330816836,1.0064428643388672,0.9862079106367241,0.03602582531933775,0.3014779515511471,-3.1234846221841144,-5.504875843445463
46,I,k96_0.3_flat,4,I,1.026503371156661,0.49,1.057616260474443,0.052599051276492705,1.01497578323454,0.9929453139771861,0.04359669728864411,0.30361174914771333,-3.1265846658677128,-5.503457648284819
47,I,k96_0.3_flat,4,I,1.0258261840357032,0.5266666666666666,1.0562127894185414,0.05343716993463305,1.0026494475462038,0.994626045571416,0.04169551480168619,0.30056479215797643,-3.120458531816972,-5.518450229246125
48,I,k96_0.3_flat,4,I,1.0289146861716956,0.47,1.0628588480700307,0.053963995107362946,1.0032450995018094,0.9884591004495478,0.04939601451388053,0.30071664605719645,-3.147605991224893,-5.529348206622736
49,I,k96_0.3_flat,4,I,1.027110297149167,0.5266666666666666,1.0589324389162889,0.05308025981292048,0.9969465262845415,0.9851312602896326,0.037814438636426355,0.29911612152712325,-3.1566427006902997,-5.560950439767183
50,I,k96_0.3_flat,4,I,1.0255292450259752,0.56,1.0555374010138565,0.052721534917176634,1.0048235117371531,0.9945322170020031,0.04764550169287456,0.30109728801842595,-3.16654611935966,-5.529221890803442
51,I,k96_0.3_flat,4,I,1.021868890360311,0.5066666666666667,1.0475874936194025,0.05034132811497055,0.9951056653938991,0.9834226609371944,0.03978209349122779,0.2986941927250885,-3.180680639815514,-5.538531041385803
52,I,k96_0.3_flat,4,I,1.022290099296859,0.4866666666666667,1.0481987101372017,0.04550415660353215,0.9926090881614944,0.9851210985221587,0.043526603558169626,0.2980705782673543,-3.199420111949283,-5.527672920409124
53,I,k96_0.3_flat,4,I,1.0252256989870074,0.5,1.0546766589470402,0.049380188555435876,1.0006966893094693,0.985977144439694,0.04922730162666349,0.30009548596855123,-3.238002622151731,-5.518595814075751
54,I,k96_0.3_flat,4,I,1.0275429829169576,0.5333333333333333,1.0596490594371148,0.04969693205414792,0.9848468972816318,0.9749279424947944,0.03834719967757151,0.2961120450146013,-3.2366303251423068,-5.578763156105204
55,I,k96_0.3_flat,4,I,1.028932777703073,0.5066666666666667,1.0625869019088152,0.049172574575303815,0.9920632866941829,0.9917768793699576,0.03841593883572925,0.29792321328654914,-3.2403116299119135,-5.584828449748735
56,I,k96_0.3_flat,4,I,1.0320572171173732,0.49333333333333335,1.0692340860443936,0.047981086022859186,0.9847458920999482,0.9797906899566838,0.034257881391597196,0.2960991952564401,-3.255323887111826,-5.593181397105187
57,I,k96_0.3_flat,4,I,1.0313187026493027,0.5666666666666667,1.0678875029691093,0.051874288121572174,0.9821579988615587,0.9803972752850025,0.03900009525076264,0.29545207067172136,-3.2615462821980645,-5.6008362877390665
58,I,k96_0.3_flat,4,I,1.0330012580210415,0.5033333333333333,1.0714372717231149,0.05083400686154584,0.9685356976859467,0.9763323592855379,0.03856335177371723,0.29202463925535815,-3.2628944113659095,-5.547640743289232
59,I,k96_0.3_flat,4,I,1.0342711484345,0.52,1.0744538616759245,0.055330346715784254,0.9655595815402236,0.9753105627891303,0.03234564916718434,0.29126188272808584,-3.2115344500406424,-5.561276814628646
60,I,k96_0.3_flat,4,I,1.0301235645094862,0.53,1.065476957102397,0.05457037126448648,0.9626357854257686,0.9798759236238765,0.03149722740348708,0.2905470463326409,-3.237916796850916,-5.50672106531421
1,U,k96_0.3_flat,4,U,,,1.0009966952575573,0.034582865094384824,0.9988756184266614,1.0007752430481158,0.02870165199001559,0.2996120948326312,-3.12154499196458,-5.697129359958208
2,U,k96_0.3_flat,4,U,,,1.0013722109990244,0.03322731205063347,0.9957686734175157,1.0023683710792908,0.02767466114786611,0.298808845663652,-3.1105977256598605,-5.660154798130559
3,U,k96_0.3_flat,4,U,,,0.9961246227165058,0.03380544663604146,0.9864142612215293,0.9969773653593078,0.033490262681109974,0.2964905602423247,-3.0870140247132962,-5.665892101289381
4,U,k96_0.3_flat,4,U,,,0.9922481486982823,0.035805367748685826,1.0015282585659295,0.9924280239889597,0.03369312918682644,0.30026054867668883,-3.0599482557677202,-5.634608052782079
5,U,k96_0.3_flat,4,U,,,0.9885633864759271,0.03338275302937535,0.9965663874989362,0.9996847289894791,0.03327862034197602,0.29902539001815415,-3.0806465466193345,-5.6838682296165794
6,U,k96_0.3_flat,4,U,,,0.984519458460231,0.030965699132785397,0.985644205916349,1.0103746084691938,0.02847901098204123,0.2962791343181187,-3.074944745901598,-5.651574312594099
7,U,k96_0.3_flat,4,U,,,0.983712543926055,0.02914027830650335,0.9911738597789209,1.0052362335639466,0.029341733658281875,0.297659367398207,-3.1351755680402023,-5.7052282565786845
8,U,k96_0.3_flat,4,U,,,0.9859206965545608,0.030469795811463626,0.9721697652524581,1.0090169705492986,0.025890700453826753,0.29287909830932646,-3.1392425359961473,-5.689542574027735
9,U,k96_0.3_flat,4,U,,,0.9889165991935909,0.032137764535785124,0.9813384878481038,1.0040494042949624,0.029474988039079043,0.29522446480808306,-3.1328572359833924,-5.68380054581527
10,U,k96_0.3_flat,4,U,,,0.9935363127477831,0.03452301181847143,0.9689056721065473,1.0061150997050685,0.030118034646119923,0.29207089211837667,-3.1348832279027903,-5.676755495335543
11,U,k96_0.3_flat,4,U,,,0.9942970777601765,0.035378707386059735,0.9696775769581495,1.0023046402066382,0.025765402634078956,0.2922813578735174,-3.1293029467281137,-5.674128658629982
12,U,k96_0.3_flat,4,U,,,0.9929780258378217,0.03466958299817442,0.9621433910881294,1.0038115416913045,0.026405761407299496,0.2904021176038139,-3.1339947129338284,-5.690884107663381
13,U,k96_0.3_flat,4,U,,,0.9968208826125504,0.03795965122859883,0.9620734253555442,1.0031265573730308,0.0247224392010991,0.290353783154472,-3.164153436129768,-5.6622694394058275
14,U,k96_0.3_flat,4,U,,,0.9944922960634407,0.03558826780973727,0.9664367415033485,1.0028186691606489,0.025813171511172534,0.2914531538473697,-3.119844337168289,-5.681654621129548
15,U,k96_0.3_flat,4,U,,,0.9932314197195505,0.03500373499562322,0.9720481844248955,0.9987104250957228,0.028585566988705558,0.2928913971865181,-3.148863558994832,-5.69593427382297
16,U,k96_0.3_flat,4,U,,,0.9972838715395898,0.035993547491008644,0.9620195522768413,1.0002763855547259,0.029703326413694178,0.2903585480397724,-3.1456947826269825,-5.667441066337408
17,U,k96_0.3_flat,4,U,,,0.9974113920538885,0.03917501097818877,0.96598656573575,0.9930248731018384,0.02875861290922159,0.29135265935709165,-3.121070107216481,-5.66687552622606
18,U,k96_0.3_flat,4,U,,,0.9997755231330363,0.04111648014341625,0.9685598898187903,0.9975130828541573,0.029357546793052806,0.29199605943523654,-3.1047141076965303,-5.6611099557832665
19,U,k96_0.3_flat,4,U,,,0.9976611151317523,0.042310525032819485,0.9670122342598336,0.9913060725947244,0.033728045123679294,0.2916327246413589,-3.1122081817223815,-5.716428192482646
20,U,k96_0.3_flat,4,U,,,0.9939131117838255,0.03726799448641915,0.9707916494904839,0.9888290820241165,0.03657393360207048,0.292585605885888,-3.1243245970581563,-5.7301144419796355
21,U,k96_0.3_flat,4,U,,,0.996048278658986,0.03947663196124206,0.9751594166544093,0.996024340119234,0.029082087688146935,0.29369084443876253,-3.153093396005262,-5.722882081922842
22,U,k96_0.3_flat,4,U,,,0.9914415702206365,0.040900063311817884,0.9772714624161294,0.9941435699486463,0.03529885051886324,0.29421448065914435,-3.15994859139654,-5.722367069321212
23,U,k96_0.3_flat,4,U,,,0.9930403986847678,0.04007666795242266,0.9802054656564178,0.9966732174641664,0.030738300209391254,0.29496408129348006,-3.174920482347677,-5.7151577944430025
24,U,k96_0.3_flat,4,U,,,0.9930783715274936,0.0391670447444097,0.9889520824669029,0.9920456445488802,0.03256836406590389,0.2971380293844446,-3.206637125534784,-5.705612162032197
25,U,k96_0.3_flat,4,U,,,0.9903357966559423,0.039644306386364875,0.9864762488682838,0.9958127220677485,0.03135593759977237,0.29652193963329837,-3.1908293264045735,-5.723506011122923
26,U,k96_0.3_flat,4,U,,,0.9895616318314694,0.039404481896873594,0.9857923218859217,0.9993457266454459,0.029076109486146726,0.29636051291928567,-3.188060861156949,-5.7140697450509625
27,U,k96_0.3_flat,4,U,,,0.9913073144790402,0.0366538504649533,0.9885725382405653,0.9917557188130398,0.0329711891709409,0.29705590416261374,-3.198507355850568,-5.724753792013019
28,U,k96_0.3_flat,4,U,,,0.9929912748038244,0.038015098207589665,0.9853375762681613,0.9886050361876607,0.03578936482296679,0.2962446631271817,-3.2060679992931913,-5.719964086800296
29,U,k96_0.3_flat,4,U,,,0.9951940426949271,0.04353465317618225,0.9887483507931993,0.9803355290341627,0.03268773828688574,0.2970826039717832,-3.236244609143719,-5.73635980825363
30,U,k96_0.3_flat,4,U,,,0.9924232570787713,0.042327575609063854,0.9861657893745716,0.9841713854263863,0.02805105617424213,0.2964342332006741,-3.209956481524648,-5.687398089863416
31,U,k96_0.3_flat,4,U,,,0.9924787022760213,0.04530114820419211,0.9815501022699512,0.9832620087527647,0.028234716909900842,0.2952892997111058,-3.2177975785560613,-5.73566239732428
32,U,k96_0.3_flat,4,U,,,0.9904943090357945,0.04717715105016031,0.9884669734363285,0.9905799400447978,0.028422718346433968,0.2970303594977251,-3.190524191814368,-5.727645154743842
33,U,k96_0.3_flat,4,U,,,0.9796179614620564,0.043528639779768695,0.9828569347881497,0.9860216206291816,0.027566721678205123,0.2956444159765055,-3.1799150389071458,-5.763467492005585
34,U,k96_0.3_flat,4,U,,,0.976443197487481,0.04267337816815518,0.9819461532870196,0.9837200752307305,0.032465427271617775,0.2953996803818284,-3.167896292078825,-5.779188910661805
35,U,k96_0.3_flat,4,U,,,0.9753645154460533,0.04127930097289811,0.9761679397426659,0.9813925996524006,0.03427617785562444,0.29396382024228956,-3.154638000531197,-5.772907966959495
36,U,k96_0.3_flat,4,U,,,0.9773678414540272,0.03949077677807185,0.9617130014818961,0.9770422370975662,0.03271583715531659,0.2902961915828579,-3.162273487016832,-5.768017642391507
37,U,k96_0.3_flat,4,U,,,0.9771357557071645,0.03672762309224671,0.9633224053655113,0.9818727665488177,0.027907870552228296,0.2907116460814017,-3.1859492341419413,-5.7371080252155044
38,U,k96_0.3_flat,4,U,,,0.9768281455723296,0.03861756445852031,0.9581974370667761,0.9768093642745278,0.03153553123324362,0.2893942062075981,-3.1832360485028426,-5.733001264471635
39,U,k96_0.3_flat,4,U,,,0.9807149953682089,0.0384228902447008,0.9590221626977685,0.9766810946754183,0.030931868358940403,0.289598811703547,-3.206340633705754,-5.720589722245375
40,U,k96_0.3_flat,4,U,,,0.9774839770923073,0.03747678457676411,0.948207097984858,0.9766816065878204,0.02745186798617004,0.2868788037119853,-3.2117740761471056,-5.7479702358935185
41,U,k96_0.3_flat,4,U,,,0.9730360236927564,0.03826481970400209,0.9553489231846161,0.9755796267837612,0.027775238496173922,0.2886891250126441,-3.2393014499946853,-5.751831025445641
42,U,k96_0.3_flat,4,U,,,0.9709665432503436,0.03991899240916983,0.9613185751174183,0.9814495939939621,0.026713205754626535,0.29019425140679045,-3.2077718508205986,-5.7579455074150365
43,U,k96_0.3_flat,4,U,,,0.969883868856529,0.03915953265368724,0.9584882568855617,0.9731695474371171,0.028734165360609333,0.2894983568036839,-3.2537518704308566,-5.76038456727137
44,U,k96_0.3_flat,4,U,,,0.9688355433580685,0.03852160284082116,0.9582363005957817,0.9749793880127416,0.031154021973405995,0.2894328234669739,-3.2402045698267803,-5.769196499300631
45,U,k96_0.3_flat,4,U,,,0.970706789415702,0.03731003450802706,0.9685167451643957,0.9698888045866462,0.03149671545313198,0.29204150294744147,-3.2804478455155452,-5.768796208158324
46,U,k96_0.3_flat,4,U,,,0.9715452470184845,0.04046983903449776,0.9691934864349505,0.9723311392415254,0.026084191247766994,0.2921863674987984,-3.2435459470571324,-5.764466503391673
47,U,k96_0.3_flat,4,U,,,0.9787775066529851,0.040100320254555316,0.9749779698327298,0.9702548127772704,0.03267545978966444,0.29365501728098525,-3.272780366145582,-5.789107306287886
48,U,k96_0.3_flat,4,U,,,0.9835584637796042,0.0400311753174035,0.9822730748342982,0.9706657159902669,0.03150762437594278,0.2954826493891149,-3.3374736700100742,-5.793724512975818
49,U,k96_0.3_flat,4,U,,,0.9813013921342771,0.04247064877655547,0.9904501837434229,0.9783828942552505,0.030208466904321572,0.2975386368227539,-3.308236733597583,-5.784328705606209
50,U,k96_0.3_flat,4,U,,,0.9785075383745311,0.043660859969957215,0.9765256405077344,0.9766073787147862,0.033153438317727386,0.29402817104381895,-3.3097364926268975,-5.779686630924786
51,U,k96_0.3_flat,4,U,,,0.9805815633847939,0.04311996202255026,0.976737165589255,0.9784502695300284,0.03200273669860539,0.294103274046871,-3.319244774909662,-5.769585530100711
52,U,k96_0.3_flat,4,U,,,0.9785877204126162,0.03765548532556041,0.9911076284996022,0.9755641154282265,0.03312794434657984,0.2977110754920759,-3.3119416780478086,-5.753116412979903
53,U,k96_0.3_flat,4,U,,,0.9727887831906433,0.040665617644196767,0.9820251887390513,0.9734010892536815,0.028145789915238858,0.2954203650023825,-3.297869216386721,-5.743151352487528
54,U,k96_0.3_flat,4,U,,,0.9694502229812744,0.035570267198795164,0.9910969435124385,0.9732496114667337,0.03228224092757535,0.2977094901188022,-3.249173251624179,-5.728823274213838
55,U,k96_0.3_flat,4,U,,,0.9667875700750557,0.03363455130267818,0.9979074393876236,0.9701191968122843,0.031830295580457496,0.299425454169488,-3.2436738357662094,-5.708332788430582
56,U,k96_0.3_flat,4,U,,,0.9672710174448992,0.0329379243340474,0.994774103910734,0.9681991238026306,0.031129266518507667,0.29863289838008816,-3.2347196599479684,-5.724432115250624
57,U,k96_0.3_flat,4,U,,,0.9710713767365483,0.03696790900111141,0.9888817470423745,0.9688876640197183,0.034613069187983896,0.29714927320669327,-3.242351424860892,-5.729752236593016
58,U,k96_0.3_flat,4,U,,,0.9720474325901879,0.03606542515051229,0.9802694187520994,0.9766683087632513,0.02763813292782339,0.29496616370743894,-3.232718446810835,-5.721628715261165
59,U,k96_0.3_flat,4,U,,,0.971943756604957,0.03415852864683471,0.9744196311614208,0.97287941790066,0.031276496568797815,0.2934948388781255,-3.2373897902603974,-5.733761799460147
60,U,k96_0.3_flat,4,U,,,0.9742400011249966,0.0349481579980064,0.9787618227456998,0.9758855715551493,0.02967522851023396,0.29460863325965003,-3.228360857312433,-5.727267885901047
